caseyear,state,st_case,statename,ve_total,ve_forms,pvh_invl,peds,pernotmvit,permvit,persons,county,countyname,city,cityname,day,dayname,month,monthname,year,day_week,day_weekname,hour,hourname,minute,minutename,nhs,nhsname,rur_urb,rur_urbname,func_sys,func_sysname,rd_owner,rd_ownername,route,routename,tway_id,tway_id2,milept,mileptname,latitude,latitudename,longitud,longitudname,sp_jur,sp_jurname,harm_ev,harm_evname,man_coll,man_collname,reljct1,reljct1name,reljct2,reljct2name,typ_int,typ_intname,wrk_zone,wrk_zonename,road_fnc,road_fncname,rel_road,rel_roadname,lgt_cond,lgt_condname,weather1,weather1name,weather2,weather2name,weather,weathername,sch_bus,sch_busname,rail,railname,not_hour,not_hourname,not_min,not_minname,arr_hour,arr_hourname,arr_min,arr_minname,hosp_hr,hosp_hrname,hosp_mn,hosp_mnname,cf1,cf1name,cf2,cf2name,cf3,cf3name,fatals,drunk_dr
2018,25,250253,Massachusetts,2,2,0,0,0,4,4,27,WORCESTER (27),1520,WORCESTER,22,22,9,September,2018,7,Saturday,2,2:00am-2:59am,30,30,1,This section IS ON the NHS,2,Urban,1,Interstate,1,State Highway Agency,1,Interstate,I-290,,96,96,42.27178333,42.27178333,-71.794266670,-71.794266670,0,No Special Jurisdiction,12,Motor Vehicle In-Transport,1,Front-to-Rear,0,No,1,Non-Junction,1,Not an Intersection,0,None,,,1,On Roadway,3,Dark - Lighted,10,Cloudy,2,Rain,2,Rain,0,No,0000000,Not Applicable,2,2:00am-2:59am,31,31,2,2:00am-2:59am,40,40,2,2:00am-2:59am,57,57,0,None,0,None,0,None,1,1
2018,25,250254,Massachusetts,1,1,0,0,0,2,2,9,ESSEX (9),1298,TOPSFIELD,16,16,9,September,2018,1,Sunday,16,4:00pm-4:59pm,44,44,0,This section IS NOT on the NHS,2,Urban,4,Minor Arterial,3,Town or Township Highway Agency,8,Other,IPSWICH RD,WILLOWDALE RD,99998,Not Reported,42.65662222,42.65662222,-70.914122220,-70.914122220,0,No Special Jurisdiction,42,Tree (Standing Only),0,Not a Collision with Motor Vehicle In-Transport,0,No,98,Not Reported,98,Not Reported,0,None,,,5,Outside Trafficway,1,Daylight,1,Clear,0,No Additional Atmospheric Conditions,1,Clear,0,No,0000000,Not Applicable,16,4:00pm-4:59pm,46,46,16,4:00pm-4:59pm,55,55,17,5:00pm-5:59pm,19,19,0,None,0,None,0,None,1,0
2018,25,250255,Massachusetts,2,1,1,1,1,1,1,3,BERKSHIRE (3),10,ADAMS,29,29,9,September,2018,7,Saturday,1,1:00am-1:59am,25,25,0,This section IS NOT on the NHS,2,Urban,5,Major Collector,3,Town or Township Highway Agency,8,Other,HOOSAC ST,,99998,Not Reported,42.62567778,42.62567778,-73.114333330,-73.114333330,0,No Special Jurisdiction,14,Parked Motor Vehicle,0,Not a Collision with Motor Vehicle In-Transport,0,No,1,Non-Junction,1,Not an Intersection,0,None,,,4,On Roadside,3,Dark - Lighted,10,Cloudy,0,No Additional Atmospheric Conditions,10,Cloudy,0,No,0000000,Not Applicable,1,1:00am-1:59am,27,27,1,1:00am-1:59am,33,33,2,2:00am-2:59am,8,8,0,None,0,None,0,None,1,0
2018,25,250256,Massachusetts,2,2,0,0,0,2,2,23,PLYMOUTH (23),560,KINGSTON,29,29,9,September,2018,7,Saturday,4,4:00am-4:59am,3,3,0,This section IS NOT on the NHS,2,Urban,4,Minor Arterial,1,State Highway Agency,3,State Highway,SR-3,,162,162,41.99427778,41.99427778,-70.732644440,-70.732644440,0,No Special Jurisdiction,26,Other Traffic Barrier,0,Not a Collision with Motor Vehicle In-Transport,0,No,1,Non-Junction,1,Not an Intersection,0,None,,,3,On Median,2,Dark - Not Lighted,1,Clear,0,No Additional Atmospheric Conditions,1,Clear,0,No,0000000,Not Applicable,4,4:00am-4:59am,6,6,4,4:00am-4:59am,15,15,4,4:00am-4:59am,44,44,14,"Motor Vehicle struck by falling cargo,or something that came loose from or something that was set in motion by a vehicle",0,None,0,None,1,0
2018,25,250257,Massachusetts,2,2,0,0,0,2,2,1,BARNSTABLE (1),469,HARWICH,30,30,9,September,2018,1,Sunday,9,9:00am-9:59am,56,56,1,This section IS ON the NHS,2,Urban,3,Principal Arterial - Other,3,Town or Township Highway Agency,3,State Highway,SR-137,,99998,Not Reported,41.71794444,41.71794444,-70.032213890,-70.032213890,0,No Special Jurisdiction,12,Motor Vehicle In-Transport,6,Angle,0,No,8,Driveway Access Related,1,Not an Intersection,0,None,,,1,On Roadway,1,Daylight,1,Clear,0,No Additional Atmospheric Conditions,1,Clear,0,No,0000000,Not Applicable,9,9:00am-9:59am,57,57,10,10:00am-10:59am,8,8,10,10:00am-10:59am,34,34,0,None,0,None,0,None,1,0
2018,25,250258,Massachusetts,2,2,0,0,0,4,4,9,ESSEX (9),470,HAVERHILL,24,24,9,September,2018,2,Monday,20,8:00pm-8:59pm,57,57,0,This section IS NOT on the NHS,2,Urban,7,Local,4,City or Municipal Highway Agency,8,Other,CRYSTAL ST,LIBERTY ST,99998,Not Reported,42.80024167,42.80024167,-71.162161110,-71.162161110,0,No Special Jurisdiction,12,Motor Vehicle In-Transport,6,Angle,0,No,2,Intersection,2,Four-Way Intersection,0,None,,,1,On Roadway,3,Dark - Lighted,1,Clear,0,No Additional Atmospheric Conditions,1,Clear,0,No,0000000,Not Applicable,20,8:00pm-8:59pm,58,58,21,9:00pm-9:59pm,7,7,21,9:00pm-9:59pm,39,39,0,None,0,None,0,None,1,0
2018,25,250259,Massachusetts,2,2,0,0,0,2,2,23,PLYMOUTH (23),685,MARSHFIELD,4,4,9,September,2018,3,Tuesday,12,12:00pm-12:59pm,4,4,0,This section IS NOT on the NHS,2,Urban,5,Major Collector,3,Town or Township Highway Agency,8,Other,FOREST ST,PINE ST,99998,Not Reported,42.13100833,42.13100833,-70.748969440,-70.748969440,0,No Special Jurisdiction,12,Motor Vehicle In-Transport,6,Angle,0,No,2,Intersection,2,Four-Way Intersection,0,None,,,1,On Roadway,1,Daylight,1,Clear,0,No Additional Atmospheric Conditions,1,Clear,0,No,0000000,Not Applicable,12,12:00pm-12:59pm,6,6,12,12:00pm-12:59pm,11,11,12,12:00pm-12:59pm,44,44,0,None,0,None,0,None,1,0
2018,25,250260,Massachusetts,1,1,0,0,0,2,2,15,HAMPSHIRE (15),538,HUNTINGTON,23,23,9,September,2018,1,Sunday,13,1:00pm-1:59pm,44,44,0,This section IS NOT on the NHS,1,Rural,7,Local,3,Town or Township Highway Agency,8,Other,SAMPSON RD,,99998,Not Reported,42.26377222,42.26377222,-72.830227780,-72.830227780,0,No Special Jurisdiction,42,Tree (Standing Only),0,Not a Collision with Motor Vehicle In-Transport,0,No,1,Non-Junction,1,Not an Intersection,0,None,,,5,Outside Trafficway,8,Not Reported,98,Not Reported,0,No Additional Atmospheric Conditions,98,Not Reported,0,No,0000000,Not Applicable,13,1:00pm-1:59pm,45,45,13,1:00pm-1:59pm,51,51,14,2:00pm-2:59pm,30,30,0,None,0,None,0,None,1,0
2018,25,250262,Massachusetts,1,1,0,1,1,1,1,17,MIDDLESEX (17),170,CAMBRIDGE,5,5,10,October,2018,6,Friday,18,6:00pm-6:59pm,48,48,0,This section IS NOT on the NHS,2,Urban,4,Minor Arterial,4,City or Municipal Highway Agency,8,Other,PUTNAM AVE,MAGAZINE ST,99998,Not Reported,42.35988611,42.35988611,-71.111419440,-71.111419440,0,No Special Jurisdiction,8,Pedestrian,0,Not a Collision with Motor Vehicle In-Transport,0,No,2,Intersection,2,Four-Way Intersection,0,None,,,1,On Roadway,3,Dark - Lighted,1,Clear,0,No Additional Atmospheric Conditions,1,Clear,0,No,0000000,Not Applicable,18,6:00pm-6:59pm,50,50,19,7:00pm-7:59pm,1,1,88,Not Applicable (Not Transported),88,Not Applicable (Not Transported),0,None,0,None,0,None,1,0
2018,25,250263,Massachusetts,1,1,0,0,0,1,1,17,MIDDLESEX (17),375,FRAMINGHAM,7,7,10,October,2018,1,Sunday,6,6:00am-6:59am,44,44,1,This section IS ON the NHS,2,Urban,2,Principal Arterial - Other Freeways and Expressways,4,City or Municipal Highway Agency,3,State Highway,SR-135 WAVERLY ST,WINTHROP ST,99998,Not Reported,42.27245278,42.27245278,-71.429850000,-71.429850000,0,No Special Jurisdiction,33,Curb,0,Not a Collision with Motor Vehicle In-Transport,0,No,3,Intersection-Related,2,Four-Way Intersection,0,None,,,4,On Roadside,1,Daylight,1,Clear,0,No Additional Atmospheric Conditions,1,Clear,0,No,0000000,Not Applicable,6,6:00am-6:59am,49,49,6,6:00am-6:59am,57,57,88,Not Applicable (Not Transported),88,Not Applicable (Not Transported),0,None,0,None,0,None,1,1
2018,25,250264,Massachusetts,1,1,0,0,0,1,1,5,BRISTOL (5),924,NORTON,21,21,10,October,2018,1,Sunday,1,1:00am-1:59am,15,15,0,This section IS NOT on the NHS,2,Urban,7,Local,4,City or Municipal Highway Agency,8,Other,MAPLE ST,,99998,Not Reported,41.93363056,41.93363056,-71.222769440,-71.222769440,0,No Special Jurisdiction,42,Tree (Standing Only),0,Not a Collision with Motor Vehicle In-Transport,0,No,1,Non-Junction,1,Not an Intersection,0,None,,,5,Outside Trafficway,2,Dark - Not Lighted,1,Clear,0,No Additional Atmospheric Conditions,1,Clear,0,No,0000000,Not Applicable,1,1:00am-1:59am,15,15,1,1:00am-1:59am,23,23,88,Not Applicable (Not Transported),88,Not Applicable (Not Transported),0,None,0,None,0,None,1,1
2018,25,250265,Massachusetts,1,1,0,0,0,1,1,27,WORCESTER (27),855,NEW BRAINTREE,17,17,10,October,2018,4,Wednesday,10,10:00am-10:59am,12,12,0,This section IS NOT on the NHS,1,Rural,4,Minor Arterial,4,City or Municipal Highway Agency,8,Other,GILBERTVILLE RD,,99998,Not Reported,42.30233611,42.30233611,-72.184052780,-72.184052780,0,No Special Jurisdiction,24,Guardrail Face,0,Not a Collision with Motor Vehicle In-Transport,0,No,1,Non-Junction,1,Not an Intersection,0,None,,,2,On Shoulder,1,Daylight,1,Clear,0,No Additional Atmospheric Conditions,1,Clear,0,No,0000000,Not Applicable,10,10:00am-10:59am,13,13,10,10:00am-10:59am,27,27,99,Unknown,99,Unknown EMS Hospital Arrival Time,0,None,0,None,0,None,1,0
2018,25,250266,Massachusetts,1,1,0,0,0,1,1,27,WORCESTER (27),1278,STURBRIDGE,31,31,10,October,2018,4,Wednesday,11,11:00am-11:59am,39,39,0,This section IS NOT on the NHS,2,Urban,5,Major Collector,4,City or Municipal Highway Agency,8,Other,FISKE HILL RD,,99998,Not Reported,77.77770000,Not Reported,777.777700000,Not Reported,0,No Special Jurisdiction,42,Tree (Standing Only),0,Not a Collision with Motor Vehicle In-Transport,0,No,1,Non-Junction,1,Not an Intersection,0,None,,,4,On Roadside,1,Daylight,1,Clear,0,No Additional Atmospheric Conditions,1,Clear,0,No,0000000,Not Applicable,11,11:00am-11:59am,40,40,11,11:00am-11:59am,47,47,12,12:00pm-12:59pm,5,5,0,None,0,None,0,None,1,0
2018,25,250267,Massachusetts,1,1,0,1,1,1,1,9,ESSEX (9),1092,ROWLEY,22,22,10,October,2018,2,Monday,22,10:00pm-10:59pm,54,54,1,This section IS ON the NHS,2,Urban,3,Principal Arterial - Other,4,City or Municipal Highway Agency,3,State Highway,SR-133 HAVERHILL RD,,99998,Not Reported,42.70498611,42.70498611,-70.950761110,-70.950761110,0,No Special Jurisdiction,8,Pedestrian,0,Not a Collision with Motor Vehicle In-Transport,0,No,1,Non-Junction,1,Not an Intersection,0,None,,,1,On Roadway,3,Dark - Lighted,1,Clear,0,No Additional Atmospheric Conditions,1,Clear,0,No,0000000,Not Applicable,22,10:00pm-10:59pm,54,54,23,11:00pm-11:59pm,12,12,23,11:00pm-11:59pm,29,29,0,None,0,None,0,None,1,0
2018,25,250268,Massachusetts,1,1,0,1,1,1,1,11,FRANKLIN (11),450,GREENFIELD,22,22,10,October,2018,2,Monday,19,7:00pm-7:59pm,15,15,0,This section IS NOT on the NHS,2,Urban,7,Local,4,City or Municipal Highway Agency,8,Other,ELM ST,OAK CT,99998,Not Reported,42.60291944,42.60291944,-72.611741670,-72.611741670,0,No Special Jurisdiction,8,Pedestrian,0,Not a Collision with Motor Vehicle In-Transport,0,No,3,Intersection-Related,2,Four-Way Intersection,0,None,,,1,On Roadway,3,Dark - Lighted,1,Clear,0,No Additional Atmospheric Conditions,1,Clear,0,No,0000000,Not Applicable,19,7:00pm-7:59pm,16,16,19,7:00pm-7:59pm,22,22,88,Not Applicable (Not Transported),88,Not Applicable (Not Transported),0,None,0,None,0,None,1,0
2018,25,250269,Massachusetts,1,1,0,0,0,1,1,23,PLYMOUTH (23),677,MARION,13,13,10,October,2018,7,Saturday,18,6:00pm-6:59pm,50,50,1,This section IS ON the NHS,2,Urban,4,Minor Arterial,1,State Highway Agency,2,U.S. Highway,US-6 WAREHAM RD,,99998,Not Reported,41.73580556,41.73580556,-70.749408330,-70.749408330,0,No Special Jurisdiction,33,Curb,0,Not a Collision with Motor Vehicle In-Transport,0,No,8,Driveway Access Related,1,Not an Intersection,0,None,,,4,On Roadside,2,Dark - Not Lighted,1,Clear,0,No Additional Atmospheric Conditions,1,Clear,0,No,0000000,Not Applicable,18,6:00pm-6:59pm,50,50,18,6:00pm-6:59pm,54,54,19,7:00pm-7:59pm,37,37,0,None,0,None,0,None,1,1
2018,25,250270,Massachusetts,2,2,0,0,0,5,5,17,MIDDLESEX (17),680,MARLBOROUGH,4,4,10,October,2018,5,Thursday,20,8:00pm-8:59pm,18,18,1,This section IS ON the NHS,2,Urban,1,Interstate,1,State Highway Agency,1,Interstate,I-290,,188,188,42.35205000,42.35205000,-71.614397220,-71.614397220,0,No Special Jurisdiction,12,Motor Vehicle In-Transport,1,Front-to-Rear,0,No,1,Non-Junction,1,Not an Intersection,0,None,,,1,On Roadway,1,Daylight,1,Clear,0,No Additional Atmospheric Conditions,1,Clear,0,No,0000000,Not Applicable,9,9:00am-9:59am,59,59,10,10:00am-10:59am,7,7,10,10:00am-10:59am,30,30,0,None,0,None,0,None,1,0
2018,25,250271,Massachusetts,2,2,0,0,0,3,3,23,PLYMOUTH (23),1081,ROCHESTER,6,6,10,October,2018,7,Saturday,14,2:00pm-2:59pm,33,33,0,This section IS NOT on the NHS,2,Urban,4,Minor Arterial,4,City or Municipal Highway Agency,3,State Highway,SR-105 BRALEY HILL RD,NORTH AVE,99998,Not Reported,41.78124444,41.78124444,-70.907786110,-70.907786110,0,No Special Jurisdiction,12,Motor Vehicle In-Transport,6,Angle,0,No,2,Intersection,2,Four-Way Intersection,0,None,,,1,On Roadway,1,Daylight,1,Clear,0,No Additional Atmospheric Conditions,1,Clear,0,No,0000000,Not Applicable,14,2:00pm-2:59pm,34,34,14,2:00pm-2:59pm,37,37,16,4:00pm-4:59pm,4,4,0,None,0,None,0,None,1,1
2018,25,250272,Massachusetts,2,2,0,0,0,2,2,17,MIDDLESEX (17),195,CHELMSFORD,8,8,10,October,2018,2,Monday,1,1:00am-1:59am,28,28,1,This section IS ON the NHS,2,Urban,3,Principal Arterial - Other,1,State Highway Agency,2,U.S. Highway,US-3,,99998,Not Reported,77.77770000,Not Reported,777.777700000,Not Reported,0,No Special Jurisdiction,12,Motor Vehicle In-Transport,2,Front-to-Front,0,No,1,Non-Junction,1,Not an Intersection,0,None,,,1,On Roadway,2,Dark - Not Lighted,2,Rain,0,No Additional Atmospheric Conditions,2,Rain,0,No,0000000,Not Applicable,1,1:00am-1:59am,33,33,1,1:00am-1:59am,41,41,99,Unknown,99,Unknown EMS Hospital Arrival Time,0,None,0,None,0,None,2,1
2018,25,250273,Massachusetts,2,2,0,0,0,2,2,13,HAMPDEN (13),990,PALMER,8,8,10,October,2018,2,Monday,17,5:00pm-5:59pm,13,13,1,This section IS ON the NHS,2,Urban,3,Principal Arterial - Other,1,State Highway Agency,2,U.S. Highway,US-20 PARK ST,,99998,Not Reported,42.15350556,42.15350556,-72.320475000,-72.320475000,0,No Special Jurisdiction,12,Motor Vehicle In-Transport,6,Angle,0,No,4,Driveway Access,1,Not an Intersection,0,None,,,1,On Roadway,1,Daylight,10,Cloudy,0,No Additional Atmospheric Conditions,10,Cloudy,0,No,0000000,Not Applicable,17,5:00pm-5:59pm,15,15,17,5:00pm-5:59pm,17,17,17,5:00pm-5:59pm,50,50,0,None,0,None,0,None,1,0
2018,25,250274,Massachusetts,2,2,0,0,0,3,3,25,SUFFOLK (25),120,BOSTON,10,10,10,October,2018,4,Wednesday,18,6:00pm-6:59pm,20,20,0,This section IS NOT on the NHS,2,Urban,4,Minor Arterial,4,City or Municipal Highway Agency,8,Other,NORFOLK ST,NELSON ST,99998,Not Reported,42.28390833,42.28390833,-71.083738890,-71.083738890,0,No Special Jurisdiction,12,Motor Vehicle In-Transport,6,Angle,0,No,3,Intersection-Related,4,Y-Intersection,0,None,,,1,On Roadway,1,Daylight,1,Clear,0,No Additional Atmospheric Conditions,1,Clear,0,No,0000000,Not Applicable,18,6:00pm-6:59pm,20,20,18,6:00pm-6:59pm,27,27,18,6:00pm-6:59pm,46,46,0,None,0,None,0,None,1,0
2018,25,250275,Massachusetts,1,1,0,1,1,1,1,17,MIDDLESEX (17),1375,WATERTOWN,19,19,9,September,2018,4,Wednesday,11,11:00am-11:59am,20,20,1,This section IS ON the NHS,2,Urban,3,Principal Arterial - Other,4,City or Municipal Highway Agency,3,State Highway,SR-16 WATERTOWN ST,,99998,Not Reported,42.36479167,42.36479167,-71.187577780,-71.187577780,0,No Special Jurisdiction,8,Pedestrian,0,Not a Collision with Motor Vehicle In-Transport,0,No,1,Non-Junction,1,Not an Intersection,0,None,,,1,On Roadway,1,Daylight,10,Cloudy,0,No Additional Atmospheric Conditions,10,Cloudy,0,No,0000000,Not Applicable,11,11:00am-11:59am,20,20,11,11:00am-11:59am,25,25,99,Unknown,99,Unknown EMS Hospital Arrival Time,0,None,0,None,0,None,1,0
2018,25,250276,Massachusetts,2,2,0,0,0,2,2,9,ESSEX (9),122,BOXFORD,26,26,10,October,2018,6,Friday,22,10:00pm-10:59pm,12,12,1,This section IS ON the NHS,2,Urban,1,Interstate,1,State Highway Agency,1,Interstate,I-95,,99998,Not Reported,77.77770000,Not Reported,777.777700000,Not Reported,0,No Special Jurisdiction,12,Motor Vehicle In-Transport,2,Front-to-Front,0,No,1,Non-Junction,1,Not an Intersection,0,None,,,1,On Roadway,2,Dark - Not Lighted,1,Clear,0,No Additional Atmospheric Conditions,1,Clear,0,No,0000000,Not Applicable,22,10:00pm-10:59pm,14,14,22,10:00pm-10:59pm,17,17,99,Unknown,99,Unknown EMS Hospital Arrival Time,0,None,0,None,0,None,1,0
2018,25,250277,Massachusetts,2,2,0,0,0,2,2,27,WORCESTER (27),185,CHARLTON,4,4,10,October,2018,5,Thursday,3,3:00am-3:59am,41,41,1,This section IS ON the NHS,2,Urban,1,Interstate,1,State Highway Agency,1,Interstate,I-90,,798,798,42.16518889,42.16518889,-71.942280560,-71.942280560,0,No Special Jurisdiction,12,Motor Vehicle In-Transport,1,Front-to-Rear,0,No,1,Non-Junction,1,Not an Intersection,4,"Work Zone, Type Unknown",,,1,On Roadway,3,Dark - Lighted,1,Clear,0,No Additional Atmospheric Conditions,1,Clear,0,No,0000000,Not Applicable,3,3:00am-3:59am,44,44,3,3:00am-3:59am,53,53,88,Not Applicable (Not Transported),88,Not Applicable (Not Transported),0,None,0,None,0,None,1,0
2018,25,250278,Massachusetts,2,2,0,0,0,2,2,17,MIDDLESEX (17),520,HOPKINTON,31,31,10,October,2018,4,Wednesday,18,6:00pm-6:59pm,30,30,1,This section IS ON the NHS,2,Urban,1,Interstate,1,State Highway Agency,1,Interstate,I-90,,1050,1050,42.24888056,42.24888056,-71.588094440,-71.588094440,0,No Special Jurisdiction,12,Motor Vehicle In-Transport,1,Front-to-Rear,0,No,1,Non-Junction,1,Not an Intersection,0,None,,,1,On Roadway,3,Dark - Lighted,1,Clear,0,No Additional Atmospheric Conditions,1,Clear,0,No,0000000,Not Applicable,18,6:00pm-6:59pm,29,29,18,6:00pm-6:59pm,39,39,88,Not Applicable (Not Transported),88,Not Applicable (Not Transported),26,Backup Due to Prior Non-Recurring Incident,0,None,0,None,1,0
2018,25,250280,Massachusetts,2,2,0,0,0,2,2,17,MIDDLESEX (17),195,CHELMSFORD,16,16,10,October,2018,3,Tuesday,19,7:00pm-7:59pm,22,22,1,This section IS ON the NHS,2,Urban,3,Principal Arterial - Other,1,State Highway Agency,3,State Highway,SR-110 MAIN ST,,99998,Not Reported,42.58730000,42.58730000,-71.422700000,-71.422700000,0,No Special Jurisdiction,12,Motor Vehicle In-Transport,8,Sideswipe - Opposite Direction,0,No,1,Non-Junction,1,Not an Intersection,0,None,,,1,On Roadway,3,Dark - Lighted,1,Clear,0,No Additional Atmospheric Conditions,1,Clear,0,No,0000000,Not Applicable,19,7:00pm-7:59pm,22,22,19,7:00pm-7:59pm,27,27,99,Unknown,99,Unknown EMS Hospital Arrival Time,0,None,0,None,0,None,1,1
2018,25,250281,Massachusetts,1,1,0,0,0,2,2,15,HAMPSHIRE (15),93,BELCHERTOWN,15,15,10,October,2018,2,Monday,12,12:00pm-12:59pm,9,9,1,This section IS ON the NHS,1,Rural,4,Minor Arterial,3,Town or Township Highway Agency,2,U.S. Highway,US-202 STATE ST,,99998,Not Reported,42.26895556,42.26895556,-72.415636110,-72.415636110,0,No Special Jurisdiction,39,Wall,0,Not a Collision with Motor Vehicle In-Transport,0,No,1,Non-Junction,1,Not an Intersection,0,None,,,4,On Roadside,1,Daylight,10,Cloudy,2,Rain,2,Rain,0,No,0000000,Not Applicable,12,12:00pm-12:59pm,9,9,12,12:00pm-12:59pm,14,14,99,Unknown,99,Unknown EMS Hospital Arrival Time,0,None,0,None,0,None,2,0
2018,25,250282,Massachusetts,1,1,0,0,0,1,1,1,BARNSTABLE (1),330,FALMOUTH,2,2,11,November,2018,6,Friday,8,8:00am-8:59am,39,39,0,This section IS NOT on the NHS,2,Urban,7,Local,98,Not Reported,8,Other,THOMAS B LANDERS RD,,99998,Not Reported,41.61138611,41.61138611,-70.584272220,-70.584272220,0,No Special Jurisdiction,42,Tree (Standing Only),0,Not a Collision with Motor Vehicle In-Transport,0,No,1,Non-Junction,1,Not an Intersection,0,None,,,5,Outside Trafficway,1,Daylight,10,Cloudy,0,No Additional Atmospheric Conditions,10,Cloudy,0,No,0000000,Not Applicable,8,8:00am-8:59am,43,43,8,8:00am-8:59am,49,49,9,9:00am-9:59am,15,15,0,None,0,None,0,None,1,0
2018,25,250283,Massachusetts,1,1,0,0,0,1,1,1,BARNSTABLE (1),259,DENNIS,6,6,11,November,2018,3,Tuesday,20,8:00pm-8:59pm,34,34,1,This section IS ON the NHS,2,Urban,3,Principal Arterial - Other,1,State Highway Agency,3,State Highway,SR-28 MAIN ST,,99998,Not Reported,41.66694444,41.66694444,-70.163500000,-70.163500000,0,No Special Jurisdiction,42,Tree (Standing Only),0,Not a Collision with Motor Vehicle In-Transport,0,No,1,Non-Junction,1,Not an Intersection,0,None,,,5,Outside Trafficway,3,Dark - Lighted,2,Rain,0,No Additional Atmospheric Conditions,2,Rain,0,No,0000000,Not Applicable,20,8:00pm-8:59pm,34,34,20,8:00pm-8:59pm,36,36,21,9:00pm-9:59pm,11,11,0,None,0,None,0,None,1,1
2018,25,250284,Massachusetts,1,1,0,1,1,1,1,11,FRANKLIN (11),829,MONTAGUE,6,6,11,November,2018,3,Tuesday,7,7:00am-7:59am,40,40,0,This section IS NOT on the NHS,2,Urban,4,Minor Arterial,3,Town or Township Highway Agency,8,Other,72 MILLERS FALLS RD,,99998,Not Reported,42.59514722,42.59514722,-72.548808330,-72.548808330,0,No Special Jurisdiction,8,Pedestrian,0,Not a Collision with Motor Vehicle In-Transport,0,No,1,Non-Junction,1,Not an Intersection,0,None,,,1,On Roadway,1,Daylight,2,Rain,10,Cloudy,2,Rain,0,No,0000000,Not Applicable,7,7:00am-7:59am,42,42,7,7:00am-7:59am,52,52,8,8:00am-8:59am,11,11,0,None,0,None,0,None,1,0
2018,25,250285,Massachusetts,1,1,0,0,0,1,1,21,NORFOLK (21),1336,WALPOLE,13,13,7,July,2018,6,Friday,22,10:00pm-10:59pm,44,44,0,This section IS NOT on the NHS,2,Urban,5,Major Collector,3,Town or Township Highway Agency,8,Other,HIGH ST,HOMEWARD LN,99998,Not Reported,42.17673611,42.17673611,-71.268625000,-71.268625000,0,No Special Jurisdiction,17,Boulder,0,Not a Collision with Motor Vehicle In-Transport,0,No,1,Non-Junction,1,Not an Intersection,0,None,,,4,On Roadside,3,Dark - Lighted,1,Clear,0,No Additional Atmospheric Conditions,1,Clear,0,No,0000000,Not Applicable,22,10:00pm-10:59pm,46,46,22,10:00pm-10:59pm,50,50,23,11:00pm-11:59pm,23,23,0,None,0,None,0,None,1,1
2018,25,250286,Massachusetts,1,1,0,1,1,1,1,25,SUFFOLK (25),120,BOSTON,7,7,11,November,2018,4,Wednesday,7,7:00am-7:59am,6,6,0,This section IS NOT on the NHS,2,Urban,7,Local,4,City or Municipal Highway Agency,8,Other,WASHINGTON ST,STIMSON ST,99998,Not Reported,42.26053611,42.26053611,-71.158905560,-71.158905560,0,No Special Jurisdiction,33,Curb,0,Not a Collision with Motor Vehicle In-Transport,0,No,3,Intersection-Related,2,Four-Way Intersection,0,None,,,4,On Roadside,1,Daylight,1,Clear,0,No Additional Atmospheric Conditions,1,Clear,0,No,0000000,Not Applicable,7,7:00am-7:59am,6,6,7,7:00am-7:59am,10,10,88,Not Applicable (Not Transported),88,Not Applicable (Not Transported),0,None,0,None,0,None,1,0
2018,25,250287,Massachusetts,1,1,0,0,0,1,1,17,MIDDLESEX (17),105,BILLERICA,9,9,11,November,2018,6,Friday,1,1:00am-1:59am,4,4,0,This section IS NOT on the NHS,2,Urban,5,Major Collector,3,Town or Township Highway Agency,8,Other,BICKNELL RD,,99998,Not Reported,42.53597778,42.53597778,-71.213597220,-71.213597220,0,No Special Jurisdiction,17,Boulder,0,Not a Collision with Motor Vehicle In-Transport,0,No,1,Non-Junction,1,Not an Intersection,0,None,,,4,On Roadside,2,Dark - Not Lighted,10,Cloudy,0,No Additional Atmospheric Conditions,10,Cloudy,0,No,0000000,Not Applicable,0,0:00am-0:59am,32,32,0,0:00am-0:59am,42,42,1,1:00am-1:59am,1,1,0,None,0,None,0,None,1,1
2018,25,250288,Massachusetts,1,1,0,1,1,1,1,17,MIDDLESEX (17),170,CAMBRIDGE,9,9,11,November,2018,6,Friday,8,8:00am-8:59am,12,12,1,This section IS ON the NHS,2,Urban,3,Principal Arterial - Other,1,State Highway Agency,3,State Highway,SR-28 MONSIGNOR OBRIEN HIGH W,MUSEUM WAY,99998,Not Reported,42.36952500,42.36952500,-71.072561110,-71.072561110,0,No Special Jurisdiction,9,Pedalcyclist,0,Not a Collision with Motor Vehicle In-Transport,0,No,2,Intersection,3,T-Intersection,0,None,,,1,On Roadway,1,Daylight,98,Not Reported,0,No Additional Atmospheric Conditions,98,Not Reported,0,No,0000000,Not Applicable,8,8:00am-8:59am,11,11,8,8:00am-8:59am,21,21,8,8:00am-8:59am,38,38,0,None,0,None,0,None,1,0