caseyear,state,st_case,statename,ve_total,ve_forms,pvh_invl,peds,pernotmvit,permvit,persons,county,countyname,city,cityname,day,dayname,month,monthname,year,day_week,day_weekname,hour,hourname,minute,minutename,nhs,nhsname,rur_urb,rur_urbname,func_sys,func_sysname,rd_owner,rd_ownername,route,routename,tway_id,tway_id2,milept,mileptname,latitude,latitudename,longitud,longitudname,sp_jur,sp_jurname,harm_ev,harm_evname,man_coll,man_collname,reljct1,reljct1name,reljct2,reljct2name,typ_int,typ_intname,wrk_zone,wrk_zonename,road_fnc,road_fncname,rel_road,rel_roadname,lgt_cond,lgt_condname,weather1,weather1name,weather2,weather2name,weather,weathername,sch_bus,sch_busname,rail,railname,not_hour,not_hourname,not_min,not_minname,arr_hour,arr_hourname,arr_min,arr_minname,hosp_hr,hosp_hrname,hosp_mn,hosp_mnname,cf1,cf1name,cf2,cf2name,cf3,cf3name,fatals,drunk_dr
2020,25,250095,Massachusetts,1,1,0,0,0,2,2,11,FRANKLIN (11),1372,WARWICK,2,2,5,May,2020,7,Saturday,16,4:00pm-4:59pm,19,19,0,This section IS NOT on the NHS,1,Rural,5,Major Collector,3,Town or Township Highway Agency,8,Other,NORTHFIELD RD,,99998,Not Reported,42.70080556,42.70080556,-72.389722220,-72.389722220,0,No Special Jurisdiction,24,Guardrail Face,0,The First Harmful Event was Not a Collision with a Motor Vehicle in Transport,0,No,1,Non-Junction,1,Not an Intersection,0,None,,,4,On Roadside,1,Daylight,,,,,1,Clear,0,No,0000000,Not Applicable,16,4:00pm-4:59pm,15,15,16,4:00pm-4:59pm,37,37,17,5:00pm-5:59pm,14,14,,,,,,,1,0
2020,25,250096,Massachusetts,1,1,0,1,1,3,3,17,MIDDLESEX (17),37,ARLINGTON,5,5,5,May,2020,3,Tuesday,18,6:00pm-6:59pm,30,30,0,This section IS NOT on the NHS,2,Urban,5,Major Collector,3,Town or Township Highway Agency,8,Other,APPLETON ST,MASSACHUSETTS AVE,99998,Not Reported,42.42359167,42.42359167,-71.176036110,-71.176036110,0,No Special Jurisdiction,9,Pedalcyclist,0,The First Harmful Event was Not a Collision with a Motor Vehicle in Transport,0,No,2,Intersection,2,Four-Way Intersection,0,None,,,1,On Roadway,1,Daylight,,,,,1,Clear,0,No,0000000,Not Applicable,18,6:00pm-6:59pm,33,33,18,6:00pm-6:59pm,38,38,18,6:00pm-6:59pm,58,58,,,,,,,1,0
2020,25,250097,Massachusetts,1,1,0,0,0,4,4,5,BRISTOL (5),320,FALL RIVER,19,19,5,May,2020,3,Tuesday,12,12:00pm-12:59pm,20,20,1,This section IS ON the NHS,2,Urban,4,Minor Arterial,4,City or Municipal Highway Agency,8,Other,SECOND ST,,99998,Not Reported,41.69667222,41.69667222,-71.158366670,-71.158366670,0,No Special Jurisdiction,33,Curb,0,The First Harmful Event was Not a Collision with a Motor Vehicle in Transport,0,No,1,Non-Junction,1,Not an Intersection,4,"Work Zone, Type Unknown",,,4,On Roadside,1,Daylight,,,,,1,Clear,0,No,0000000,Not Applicable,12,12:00pm-12:59pm,27,27,12,12:00pm-12:59pm,29,29,88,"Not Applicable (Not Transported) ",88,Not Applicable (Not Transported),,,,,,,2,0
2020,25,250098,Massachusetts,2,1,1,0,0,1,1,9,ESSEX (9),470,HAVERHILL,29,29,5,May,2020,6,Friday,22,10:00pm-10:59pm,41,41,0,This section IS NOT on the NHS,2,Urban,4,Minor Arterial,1,State Highway Agency,3,State Highway,SR-97 BROADWAY,,99998,Not Reported,42.78756389,42.78756389,-71.171722220,-71.171722220,0,No Special Jurisdiction,17,Boulder,0,The First Harmful Event was Not a Collision with a Motor Vehicle in Transport,0,No,1,Non-Junction,1,Not an Intersection,0,None,,,4,On Roadside,3,Dark - Lighted,,,,,1,Clear,0,No,0000000,Not Applicable,22,10:00pm-10:59pm,43,43,22,10:00pm-10:59pm,50,50,88,"Not Applicable (Not Transported) ",88,Not Applicable (Not Transported),,,,,,,1,1
2020,25,250099,Massachusetts,1,1,0,0,0,1,1,17,MIDDLESEX (17),105,EAST BILLERICA,12,12,5,May,2020,3,Tuesday,23,11:00pm-11:59pm,9,9,0,This section IS NOT on the NHS,2,Urban,7,Local,3,Town or Township Highway Agency,8,Other,BILLERICA AVE,,99998,Not Reported,42.59627500,42.59627500,-71.281097220,-71.281097220,0,No Special Jurisdiction,30,Utility Pole/Light Support,0,The First Harmful Event was Not a Collision with a Motor Vehicle in Transport,0,No,1,Non-Junction,1,Not an Intersection,0,None,,,4,On Roadside,6,Dark - Unknown Lighting,,,,,1,Clear,0,No,0000000,Not Applicable,23,11:00pm-11:59pm,10,10,23,11:00pm-11:59pm,17,17,23,11:00pm-11:59pm,43,43,,,,,,,1,0
2020,25,250100,Massachusetts,2,1,1,0,0,1,1,17,MIDDLESEX (17),630,LOWELL,25,25,5,May,2020,2,Monday,21,9:00pm-9:59pm,15,15,0,This section IS NOT on the NHS,2,Urban,4,Minor Arterial,4,City or Municipal Highway Agency,8,Other,LAKEVIEW AVE,,99998,Not Reported,42.66137222,42.66137222,-71.317644440,-71.317644440,0,No Special Jurisdiction,30,Utility Pole/Light Support,0,The First Harmful Event was Not a Collision with a Motor Vehicle in Transport,0,No,1,Non-Junction,1,Not an Intersection,0,None,,,4,On Roadside,3,Dark - Lighted,,,,,1,Clear,0,No,0000000,Not Applicable,21,9:00pm-9:59pm,16,16,21,9:00pm-9:59pm,20,20,88,"Not Applicable (Not Transported) ",88,Not Applicable (Not Transported),,,,,,,1,1
2020,25,250101,Massachusetts,1,1,0,2,2,1,1,17,MIDDLESEX (17),630,LOWELL,21,21,5,May,2020,5,Thursday,18,6:00pm-6:59pm,30,30,1,This section IS ON the NHS,2,Urban,4,Minor Arterial,1,State Highway Agency,3,State Highway,SR-113 PAWTUCKET BLVD,,99998,Not Reported,42.64246111,42.64246111,-71.375052780,-71.375052780,0,No Special Jurisdiction,33,Curb,0,The First Harmful Event was Not a Collision with a Motor Vehicle in Transport,0,No,1,Non-Junction,1,Not an Intersection,0,None,,,4,On Roadside,1,Daylight,,,,,1,Clear,0,No,0000000,Not Applicable,18,6:00pm-6:59pm,38,38,18,6:00pm-6:59pm,43,43,18,6:00pm-6:59pm,55,55,,,,,,,2,0
2020,25,250102,Massachusetts,2,2,0,0,0,3,3,13,HAMPDEN (13),210,CHICOPEE,27,27,3,March,2020,6,Friday,15,3:00pm-3:59pm,11,11,1,This section IS ON the NHS,2,Urban,3,Principal Arterial - Other,1,State Highway Agency,3,State Highway,SR-38 MEMORIAL DR,BRITTON DR,99998,Not Reported,42.20805000,42.20805000,-72.571219440,-72.571219440,0,No Special Jurisdiction,12,Motor Vehicle In-Transport,6,Angle,0,No,2,Intersection,2,Four-Way Intersection,0,None,,,1,On Roadway,1,Daylight,,,,,1,Clear,0,No,0000000,Not Applicable,15,3:00pm-3:59pm,11,11,15,3:00pm-3:59pm,21,21,88,"Not Applicable (Not Transported) ",88,Not Applicable (Not Transported),,,,,,,1,0
2020,25,250103,Massachusetts,2,2,0,0,0,2,2,27,WORCESTER (27),785,MILLBURY,13,13,5,May,2020,4,Wednesday,9,9:00am-9:59am,20,20,1,This section IS ON the NHS,2,Urban,1,Interstate,1,State Highway Agency,1,Interstate,I-90 E EXIT 10A,,99998,Not Reported,42.20840278,42.20840278,-71.788180560,-71.788180560,0,No Special Jurisdiction,1,Rollover/Overturn,0,The First Harmful Event was Not a Collision with a Motor Vehicle in Transport,1,Yes,5,Entrance/Exit Ramp Related,1,Not an Intersection,0,None,,,1,On Roadway,1,Daylight,,,,,1,Clear,0,No,0000000,Not Applicable,9,9:00am-9:59am,23,23,9,9:00am-9:59am,31,31,88,"Not Applicable (Not Transported) ",88,Not Applicable (Not Transported),,,,,,,1,0
2020,25,250104,Massachusetts,2,2,0,0,0,3,3,1,BARNSTABLE (1),259,DENNIS,17,17,5,May,2020,1,Sunday,15,3:00pm-3:59pm,58,58,1,This section IS ON the NHS,2,Urban,3,Principal Arterial - Other,1,State Highway Agency,3,State Highway,SR-28,,99998,Not Reported,41.66441944,41.66441944,-70.177766670,-70.177766670,0,No Special Jurisdiction,1,Rollover/Overturn,0,The First Harmful Event was Not a Collision with a Motor Vehicle in Transport,0,No,1,Non-Junction,1,Not an Intersection,0,None,,,1,On Roadway,1,Daylight,,,,,1,Clear,0,No,0000000,Not Applicable,16,4:00pm-4:59pm,0,0,16,4:00pm-4:59pm,3,3,88,"Not Applicable (Not Transported) ",88,Not Applicable (Not Transported),,,,,,,1,0
2020,25,250105,Massachusetts,2,2,0,0,0,3,3,13,HAMPDEN (13),1446,WEST SPRINGFIELD,13,13,5,May,2020,4,Wednesday,16,4:00pm-4:59pm,18,18,1,This section IS ON the NHS,2,Urban,3,Principal Arterial - Other,1,State Highway Agency,2,U.S. Highway,US-5 RIVERDALE ST,,99998,Not Reported,42.11916667,42.11916667,-72.625477780,-72.625477780,0,No Special Jurisdiction,12,Motor Vehicle In-Transport,1,Front-to-Rear,0,No,8,Driveway Access Related,1,Not an Intersection,0,None,,,1,On Roadway,1,Daylight,,,,,1,Clear,0,No,0000000,Not Applicable,16,4:00pm-4:59pm,19,19,16,4:00pm-4:59pm,23,23,16,4:00pm-4:59pm,40,40,,,,,,,1,1
2020,25,250106,Massachusetts,1,1,0,0,0,4,4,13,HAMPDEN (13),1270,SPRINGFIELD,7,7,5,May,2020,5,Thursday,4,4:00am-4:59am,42,42,0,This section IS NOT on the NHS,2,Urban,4,Minor Arterial,4,City or Municipal Highway Agency,8,Other,SPRINGFIELD ST,,99998,Not Reported,42.12680833,42.12680833,-72.600813890,-72.600813890,0,No Special Jurisdiction,42,Tree (Standing Only),0,The First Harmful Event was Not a Collision with a Motor Vehicle in Transport,0,No,1,Non-Junction,1,Not an Intersection,0,None,,,5,Outside Trafficway,3,Dark - Lighted,,,,,1,Clear,0,No,0000000,Not Applicable,4,4:00am-4:59am,53,53,4,4:00am-4:59am,48,48,88,"Not Applicable (Not Transported) ",88,Not Applicable (Not Transported),,,,,,,1,1
2020,25,250107,Massachusetts,1,1,0,0,0,2,2,5,BRISTOL (5),895,NORTH ATTLEBORO,10,10,5,May,2020,1,Sunday,20,8:00pm-8:59pm,4,4,0,This section IS NOT on the NHS,2,Urban,4,Minor Arterial,3,Town or Township Highway Agency,8,Other,S WASHINGTON ST,,99998,Not Reported,41.97131667,41.97131667,-71.337344440,-71.337344440,0,No Special Jurisdiction,33,Curb,0,The First Harmful Event was Not a Collision with a Motor Vehicle in Transport,0,No,1,Non-Junction,1,Not an Intersection,0,None,,,4,On Roadside,5,Dusk,,,,,1,Clear,0,No,0000000,Not Applicable,20,8:00pm-8:59pm,6,6,20,8:00pm-8:59pm,7,7,20,8:00pm-8:59pm,35,35,,,,,,,1,0
2020,25,250108,Massachusetts,2,2,0,0,0,3,3,15,HAMPSHIRE (15),30,AMHERST,2,2,6,June,2020,3,Tuesday,19,7:00pm-7:59pm,42,42,1,This section IS ON the NHS,2,Urban,3,Principal Arterial - Other,4,City or Municipal Highway Agency,3,State Highway,SR-116 WEST ST,,99998,Not Reported,42.32561389,42.32561389,-72.524441670,-72.524441670,0,No Special Jurisdiction,12,Motor Vehicle In-Transport,2,Front-to-Front,0,No,1,Non-Junction,1,Not an Intersection,0,None,,,1,On Roadway,5,Dusk,,,,,10,Cloudy,0,No,0000000,Not Applicable,19,7:00pm-7:59pm,44,44,19,7:00pm-7:59pm,49,49,88,"Not Applicable (Not Transported) ",88,Not Applicable (Not Transported),,,,,,,2,1
2020,25,250109,Massachusetts,2,2,0,0,0,2,2,9,ESSEX (9),765,METHUEN,6,6,6,June,2020,7,Saturday,6,6:00am-6:59am,26,26,1,This section IS ON the NHS,2,Urban,1,Interstate,1,State Highway Agency,1,Interstate,I-495 EXIT 48,,1046,1046,42.74812778,42.74812778,-71.134972220,-71.134972220,0,No Special Jurisdiction,12,Motor Vehicle In-Transport,1,Front-to-Rear,0,No,1,Non-Junction,1,Not an Intersection,0,None,,,1,On Roadway,1,Daylight,,,,,1,Clear,0,No,0000000,Not Applicable,6,6:00am-6:59am,27,27,6,6:00am-6:59am,31,31,6,6:00am-6:59am,55,55,,,,,,,1,1
2020,25,250110,Massachusetts,1,1,0,0,0,3,3,5,BRISTOL (5),924,TOWN OF EASTON,7,7,6,June,2020,1,Sunday,15,3:00pm-3:59pm,51,51,0,This section IS NOT on the NHS,2,Urban,7,Local,3,Town or Township Highway Agency,8,Other,OAK ST,,99998,Not Reported,41.96241389,41.96241389,-71.216883330,-71.216883330,0,No Special Jurisdiction,39,Wall,0,The First Harmful Event was Not a Collision with a Motor Vehicle in Transport,0,No,1,Non-Junction,1,Not an Intersection,0,None,,,4,On Roadside,1,Daylight,,,,,1,Clear,0,No,0000000,Not Applicable,15,3:00pm-3:59pm,51,51,15,3:00pm-3:59pm,54,54,88,"Not Applicable (Not Transported) ",88,Not Applicable (Not Transported),,,,,,,1,0
2020,25,250111,Massachusetts,2,2,0,0,0,4,4,9,ESSEX (9),650,LYNN,12,12,6,June,2020,6,Friday,19,7:00pm-7:59pm,25,25,0,This section IS NOT on the NHS,2,Urban,4,Minor Arterial,4,City or Municipal Highway Agency,3,State Highway,SR-129A EASTERN AVE,ELVIR ST,99998,Not Reported,42.48187778,42.48187778,-70.937169440,-70.937169440,0,No Special Jurisdiction,12,Motor Vehicle In-Transport,6,Angle,0,No,2,Intersection,3,T-Intersection,0,None,,,1,On Roadway,1,Daylight,,,,,1,Clear,0,No,0000000,Not Applicable,19,7:00pm-7:59pm,25,25,19,7:00pm-7:59pm,31,31,19,7:00pm-7:59pm,47,47,,,,,,,1,1
2020,25,250112,Massachusetts,1,1,0,0,0,1,1,17,MIDDLESEX (17),1431,WESTFORD,14,14,6,June,2020,1,Sunday,18,6:00pm-6:59pm,32,32,0,This section IS NOT on the NHS,2,Urban,4,Minor Arterial,3,Town or Township Highway Agency,8,Other,GRANITEVILLE RD,,99998,Not Reported,42.58823333,42.58823333,-71.453372220,-71.453372220,0,No Special Jurisdiction,30,Utility Pole/Light Support,0,The First Harmful Event was Not a Collision with a Motor Vehicle in Transport,0,No,1,Non-Junction,1,Not an Intersection,0,None,,,4,On Roadside,1,Daylight,,,,,1,Clear,0,No,0000000,Not Applicable,18,6:00pm-6:59pm,33,33,18,6:00pm-6:59pm,42,42,19,7:00pm-7:59pm,22,22,,,,,,,1,0
2020,25,250113,Massachusetts,2,2,0,0,0,2,2,1,BARNSTABLE (1),259,DENNIS,10,10,6,June,2020,4,Wednesday,7,7:00am-7:59am,52,52,0,This section IS NOT on the NHS,2,Urban,4,Minor Arterial,3,Town or Township Highway Agency,8,Other,OLD BASS RIVER RD,MAYFAIR RD,99998,Not Reported,41.70448056,41.70448056,-70.163222220,-70.163222220,1,National Park Service,12,Motor Vehicle In-Transport,6,Angle,0,No,2,Intersection,3,T-Intersection,0,None,,,1,On Roadway,1,Daylight,,,,,1,Clear,0,No,0000000,Not Applicable,7,7:00am-7:59am,51,51,7,7:00am-7:59am,58,58,8,8:00am-8:59am,26,26,,,,,,,1,0
2020,25,250114,Massachusetts,1,1,0,0,0,1,1,13,HAMPDEN (13),210,CHICOPEE,5,5,6,June,2020,6,Friday,19,7:00pm-7:59pm,39,39,0,This section IS NOT on the NHS,2,Urban,4,Minor Arterial,3,Town or Township Highway Agency,8,Other,WESTOVER RD,,99998,Not Reported,42.18345000,42.18345000,-72.565650000,-72.565650000,0,No Special Jurisdiction,19,Building,0,The First Harmful Event was Not a Collision with a Motor Vehicle in Transport,0,No,1,Non-Junction,1,Not an Intersection,0,None,,,4,On Roadside,5,Dusk,,,,,1,Clear,0,No,0000000,Not Applicable,19,7:00pm-7:59pm,42,42,19,7:00pm-7:59pm,46,46,20,8:00pm-8:59pm,25,25,,,,,,,1,0
2020,25,250115,Massachusetts,1,1,0,0,0,1,1,5,BRISTOL (5),850,NEW BEDFORD,30,30,6,June,2020,3,Tuesday,14,2:00pm-2:59pm,16,16,0,This section IS NOT on the NHS,2,Urban,4,Minor Arterial,4,City or Municipal Highway Agency,8,Other,ROCKDALE AVE,,99998,Not Reported,41.63903611,41.63903611,-70.949500000,-70.949500000,0,No Special Jurisdiction,30,Utility Pole/Light Support,0,The First Harmful Event was Not a Collision with a Motor Vehicle in Transport,0,No,1,Non-Junction,1,Not an Intersection,0,None,,,4,On Roadside,1,Daylight,,,,,2,Rain,0,No,0000000,Not Applicable,14,2:00pm-2:59pm,17,17,14,2:00pm-2:59pm,24,24,88,"Not Applicable (Not Transported) ",88,Not Applicable (Not Transported),,,,,,,1,1
2020,25,250116,Massachusetts,1,1,0,0,0,2,2,5,BRISTOL (5),1280,TOWN OF DIGHTON,20,20,6,June,2020,7,Saturday,3,3:00am-3:59am,40,40,0,This section IS NOT on the NHS,2,Urban,4,Minor Arterial,4,City or Municipal Highway Agency,8,Other,BAY ST,FIELD ST,99998,Not Reported,41.95663333,41.95663333,-71.116691670,-71.116691670,0,No Special Jurisdiction,42,Tree (Standing Only),0,The First Harmful Event was Not a Collision with a Motor Vehicle in Transport,0,No,3,Intersection-Related,3,T-Intersection,0,None,,,4,On Roadside,3,Dark - Lighted,,,,,1,Clear,0,No,0000000,Not Applicable,3,3:00am-3:59am,43,43,3,3:00am-3:59am,51,51,4,4:00am-4:59am,7,7,,,,,,,1,1
2020,25,250117,Massachusetts,1,1,0,1,1,1,1,25,SUFFOLK (25),120,BOSTON,9,9,6,June,2020,3,Tuesday,7,7:00am-7:59am,33,33,1,This section IS ON the NHS,2,Urban,3,Principal Arterial - Other,4,City or Municipal Highway Agency,8,Other,CUMMINS HWY,RICHMERE RD,18,18,42.27040833,42.27040833,-71.100688890,-71.100688890,0,No Special Jurisdiction,9,Pedalcyclist,0,The First Harmful Event was Not a Collision with a Motor Vehicle in Transport,0,No,2,Intersection,2,Four-Way Intersection,0,None,,,1,On Roadway,1,Daylight,,,,,1,Clear,0,No,0000000,Not Applicable,7,7:00am-7:59am,34,34,7,7:00am-7:59am,39,39,88,"Not Applicable (Not Transported) ",88,Not Applicable (Not Transported),,,,,,,1,0
2020,25,250118,Massachusetts,1,1,0,0,0,1,1,17,MIDDLESEX (17),660,MALDEN,9,9,6,June,2020,3,Tuesday,16,4:00pm-4:59pm,49,49,1,This section IS ON the NHS,2,Urban,3,Principal Arterial - Other,1,State Highway Agency,3,State Highway,SR-60 EASTERN AVE,,99998,Not Reported,42.42932778,42.42932778,-71.054211110,-71.054211110,0,No Special Jurisdiction,33,Curb,0,The First Harmful Event was Not a Collision with a Motor Vehicle in Transport,0,No,1,Non-Junction,1,Not an Intersection,0,None,,,4,On Roadside,1,Daylight,,,,,1,Clear,0,No,0000000,Not Applicable,16,4:00pm-4:59pm,50,50,16,4:00pm-4:59pm,53,53,17,5:00pm-5:59pm,22,22,,,,,,,1,1
2020,25,250119,Massachusetts,2,2,0,0,0,4,4,23,PLYMOUTH (23),1360,WAREHAM,12,12,6,June,2020,6,Friday,23,11:00pm-11:59pm,9,9,0,This section IS NOT on the NHS,2,Urban,4,Minor Arterial,1,State Highway Agency,2,U.S. Highway,US-6 CRANBERRY HWY,REDBROOK RD,99998,Not Reported,41.75596111,41.75596111,-70.642213890,-70.642213890,0,No Special Jurisdiction,12,Motor Vehicle In-Transport,6,Angle,0,No,2,Intersection,4,Y-Intersection,0,None,,,1,On Roadway,2,Dark - Not Lighted,,,,,10,Cloudy,0,No,0000000,Not Applicable,23,11:00pm-11:59pm,9,9,23,11:00pm-11:59pm,19,19,23,11:00pm-11:59pm,45,45,,,,,,,1,0
2020,25,250120,Massachusetts,2,2,0,0,0,5,5,13,HAMPDEN (13),833,MONTGOMERY,14,14,6,June,2020,1,Sunday,18,6:00pm-6:59pm,25,25,0,This section IS NOT on the NHS,1,Rural,5,Major Collector,3,Town or Township Highway Agency,8,Other,MAIN RD,,99998,Not Reported,42.23822778,42.23822778,-72.847700000,-72.847700000,0,No Special Jurisdiction,1,Rollover/Overturn,0,The First Harmful Event was Not a Collision with a Motor Vehicle in Transport,0,No,1,Non-Junction,1,Not an Intersection,0,None,,,1,On Roadway,1,Daylight,,,,,1,Clear,0,No,0000000,Not Applicable,18,6:00pm-6:59pm,28,28,18,6:00pm-6:59pm,46,46,88,"Not Applicable (Not Transported) ",88,Not Applicable (Not Transported),,,,,,,1,1
2020,25,250121,Massachusetts,2,2,0,0,0,2,2,5,BRISTOL (5),1064,RAYNHAM CENTER,23,23,6,June,2020,3,Tuesday,23,11:00pm-11:59pm,10,10,1,This section IS ON the NHS,2,Urban,1,Interstate,1,State Highway Agency,1,Interstate,I-495 S EXIT 8,,99998,Not Reported,41.95914722,41.95914722,-71.074277780,-71.074277780,0,No Special Jurisdiction,12,Motor Vehicle In-Transport,1,Front-to-Rear,0,No,1,Non-Junction,1,Not an Intersection,0,None,,,1,On Roadway,2,Dark - Not Lighted,,,,,1,Clear,0,No,0000000,Not Applicable,23,11:00pm-11:59pm,21,21,23,11:00pm-11:59pm,24,24,88,"Not Applicable (Not Transported) ",88,Not Applicable (Not Transported),,,,,,,1,0
2020,25,250122,Massachusetts,2,2,0,1,1,2,2,21,NORFOLK (21),1060,QUINCY,24,24,6,June,2020,4,Wednesday,20,8:00pm-8:59pm,25,25,1,This section IS ON the NHS,2,Urban,1,Interstate,1,State Highway Agency,1,Interstate,"I-93 ",,99998,Not Reported,42.25391111,42.25391111,-71.038658330,-71.038658330,0,No Special Jurisdiction,8,Pedestrian,0,The First Harmful Event was Not a Collision with a Motor Vehicle in Transport,1,Yes,18,Through Roadway,1,Not an Intersection,0,None,,,1,On Roadway,5,Dusk,,,,,1,Clear,0,No,0000000,Not Applicable,20,8:00pm-8:59pm,32,32,20,8:00pm-8:59pm,36,36,20,8:00pm-8:59pm,53,53,,,,,,,1,0
2020,25,250123,Massachusetts,3,3,0,0,0,4,4,27,WORCESTER (27),185,CHARLTON DEPOT,22,22,6,June,2020,2,Monday,11,11:00am-11:59am,23,23,1,This section IS ON the NHS,2,Urban,3,Principal Arterial - Other,1,State Highway Agency,2,U.S. Highway,US-20 WORCESTER RD,,99998,Not Reported,42.15293889,42.15293889,-71.920088890,-71.920088890,0,No Special Jurisdiction,12,Motor Vehicle In-Transport,6,Angle,0,No,8,Driveway Access Related,1,Not an Intersection,0,None,,,1,On Roadway,1,Daylight,,,,,1,Clear,0,No,0000000,Not Applicable,11,11:00am-11:59am,21,21,11,11:00am-11:59am,42,42,12,12:00pm-12:59pm,14,14,,,,,,,1,0
2020,25,250124,Massachusetts,1,1,0,1,1,1,1,21,NORFOLK (21),1060,QUINCY,10,10,6,June,2020,4,Wednesday,7,7:00am-7:59am,40,40,1,This section IS ON the NHS,2,Urban,3,Principal Arterial - Other,4,City or Municipal Highway Agency,3,State Highway,SR-53 QUINCY AVE,,99998,Not Reported,42.24048056,42.24048056,-70.987522220,-70.987522220,0,No Special Jurisdiction,8,Pedestrian,0,The First Harmful Event was Not a Collision with a Motor Vehicle in Transport,0,No,1,Non-Junction,1,Not an Intersection,0,None,,,1,On Roadway,1,Daylight,,,,,1,Clear,0,No,0000000,Not Applicable,7,7:00am-7:59am,42,42,7,7:00am-7:59am,48,48,8,8:00am-8:59am,3,3,,,,,,,1,0
2020,25,250125,Massachusetts,1,1,0,1,1,1,1,21,NORFOLK (21),1060,QUINCY,26,26,6,June,2020,6,Friday,12,12:00pm-12:59pm,58,58,1,This section IS ON the NHS,2,Urban,3,Principal Arterial - Other,4,City or Municipal Highway Agency,8,Other,SOUTHERN ARTERY,,215,215,42.24100833,42.24100833,-70.983852780,-70.983852780,0,No Special Jurisdiction,8,Pedestrian,0,The First Harmful Event was Not a Collision with a Motor Vehicle in Transport,0,No,1,Non-Junction,1,Not an Intersection,0,None,,,1,On Roadway,1,Daylight,,,,,1,Clear,0,No,0000000,Not Applicable,13,1:00pm-1:59pm,1,1,13,1:00pm-1:59pm,3,3,13,1:00pm-1:59pm,16,16,,,,,,,1,0
2020,25,250126,Massachusetts,2,2,0,0,0,3,3,27,WORCESTER (27),1520,WORCESTER,26,26,6,June,2020,6,Friday,19,7:00pm-7:59pm,45,45,1,This section IS ON the NHS,2,Urban,1,Interstate,1,State Highway Agency,1,Interstate,I-190 N EXIT 19 RAMP TO I-290,,99998,Not Reported,42.28693889,42.28693889,-71.797355560,-71.797355560,0,No Special Jurisdiction,12,Motor Vehicle In-Transport,1,Front-to-Rear,1,Yes,20,Entrance/Exit Ramp,1,Not an Intersection,0,None,,,1,On Roadway,5,Dusk,,,,,1,Clear,0,No,0000000,Not Applicable,19,7:00pm-7:59pm,41,41,19,7:00pm-7:59pm,45,45,88,"Not Applicable (Not Transported) ",88,Not Applicable (Not Transported),,,,,,,1,0
2020,25,250127,Massachusetts,1,1,0,0,0,4,4,9,ESSEX (9),470,HAVERHILL,29,29,6,June,2020,2,Monday,5,5:00am-5:59am,33,33,1,This section IS ON the NHS,2,Urban,3,Principal Arterial - Other,1,State Highway Agency,1,Interstate,I-495 N EXIT 51B,,99998,Not Reported,42.80219444,42.80219444,-71.088438890,-71.088438890,0,No Special Jurisdiction,24,Guardrail Face,0,The First Harmful Event was Not a Collision with a Motor Vehicle in Transport,1,Yes,19,Other location within Interchange Area,1,Not an Intersection,0,None,,,4,On Roadside,4,Dawn,,,,,10,Cloudy,0,No,0000000,Not Applicable,5,5:00am-5:59am,33,33,5,5:00am-5:59am,43,43,88,"Not Applicable (Not Transported) ",88,Not Applicable (Not Transported),,,,,,,1,0
2020,25,250129,Massachusetts,2,2,0,0,0,4,4,13,HAMPDEN (13),210,CHICOPEE,20,20,6,June,2020,7,Saturday,0,0:00am-0:59am,49,49,1,This section IS ON the NHS,2,Urban,3,Principal Arterial - Other,4,City or Municipal Highway Agency,3,State Highway,SR-141 GRATTAN ST,,99998,Not Reported,42.17989167,42.17989167,-72.604016670,-72.604016670,0,No Special Jurisdiction,12,Motor Vehicle In-Transport,1,Front-to-Rear,1,Yes,18,Through Roadway,1,Not an Intersection,0,None,,,1,On Roadway,3,Dark - Lighted,,,,,10,Cloudy,0,No,0000000,Not Applicable,0,0:00am-0:59am,54,54,0,0:00am-0:59am,57,57,1,1:00am-1:59am,32,32,,,,,,,1,1
2020,25,250130,Massachusetts,2,2,0,0,0,2,2,13,HAMPDEN (13),1270,SPRINGFIELD,27,27,6,June,2020,7,Saturday,18,6:00pm-6:59pm,33,33,1,This section IS ON the NHS,2,Urban,3,Principal Arterial - Other,1,State Highway Agency,2,U.S. Highway,US-20 PAGE BLVD,BROOKDALE DR,99998,Not Reported,42.14964444,42.14964444,-72.524213890,-72.524213890,0,No Special Jurisdiction,12,Motor Vehicle In-Transport,6,Angle,0,No,2,Intersection,3,T-Intersection,0,None,,,1,On Roadway,1,Daylight,,,,,10,Cloudy,0,No,0000000,Not Applicable,18,6:00pm-6:59pm,39,39,18,6:00pm-6:59pm,44,44,19,7:00pm-7:59pm,16,16,,,,,,,1,0
2020,25,250131,Massachusetts,1,1,0,0,0,1,1,3,BERKSHIRE (3),440,GREAT BARRINGTON,25,25,4,April,2020,7,Saturday,14,2:00pm-2:59pm,25,25,1,This section IS ON the NHS,1,Rural,3,Principal Arterial - Other,1,State Highway Agency,2,U.S. Highway,US-7 N STOCKBRIDGE RD,,99998,Not Reported,42.24001667,42.24001667,-73.334913890,-73.334913890,0,No Special Jurisdiction,7,Other Non-Collision,0,The First Harmful Event was Not a Collision with a Motor Vehicle in Transport,0,No,1,Non-Junction,1,Not an Intersection,0,None,,,1,On Roadway,1,Daylight,,,,,1,Clear,0,No,0000000,Not Applicable,14,2:00pm-2:59pm,27,27,14,2:00pm-2:59pm,36,36,15,3:00pm-3:59pm,2,2,,,,,,,1,0
2020,25,250132,Massachusetts,2,1,1,0,1,2,3,9,ESSEX (9),1114,SALISBURY,22,22,5,May,2020,6,Friday,16,4:00pm-4:59pm,18,18,1,This section IS ON the NHS,2,Urban,1,Interstate,1,State Highway Agency,1,Interstate,I-495 N,,99998,Not Reported,42.85592500,42.85592500,-70.898411110,-70.898411110,0,No Special Jurisdiction,14,Parked Motor Vehicle,0,The First Harmful Event was Not a Collision with a Motor Vehicle in Transport,1,Yes,19,Other location within Interchange Area,1,Not an Intersection,0,None,,,3,On Median,1,Daylight,,,,,1,Clear,0,No,0000000,Not Applicable,16,4:00pm-4:59pm,21,21,16,4:00pm-4:59pm,48,48,99,Unknown,99,Unknown EMS Hospital Arrival Time,,,,,,,1,0