caseyear,state,st_case,statename,ve_total,ve_forms,pvh_invl,peds,pernotmvit,permvit,persons,county,countyname,city,cityname,day,dayname,month,monthname,year,day_week,day_weekname,hour,hourname,minute,minutename,nhs,nhsname,rur_urb,rur_urbname,func_sys,func_sysname,rd_owner,rd_ownername,route,routename,tway_id,tway_id2,milept,mileptname,latitude,latitudename,longitud,longitudname,sp_jur,sp_jurname,harm_ev,harm_evname,man_coll,man_collname,reljct1,reljct1name,reljct2,reljct2name,typ_int,typ_intname,wrk_zone,wrk_zonename,road_fnc,road_fncname,rel_road,rel_roadname,lgt_cond,lgt_condname,weather1,weather1name,weather2,weather2name,weather,weathername,sch_bus,sch_busname,rail,railname,not_hour,not_hourname,not_min,not_minname,arr_hour,arr_hourname,arr_min,arr_minname,hosp_hr,hosp_hrname,hosp_mn,hosp_mnname,cf1,cf1name,cf2,cf2name,cf3,cf3name,fatals,drunk_dr
2020,25,250133,Massachusetts,2,2,0,0,0,2,2,27,WORCESTER (27),350,FITCHBURG,10,10,6,June,2020,4,Wednesday,13,1:00pm-1:59pm,0,0,1,This section IS ON the NHS,1,Rural,3,Principal Arterial - Other,1,State Highway Agency,3,State Highway,SR-2,,972,972,42.55300000,42.55300000,-71.797500000,-71.797500000,0,No Special Jurisdiction,54,"Motor Vehicle In-Transport Strikes or is Struck by Cargo, Persons or Objects Set-in-Motion from/by Another Motor Vehicle In Transport",11,"Other ",0,No,1,Non-Junction,1,Not an Intersection,0,None,,,1,On Roadway,1,Daylight,,,,,1,Clear,0,No,0000000,Not Applicable,13,1:00pm-1:59pm,2,2,13,1:00pm-1:59pm,4,4,13,1:00pm-1:59pm,28,28,,,,,,,1,0
2020,25,250134,Massachusetts,2,2,0,0,0,2,2,21,NORFOLK (21),1063,RANDOLPH,26,26,6,June,2020,6,Friday,11,11:00am-11:59am,35,35,1,This section IS ON the NHS,2,Urban,1,Interstate,1,State Highway Agency,1,Interstate,"I-93 N ",,99998,Not Reported,42.19835278,42.19835278,-71.078852780,-71.078852780,0,No Special Jurisdiction,12,Motor Vehicle In-Transport,1,Front-to-Rear,1,Yes,18,Through Roadway,1,Not an Intersection,0,None,,,1,On Roadway,1,Daylight,,,,,10,Cloudy,0,No,0000000,Not Applicable,11,11:00am-11:59am,36,36,11,11:00am-11:59am,46,46,88,"Not Applicable (Not Transported) ",88,Not Applicable (Not Transported),,,,,,,1,0
2020,25,250135,Massachusetts,2,2,0,0,0,3,3,13,HAMPDEN (13),137,BRIMFIELD,7,7,6,June,2020,1,Sunday,15,3:00pm-3:59pm,11,11,0,This section IS NOT on the NHS,1,Rural,5,Major Collector,3,Town or Township Highway Agency,8,Other,E BRIMFIELD HOLLAND RD,,99998,Not Reported,42.09211389,42.09211389,-72.150069440,-72.150069440,0,No Special Jurisdiction,12,Motor Vehicle In-Transport,2,Front-to-Front,0,No,1,Non-Junction,1,Not an Intersection,0,None,,,1,On Roadway,1,Daylight,,,,,1,Clear,0,No,0000000,Not Applicable,15,3:00pm-3:59pm,13,13,15,3:00pm-3:59pm,38,38,99,Unknown,99,Unknown EMS Hospital Arrival Time,,,,,,,1,0
2020,25,250136,Massachusetts,1,1,0,0,0,1,1,13,HAMPDEN (13),439,GRANVILLE CENTER,25,25,6,June,2020,5,Thursday,23,11:00pm-11:59pm,57,57,0,This section IS NOT on the NHS,1,Rural,5,Major Collector,3,Town or Township Highway Agency,3,State Highway,SR-189 GRANBY RD,,99998,Not Reported,42.05395000,42.05395000,-72.857666670,-72.857666670,0,No Special Jurisdiction,42,Tree (Standing Only),0,The First Harmful Event was Not a Collision with a Motor Vehicle in Transport,0,No,1,Non-Junction,1,Not an Intersection,0,None,,,5,Outside Trafficway,8,Not Reported,,,,,98,Not Reported,0,No,0000000,Not Applicable,23,11:00pm-11:59pm,58,58,0,0:00am-0:59am,3,3,88,"Not Applicable (Not Transported) ",88,Not Applicable (Not Transported),,,,,,,1,1
2020,25,250137,Massachusetts,1,1,0,0,0,1,1,13,HAMPDEN (13),1477,WILBRAHAM,13,13,6,June,2020,7,Saturday,5,5:00am-5:59am,49,49,0,This section IS NOT on the NHS,2,Urban,7,Local,3,Town or Township Highway Agency,8,Other,MOUNTAIN RD,,99998,Not Reported,42.13518333,42.13518333,-72.411433330,-72.411433330,1,National Park Service,30,Utility Pole/Light Support,0,The First Harmful Event was Not a Collision with a Motor Vehicle in Transport,0,No,1,Non-Junction,1,Not an Intersection,0,None,,,4,On Roadside,1,Daylight,,,,,1,Clear,0,No,0000000,Not Applicable,5,5:00am-5:59am,50,50,5,5:00am-5:59am,57,57,88,"Not Applicable (Not Transported) ",88,Not Applicable (Not Transported),,,,,,,1,1
2020,25,250138,Massachusetts,1,1,0,0,0,1,1,13,HAMPDEN (13),1430,WESTFIELD,22,22,6,June,2020,2,Monday,16,4:00pm-4:59pm,48,48,0,This section IS NOT on the NHS,2,Urban,5,Major Collector,4,City or Municipal Highway Agency,8,Other,LOCKHOUSE RD,SERVICESTAR INDUSTRIAL WAY,99998,Not Reported,42.15567778,42.15567778,-72.746083330,-72.746083330,0,No Special Jurisdiction,19,Building,0,The First Harmful Event was Not a Collision with a Motor Vehicle in Transport,0,No,3,Intersection-Related,3,T-Intersection,0,None,,,4,On Roadside,1,Daylight,,,,,1,Clear,0,No,0000000,Not Applicable,18,6:00pm-6:59pm,48,48,18,6:00pm-6:59pm,53,53,19,7:00pm-7:59pm,24,24,,,,,,,1,1
2020,25,250139,Massachusetts,2,2,0,0,0,3,3,17,MIDDLESEX (17),630,LOWELL,28,28,6,June,2020,1,Sunday,21,9:00pm-9:59pm,43,43,1,This section IS ON the NHS,2,Urban,3,Principal Arterial - Other,4,City or Municipal Highway Agency,8,Other,WOOD ST,PRINCETON BLVD,99998,Not Reported,42.63286111,42.63286111,-71.355347220,-71.355347220,0,No Special Jurisdiction,12,Motor Vehicle In-Transport,6,Angle,0,No,2,Intersection,2,Four-Way Intersection,0,None,,,1,On Roadway,3,Dark - Lighted,,,,,2,Rain,0,No,0000000,Not Applicable,21,9:00pm-9:59pm,45,45,21,9:00pm-9:59pm,48,48,22,10:00pm-10:59pm,0,0,,,,,,,1,1
2020,25,250140,Massachusetts,3,3,0,0,0,6,6,17,MIDDLESEX (17),630,LOWELL,3,3,7,July,2020,6,Friday,4,4:00am-4:59am,45,45,0,This section IS NOT on the NHS,2,Urban,4,Minor Arterial,4,City or Municipal Highway Agency,8,Other,SCHOOL ST,,99998,Not Reported,42.63784722,42.63784722,-71.324758330,-71.324758330,0,No Special Jurisdiction,12,Motor Vehicle In-Transport,2,Front-to-Front,0,No,1,Non-Junction,1,Not an Intersection,0,None,,,1,On Roadway,3,Dark - Lighted,,,,,1,Clear,0,No,0000000,Not Applicable,4,4:00am-4:59am,47,47,4,4:00am-4:59am,51,51,5,5:00am-5:59am,12,12,,,,,,,1,0
2020,25,250141,Massachusetts,1,1,0,0,0,1,1,9,ESSEX (9),410,GEORGETOWN,12,12,7,July,2020,1,Sunday,14,2:00pm-2:59pm,8,8,0,This section IS NOT on the NHS,2,Urban,7,Local,3,Town or Township Highway Agency,8,Other,LAKE AVE,POND ST,99998,Not Reported,42.73310000,42.73310000,-70.990616670,-70.990616670,0,No Special Jurisdiction,24,Guardrail Face,0,The First Harmful Event was Not a Collision with a Motor Vehicle in Transport,0,No,3,Intersection-Related,4,Y-Intersection,0,None,,,4,On Roadside,1,Daylight,,,,,1,Clear,0,No,0000000,Not Applicable,14,2:00pm-2:59pm,9,9,14,2:00pm-2:59pm,17,17,14,2:00pm-2:59pm,33,33,,,,,,,1,1
2020,25,250142,Massachusetts,1,1,0,0,0,2,2,3,BERKSHIRE (3),880,NORTH ADAMS,18,18,7,July,2020,7,Saturday,17,5:00pm-5:59pm,1,1,1,This section IS ON the NHS,2,Urban,3,Principal Arterial - Other,1,State Highway Agency,3,State Highway,SR-2 MOHAWK TRAIL,,99998,Not Reported,42.70731111,42.70731111,-73.063463890,-73.063463890,0,No Special Jurisdiction,24,Guardrail Face,0,The First Harmful Event was Not a Collision with a Motor Vehicle in Transport,0,No,1,Non-Junction,1,Not an Intersection,0,None,,,4,On Roadside,1,Daylight,,,,,1,Clear,0,No,0000000,Not Applicable,17,5:00pm-5:59pm,4,4,17,5:00pm-5:59pm,11,11,88,"Not Applicable (Not Transported) ",88,Not Applicable (Not Transported),,,,,,,1,1
2020,25,250143,Massachusetts,1,1,0,0,0,1,1,23,PLYMOUTH (23),564,LAKEVILLE,23,23,7,July,2020,5,Thursday,11,11:00am-11:59am,38,38,0,This section IS NOT on the NHS,2,Urban,4,Minor Arterial,3,Town or Township Highway Agency,3,State Highway,SR-79 RHODE ISLAND RD,,99998,Not Reported,41.87458333,41.87458333,-70.946677780,-70.946677780,0,No Special Jurisdiction,42,Tree (Standing Only),0,The First Harmful Event was Not a Collision with a Motor Vehicle in Transport,0,No,1,Non-Junction,1,Not an Intersection,0,None,,,5,Outside Trafficway,1,Daylight,,,,,1,Clear,0,No,0000000,Not Applicable,11,11:00am-11:59am,39,39,11,11:00am-11:59am,45,45,88,"Not Applicable (Not Transported) ",88,Not Applicable (Not Transported),,,,,,,1,0
2020,25,250144,Massachusetts,2,2,0,0,0,2,2,27,WORCESTER (27),55,AUBURN,11,11,7,July,2020,7,Saturday,4,4:00am-4:59am,25,25,1,This section IS ON the NHS,2,Urban,1,Interstate,1,State Highway Agency,1,Interstate,"I-90 W  ",,904,904,42.19487778,42.19487778,-71.847297220,-71.847297220,0,No Special Jurisdiction,12,Motor Vehicle In-Transport,1,Front-to-Rear,1,Yes,18,Through Roadway,1,Not an Intersection,0,None,,,1,On Roadway,3,Dark - Lighted,,,,,1,Clear,0,No,0000000,Not Applicable,4,4:00am-4:59am,24,24,4,4:00am-4:59am,37,37,88,"Not Applicable (Not Transported) ",88,Not Applicable (Not Transported),,,,,,,1,1
2020,25,250145,Massachusetts,1,1,0,0,0,1,1,9,ESSEX (9),1114,SALISBURY,13,13,7,July,2020,2,Monday,18,6:00pm-6:59pm,49,49,1,This section IS ON the NHS,2,Urban,4,Minor Arterial,1,State Highway Agency,2,U.S. Highway,US-1 BRIDGE RD,,99998,Not Reported,42.83203056,42.83203056,-70.862525000,-70.862525000,0,No Special Jurisdiction,39,Wall,0,The First Harmful Event was Not a Collision with a Motor Vehicle in Transport,0,No,1,Non-Junction,1,Not an Intersection,0,None,,,5,Outside Trafficway,1,Daylight,,,,,10,Cloudy,0,No,0000000,Not Applicable,18,6:00pm-6:59pm,50,50,18,6:00pm-6:59pm,55,55,99,Unknown,99,Unknown EMS Hospital Arrival Time,,,,,,,1,0
2020,25,250146,Massachusetts,1,1,0,0,0,1,1,1,BARNSTABLE (1),1535,YARMOUTH,23,23,7,July,2020,5,Thursday,23,11:00pm-11:59pm,14,14,0,This section IS NOT on the NHS,2,Urban,4,Minor Arterial,3,Town or Township Highway Agency,8,Other,OLD MAIN ST,,99998,Not Reported,41.65934722,41.65934722,-70.198936110,-70.198936110,0,No Special Jurisdiction,42,Tree (Standing Only),0,The First Harmful Event was Not a Collision with a Motor Vehicle in Transport,0,No,1,Non-Junction,1,Not an Intersection,0,None,,,5,Outside Trafficway,3,Dark - Lighted,,,,,1,Clear,0,No,0000000,Not Applicable,23,11:00pm-11:59pm,18,18,23,11:00pm-11:59pm,18,18,88,"Not Applicable (Not Transported) ",88,Not Applicable (Not Transported),,,,,,,1,1
2020,25,250147,Massachusetts,2,2,0,0,0,2,2,13,HAMPDEN (13),1430,WESTFIELD,29,29,7,July,2020,4,Wednesday,4,4:00am-4:59am,38,38,0,This section IS NOT on the NHS,2,Urban,4,Minor Arterial,4,City or Municipal Highway Agency,8,Other,MONTGOMERY RD,,99998,Not Reported,42.17332778,42.17332778,-72.777286110,-72.777286110,0,No Special Jurisdiction,12,Motor Vehicle In-Transport,1,Front-to-Rear,0,No,8,Driveway Access Related,1,Not an Intersection,0,None,,,1,On Roadway,2,Dark - Not Lighted,,,,,1,Clear,0,No,0000000,Not Applicable,4,4:00am-4:59am,25,25,4,4:00am-4:59am,37,37,88,"Not Applicable (Not Transported) ",88,Not Applicable (Not Transported),,,,,,,1,0
2020,25,250148,Massachusetts,1,1,0,1,1,1,1,17,MIDDLESEX (17),1490,WILMINGTON,7,7,7,July,2020,3,Tuesday,22,10:00pm-10:59pm,30,30,1,This section IS ON the NHS,2,Urban,1,Interstate,1,State Highway Agency,1,Interstate,I-93 N,,99998,Not Reported,42.54762778,42.54762778,-71.135922220,-71.135922220,0,No Special Jurisdiction,8,Pedestrian,0,The First Harmful Event was Not a Collision with a Motor Vehicle in Transport,0,No,1,Non-Junction,1,Not an Intersection,0,None,,,1,On Roadway,2,Dark - Not Lighted,,,,,1,Clear,0,No,0000000,Not Applicable,22,10:00pm-10:59pm,32,32,22,10:00pm-10:59pm,38,38,88,"Not Applicable (Not Transported) ",88,Not Applicable (Not Transported),,,,,,,1,0
2020,25,250149,Massachusetts,2,1,1,0,0,1,1,25,SUFFOLK (25),120,BOSTON,4,4,7,July,2020,7,Saturday,13,1:00pm-1:59pm,8,8,0,This section IS NOT on the NHS,2,Urban,4,Minor Arterial,4,City or Municipal Highway Agency,8,Other,GENEVA AVE,,99998,Not Reported,42.30467500,42.30467500,-71.073069440,-71.073069440,0,No Special Jurisdiction,14,Parked Motor Vehicle,0,The First Harmful Event was Not a Collision with a Motor Vehicle in Transport,0,No,1,Non-Junction,1,Not an Intersection,0,None,,,4,On Roadside,1,Daylight,,,,,1,Clear,0,No,0000000,Not Applicable,13,1:00pm-1:59pm,11,11,13,1:00pm-1:59pm,16,16,13,1:00pm-1:59pm,31,31,,,,,,,1,0
2020,25,250150,Massachusetts,3,3,0,0,0,6,6,5,BRISTOL (5),1225,SOUTH EASTON,27,27,7,July,2020,2,Monday,17,5:00pm-5:59pm,25,25,1,This section IS ON the NHS,2,Urban,3,Principal Arterial - Other,1,State Highway Agency,3,State Highway,SR-114 TURNPIKE ST,SHARPENERS RD,99998,Not Reported,42.01029444,42.01029444,-71.066808330,-71.066808330,0,No Special Jurisdiction,12,Motor Vehicle In-Transport,6,Angle,0,No,2,Intersection,3,T-Intersection,0,None,,,1,On Roadway,1,Daylight,,,,,1,Clear,0,No,0000000,Not Applicable,17,5:00pm-5:59pm,26,26,17,5:00pm-5:59pm,36,36,88,"Not Applicable (Not Transported) ",88,Not Applicable (Not Transported),,,,,,,1,0
2020,25,250151,Massachusetts,2,2,0,0,0,6,6,23,PLYMOUTH (23),140,BROCKTON,29,29,7,July,2020,4,Wednesday,11,11:00am-11:59am,47,47,0,This section IS NOT on the NHS,2,Urban,4,Minor Arterial,4,City or Municipal Highway Agency,8,Other,OAK ST EXT,,99998,Not Reported,42.09984722,42.09984722,-71.065713890,-71.065713890,0,No Special Jurisdiction,12,Motor Vehicle In-Transport,6,Angle,0,No,8,Driveway Access Related,1,Not an Intersection,0,None,,,1,On Roadway,1,Daylight,,,,,1,Clear,0,No,0000000,Not Applicable,11,11:00am-11:59am,55,55,11,11:00am-11:59am,57,57,12,12:00pm-12:59pm,10,10,,,,,,,1,0
2020,25,250152,Massachusetts,1,1,0,0,0,2,2,3,BERKSHIRE (3),1030,PITTSFIELD,11,11,7,July,2020,7,Saturday,6,6:00am-6:59am,35,35,0,This section IS NOT on the NHS,2,Urban,5,Major Collector,4,City or Municipal Highway Agency,8,Other,DEWEY AVE,,99998,Not Reported,42.45483056,42.45483056,-73.260266670,-73.260266670,0,No Special Jurisdiction,18,Other Object (not fixed),0,The First Harmful Event was Not a Collision with a Motor Vehicle in Transport,0,No,1,Non-Junction,1,Not an Intersection,0,None,,,1,On Roadway,4,Dawn,,,,,10,Cloudy,0,No,0000000,Not Applicable,6,6:00am-6:59am,40,40,6,6:00am-6:59am,43,43,6,6:00am-6:59am,53,53,,,,,,,1,0
2020,25,250153,Massachusetts,1,1,0,0,0,1,1,17,MIDDLESEX (17),630,LOWELL,19,19,7,July,2020,1,Sunday,3,3:00am-3:59am,23,23,1,This section IS ON the NHS,2,Urban,3,Principal Arterial - Other,4,City or Municipal Highway Agency,3,State Highway,SR-133 ANDOVER ST,,1,1,42.64232778,42.64232778,-71.293808330,-71.293808330,0,No Special Jurisdiction,42,Tree (Standing Only),0,The First Harmful Event was Not a Collision with a Motor Vehicle in Transport,0,No,1,Non-Junction,1,Not an Intersection,0,None,,,4,On Roadside,3,Dark - Lighted,,,,,1,Clear,0,No,0000000,Not Applicable,3,3:00am-3:59am,24,24,3,3:00am-3:59am,28,28,3,3:00am-3:59am,52,52,,,,,,,1,1
2020,25,250154,Massachusetts,2,2,0,0,0,3,3,23,PLYMOUTH (23),1360,WAREHAM,24,24,7,July,2020,6,Friday,11,11:00am-11:59am,50,50,0,This section IS NOT on the NHS,2,Urban,7,Local,3,Town or Township Highway Agency,8,Other,SWIFTS BEACH RD,,99998,Not Reported,41.75316389,41.75316389,-70.731183330,-70.731183330,0,No Special Jurisdiction,12,Motor Vehicle In-Transport,2,Front-to-Front,0,No,1,Non-Junction,1,Not an Intersection,0,None,,,1,On Roadway,1,Daylight,,,,,10,Cloudy,0,No,0000000,Not Applicable,11,11:00am-11:59am,51,51,11,11:00am-11:59am,53,53,12,12:00pm-12:59pm,13,13,,,,,,,1,0
2020,25,250155,Massachusetts,2,2,0,0,0,3,3,27,WORCESTER (27),785,MILLBURY,4,4,7,July,2020,7,Saturday,99,Unknown Hours,99,Unknown Minutes,0,This section IS NOT on the NHS,2,Urban,4,Minor Arterial,1,State Highway Agency,8,Other,SUTTON RD,W MAIN ST,99998,Not Reported,42.17574444,42.17574444,-71.774777780,-71.774777780,0,No Special Jurisdiction,12,Motor Vehicle In-Transport,2,Front-to-Front,0,No,2,Intersection,4,Y-Intersection,0,None,,,1,On Roadway,1,Daylight,,,,,1,Clear,0,No,0000000,Not Applicable,11,11:00am-11:59am,14,14,11,11:00am-11:59am,16,16,11,11:00am-11:59am,42,42,,,,,,,1,0
2020,25,250156,Massachusetts,4,4,0,0,0,11,11,23,PLYMOUTH (23),1005,PEMBROKE,19,19,7,July,2020,1,Sunday,9,9:00am-9:59am,32,32,1,This section IS ON the NHS,2,Urban,2,Principal Arterial - Other Freeways and Expressways,1,State Highway Agency,3,State Highway,SR-3 N,,99998,Not Reported,42.10847222,42.10847222,-70.766866670,-70.766866670,0,No Special Jurisdiction,12,Motor Vehicle In-Transport,1,Front-to-Rear,1,Yes,18,Through Roadway,1,Not an Intersection,0,None,,,1,On Roadway,1,Daylight,,,,,1,Clear,0,No,0000000,Not Applicable,9,9:00am-9:59am,41,41,9,9:00am-9:59am,44,44,10,10:00am-10:59am,11,11,,,,,,,1,0
2020,25,250157,Massachusetts,2,2,0,0,0,2,2,21,NORFOLK (21),1530,WRENTHAM,7,7,7,July,2020,3,Tuesday,13,1:00pm-1:59pm,51,51,0,This section IS NOT on the NHS,2,Urban,4,Minor Arterial,1,State Highway Agency,3,State Highway,"SR-121 WEST ST ",CHERRY ST,99998,Not Reported,42.03900000,42.03900000,-71.375247220,-71.375247220,0,No Special Jurisdiction,12,Motor Vehicle In-Transport,2,Front-to-Front,0,No,2,Intersection,3,T-Intersection,0,None,,,1,On Roadway,1,Daylight,,,,,1,Clear,0,No,0000000,Not Applicable,13,1:00pm-1:59pm,49,49,13,1:00pm-1:59pm,58,58,14,2:00pm-2:59pm,51,51,,,,,,,1,0
2020,25,250158,Massachusetts,4,4,0,0,0,4,4,13,HAMPDEN (13),1430,WESTFIELD,6,6,7,July,2020,2,Monday,15,3:00pm-3:59pm,10,10,1,This section IS ON the NHS,2,Urban,1,Interstate,1,State Highway Agency,1,Interstate,I-90 W,,396,396,42.15052778,42.15052778,-72.748733330,-72.748733330,0,No Special Jurisdiction,12,Motor Vehicle In-Transport,1,Front-to-Rear,0,No,1,Non-Junction,1,Not an Intersection,0,None,,,1,On Roadway,1,Daylight,,,,,1,Clear,0,No,0000000,Not Applicable,15,3:00pm-3:59pm,15,15,15,3:00pm-3:59pm,49,49,88,"Not Applicable (Not Transported) ",88,Not Applicable (Not Transported),,,,,,,1,0
2020,25,250159,Massachusetts,2,2,0,0,0,2,2,25,SUFFOLK (25),120,BOSTON,25,25,7,July,2020,7,Saturday,17,5:00pm-5:59pm,34,34,0,This section IS NOT on the NHS,2,Urban,4,Minor Arterial,4,City or Municipal Highway Agency,8,Other,A STREET,WEST BROADWAY,99998,Not Reported,42.34180556,42.34180556,-71.055500000,-71.055500000,0,No Special Jurisdiction,12,Motor Vehicle In-Transport,6,Angle,0,No,2,Intersection,2,Four-Way Intersection,0,None,,,1,On Roadway,1,Daylight,,,,,1,Clear,0,No,0000000,Not Applicable,17,5:00pm-5:59pm,36,36,17,5:00pm-5:59pm,40,40,17,5:00pm-5:59pm,54,54,,,,,,,1,0
2020,25,250160,Massachusetts,1,1,0,1,1,4,4,23,PLYMOUTH (23),1360,WAREHAM,10,10,7,July,2020,6,Friday,20,8:00pm-8:59pm,57,57,1,This section IS ON the NHS,2,Urban,2,Principal Arterial - Other Freeways and Expressways,1,State Highway Agency,3,State Highway,SR-25 EAST,,99998,Not Reported,41.78195000,41.78195000,-70.726733330,-70.726733330,0,No Special Jurisdiction,8,Pedestrian,0,The First Harmful Event was Not a Collision with a Motor Vehicle in Transport,0,No,1,Non-Junction,1,Not an Intersection,0,None,,,1,On Roadway,2,Dark - Not Lighted,,,,,10,Cloudy,0,No,0000000,Not Applicable,20,8:00pm-8:59pm,56,56,21,9:00pm-9:59pm,5,5,21,9:00pm-9:59pm,29,29,,,,,,,1,0
2020,25,250161,Massachusetts,1,1,0,1,1,1,1,5,BRISTOL (5),911,NORTH DARTMOUTH,16,16,7,July,2020,5,Thursday,21,9:00pm-9:59pm,50,50,1,This section IS ON the NHS,2,Urban,3,Principal Arterial - Other,1,State Highway Agency,2,U.S. Highway,US-6 STATE RD,,99998,Not Reported,41.63961944,41.63961944,-71.022994440,-71.022994440,0,No Special Jurisdiction,8,Pedestrian,0,The First Harmful Event was Not a Collision with a Motor Vehicle in Transport,0,No,1,Non-Junction,1,Not an Intersection,0,None,,,1,On Roadway,2,Dark - Not Lighted,,,,,1,Clear,0,No,0000000,Not Applicable,20,8:00pm-8:59pm,55,55,21,9:00pm-9:59pm,0,0,21,9:00pm-9:59pm,50,50,,,,,,,1,0
2020,25,250162,Massachusetts,1,1,0,0,0,2,2,17,MIDDLESEX (17),720,MEDFORD,14,14,5,May,2020,5,Thursday,21,9:00pm-9:59pm,41,41,1,This section IS ON the NHS,2,Urban,3,Principal Arterial - Other,1,State Highway Agency,3,State Highway,SR-28 FELLSWAY WEST,RAYMOND ST,99998,Not Reported,42.42458056,42.42458056,-71.092147220,-71.092147220,0,No Special Jurisdiction,1,Rollover/Overturn,0,The First Harmful Event was Not a Collision with a Motor Vehicle in Transport,0,No,3,Intersection-Related,3,T-Intersection,0,None,,,5,Outside Trafficway,3,Dark - Lighted,,,,,1,Clear,0,No,0000000,Not Applicable,21,9:00pm-9:59pm,16,16,21,9:00pm-9:59pm,22,22,88,"Not Applicable (Not Transported) ",88,Not Applicable (Not Transported),,,,,,,1,1
2020,25,250163,Massachusetts,2,2,0,0,0,3,3,13,HAMPDEN (13),1270,SPRINGFIELD,18,18,7,July,2020,7,Saturday,18,6:00pm-6:59pm,28,28,1,This section IS ON the NHS,2,Urban,3,Principal Arterial - Other,4,City or Municipal Highway Agency,8,Other,STATE ST,BLUNT PARK RD,99998,Not Reported,42.11858056,42.11858056,-72.547194440,-72.547194440,0,No Special Jurisdiction,12,Motor Vehicle In-Transport,6,Angle,0,No,2,Intersection,3,T-Intersection,0,None,,,1,On Roadway,1,Daylight,,,,,1,Clear,0,No,0000000,Not Applicable,18,6:00pm-6:59pm,34,34,18,6:00pm-6:59pm,41,41,19,7:00pm-7:59pm,13,13,,,,,,,1,0
2020,25,250164,Massachusetts,1,1,0,0,0,1,1,13,HAMPDEN (13),1270,SPRINGFIELD,26,26,7,July,2020,1,Sunday,1,1:00am-1:59am,31,31,0,This section IS NOT on the NHS,2,Urban,4,Minor Arterial,4,City or Municipal Highway Agency,8,Other,ALLEN ST,,99998,Not Reported,42.09325833,42.09325833,-72.504383330,-72.504383330,0,No Special Jurisdiction,33,Curb,0,The First Harmful Event was Not a Collision with a Motor Vehicle in Transport,0,No,1,Non-Junction,1,Not an Intersection,0,None,,,4,On Roadside,3,Dark - Lighted,,,,,1,Clear,0,No,0000000,Not Applicable,1,1:00am-1:59am,35,35,1,1:00am-1:59am,39,39,2,2:00am-2:59am,9,9,,,,,,,1,1
2020,25,250165,Massachusetts,3,2,1,0,0,2,2,27,WORCESTER (27),1520,WORCESTER,23,23,7,July,2020,5,Thursday,20,8:00pm-8:59pm,28,28,0,This section IS NOT on the NHS,2,Urban,4,Minor Arterial,1,State Highway Agency,3,State Highway,SR-70 LINCOLN ST,,99998,Not Reported,42.27843889,42.27843889,-71.794158330,-71.794158330,0,No Special Jurisdiction,12,Motor Vehicle In-Transport,6,Angle,0,No,8,Driveway Access Related,1,Not an Intersection,0,None,,,1,On Roadway,3,Dark - Lighted,,,,,10,Cloudy,0,No,0000000,Not Applicable,20,8:00pm-8:59pm,23,23,20,8:00pm-8:59pm,27,27,88,"Not Applicable (Not Transported) ",88,Not Applicable (Not Transported),,,,,,,1,0
2020,25,250166,Massachusetts,1,1,0,1,1,1,1,21,NORFOLK (21),1060,QUINCY,18,18,7,July,2020,7,Saturday,20,8:00pm-8:59pm,32,32,1,This section IS ON the NHS,2,Urban,3,Principal Arterial - Other,4,City or Municipal Highway Agency,3,State Highway,SR-53 QUINCY AVE,SOUTHERN ARTERY,99998,Not Reported,42.23915833,42.23915833,-70.984322220,-70.984322220,0,No Special Jurisdiction,15,Non-Motorist on Personal Conveyance,0,The First Harmful Event was Not a Collision with a Motor Vehicle in Transport,0,No,3,Intersection-Related,98,Not Reported,0,None,,,1,On Roadway,8,Not Reported,,,,,98,Not Reported,0,No,0000000,Not Applicable,20,8:00pm-8:59pm,32,32,20,8:00pm-8:59pm,37,37,20,8:00pm-8:59pm,54,54,,,,,,,1,1
2020,25,250167,Massachusetts,2,2,0,0,0,3,3,5,BRISTOL (5),850,NEW BEDFORD,11,11,4,April,2020,7,Saturday,11,11:00am-11:59am,36,36,0,This section IS NOT on the NHS,2,Urban,5,Major Collector,4,City or Municipal Highway Agency,8,Other,ASHLEY BLVD,WOOD STREET,0,None,41.67878333,41.67878333,-70.933355560,-70.933355560,0,No Special Jurisdiction,12,Motor Vehicle In-Transport,6,Angle,0,No,3,Intersection-Related,98,Not Reported,0,None,,,1,On Roadway,1,Daylight,,,,,98,Not Reported,0,No,0000000,Not Applicable,11,11:00am-11:59am,38,38,11,11:00am-11:59am,40,40,12,12:00pm-12:59pm,18,18,,,,,,,1,0
2020,25,250168,Massachusetts,1,1,0,1,1,1,1,25,SUFFOLK (25),200,CHELSEA,11,11,7,July,2020,7,Saturday,0,0:00am-0:59am,30,30,0,This section IS NOT on the NHS,2,Urban,5,Major Collector,4,City or Municipal Highway Agency,8,Other,SIXTH ST,WALNUT ST,99998,Not Reported,42.39498056,42.39498056,-71.034147220,-71.034147220,0,No Special Jurisdiction,8,Pedestrian,0,The First Harmful Event was Not a Collision with a Motor Vehicle in Transport,0,No,2,Intersection,98,Not Reported,0,None,,,1,On Roadway,6,Dark - Unknown Lighting,,,,,98,Not Reported,0,No,0000000,Not Applicable,0,0:00am-0:59am,21,21,0,0:00am-0:59am,27,27,0,0:00am-0:59am,49,49,,,,,,,1,1