caseyear,state,st_case,statename,ve_total,ve_forms,pvh_invl,peds,pernotmvit,permvit,persons,county,countyname,city,cityname,day,dayname,month,monthname,year,day_week,day_weekname,hour,hourname,minute,minutename,nhs,nhsname,rur_urb,rur_urbname,func_sys,func_sysname,rd_owner,rd_ownername,route,routename,tway_id,tway_id2,milept,mileptname,latitude,latitudename,longitud,longitudname,sp_jur,sp_jurname,harm_ev,harm_evname,man_coll,man_collname,reljct1,reljct1name,reljct2,reljct2name,typ_int,typ_intname,wrk_zone,wrk_zonename,road_fnc,road_fncname,rel_road,rel_roadname,lgt_cond,lgt_condname,weather1,weather1name,weather2,weather2name,weather,weathername,sch_bus,sch_busname,rail,railname,not_hour,not_hourname,not_min,not_minname,arr_hour,arr_hourname,arr_min,arr_minname,hosp_hr,hosp_hrname,hosp_mn,hosp_mnname,cf1,cf1name,cf2,cf2name,cf3,cf3name,fatals,drunk_dr
2020,25,250169,Massachusetts,2,2,0,0,0,3,3,3,BERKSHIRE (3),203,CHESHIRE,1,1,8,August,2020,7,Saturday,15,3:00pm-3:59pm,23,23,0,This section IS NOT on the NHS,2,Urban,5,Major Collector,3,Town or Township Highway Agency,8,Other,LANESBOROUGH RD,,99998,Not Reported,42.55674444,42.55674444,-73.171541670,-73.171541670,0,No Special Jurisdiction,12,Motor Vehicle In-Transport,2,Front-to-Front,0,No,1,Non-Junction,1,Not an Intersection,0,None,,,1,On Roadway,1,Daylight,,,,,1,Clear,0,No,0000000,Not Applicable,15,3:00pm-3:59pm,20,20,15,3:00pm-3:59pm,28,28,16,4:00pm-4:59pm,6,6,,,,,,,1,0
2020,25,250170,Massachusetts,3,3,0,0,0,3,3,21,NORFOLK (21),825,MILTON,2,2,8,August,2020,1,Sunday,0,0:00am-0:59am,21,21,0,This section IS NOT on the NHS,2,Urban,4,Minor Arterial,3,Town or Township Highway Agency,8,Other,TRUMAN PKWY,,99998,Not Reported,42.25997500,42.25997500,-71.106713890,-71.106713890,0,No Special Jurisdiction,12,Motor Vehicle In-Transport,6,Angle,0,No,1,Non-Junction,1,Not an Intersection,0,None,,,1,On Roadway,3,Dark - Lighted,,,,,1,Clear,0,No,0000000,Not Applicable,17,5:00pm-5:59pm,51,51,17,5:00pm-5:59pm,54,54,88,"Not Applicable (Not Transported) ",88,Not Applicable (Not Transported),,,,,,,1,0
2020,25,250171,Massachusetts,1,1,0,0,0,1,1,21,NORFOLK (21),1140,SHARON,8,8,8,August,2020,7,Saturday,15,3:00pm-3:59pm,26,26,1,This section IS ON the NHS,2,Urban,1,Interstate,1,State Highway Agency,1,Interstate,I-95 N,,99998,Not Reported,42.12531667,42.12531667,-71.227450000,-71.227450000,0,No Special Jurisdiction,52,Guardrail End,0,The First Harmful Event was Not a Collision with a Motor Vehicle in Transport,1,Yes,19,Other location within Interchange Area,1,Not an Intersection,4,"Work Zone, Type Unknown",,,4,On Roadside,1,Daylight,,,,,1,Clear,0,No,0000000,Not Applicable,15,3:00pm-3:59pm,19,19,15,3:00pm-3:59pm,26,26,88,"Not Applicable (Not Transported) ",88,Not Applicable (Not Transported),,,,,,,1,1
2020,25,250172,Massachusetts,1,1,0,1,1,1,1,17,MIDDLESEX (17),520,HOPKINTON,9,9,8,August,2020,1,Sunday,15,3:00pm-3:59pm,30,30,1,This section IS ON the NHS,2,Urban,1,Interstate,1,State Highway Agency,1,Interstate,I-90 E,,1050,1050,42.25150000,42.25150000,-71.584700000,-71.584700000,0,No Special Jurisdiction,8,Pedestrian,0,The First Harmful Event was Not a Collision with a Motor Vehicle in Transport,0,No,1,Non-Junction,1,Not an Intersection,0,None,,,1,On Roadway,1,Daylight,,,,,98,Not Reported,0,No,0000000,Not Applicable,15,3:00pm-3:59pm,9,9,15,3:00pm-3:59pm,14,14,88,"Not Applicable (Not Transported) ",88,Not Applicable (Not Transported),,,,,,,1,0
2020,25,250173,Massachusetts,1,1,0,1,1,1,1,23,PLYMOUTH (23),140,BROCKTON,11,11,8,August,2020,3,Tuesday,20,8:00pm-8:59pm,52,52,1,This section IS ON the NHS,2,Urban,3,Principal Arterial - Other,1,State Highway Agency,3,State Highway,SR-123 CENTRE ST,,99998,Not Reported,42.08617222,42.08617222,-70.991425000,-70.991425000,0,No Special Jurisdiction,8,Pedestrian,0,The First Harmful Event was Not a Collision with a Motor Vehicle in Transport,0,No,1,Non-Junction,1,Not an Intersection,0,None,,,1,On Roadway,3,Dark - Lighted,,,,,1,Clear,0,No,0000000,Not Applicable,20,8:00pm-8:59pm,54,54,21,9:00pm-9:59pm,1,1,21,9:00pm-9:59pm,8,8,,,,,,,1,0
2020,25,250174,Massachusetts,1,1,0,1,1,1,1,17,MIDDLESEX (17),240,CONCORD,13,13,8,August,2020,5,Thursday,10,10:00am-10:59am,44,44,0,This section IS NOT on the NHS,2,Urban,3,Principal Arterial - Other,2,County Highway Agency,3,State Highway,SR-62 MAIN ST,THOREAU ST,99998,Not Reported,42.45869444,42.45869444,-71.359027780,-71.359027780,0,No Special Jurisdiction,8,Pedestrian,0,The First Harmful Event was Not a Collision with a Motor Vehicle in Transport,0,No,3,Intersection-Related,2,Four-Way Intersection,0,None,,,1,On Roadway,1,Daylight,,,,,1,Clear,0,No,0000000,Not Applicable,10,10:00am-10:59am,46,46,10,10:00am-10:59am,48,48,11,11:00am-11:59am,10,10,,,,,,,1,0
2020,25,250175,Massachusetts,1,1,0,0,0,1,1,21,NORFOLK (21),1336,WALPOLE,6,6,8,August,2020,5,Thursday,6,6:00am-6:59am,5,5,1,This section IS ON the NHS,2,Urban,1,Interstate,1,State Highway Agency,1,Interstate,I-95,,280,280,42.14582778,42.14582778,-71.204533330,-71.204533330,0,No Special Jurisdiction,42,Tree (Standing Only),0,The First Harmful Event was Not a Collision with a Motor Vehicle in Transport,0,No,1,Non-Junction,1,Not an Intersection,2,Maintenance,,,3,On Median,1,Daylight,,,,,1,Clear,0,No,0000000,Not Applicable,6,6:00am-6:59am,15,15,6,6:00am-6:59am,24,24,6,6:00am-6:59am,54,54,,,,,,,1,0
2020,25,250176,Massachusetts,1,1,0,0,0,1,1,5,BRISTOL (5),1133,TOWN OF REHOBOTH,8,8,8,August,2020,7,Saturday,3,3:00am-3:59am,22,22,1,This section IS ON the NHS,2,Urban,1,Interstate,1,State Highway Agency,1,Interstate,I-195 E,,99998,Not Reported,41.80467500,41.80467500,-71.335675000,-71.335675000,0,No Special Jurisdiction,1,Rollover/Overturn,0,The First Harmful Event was Not a Collision with a Motor Vehicle in Transport,0,No,1,Non-Junction,1,Not an Intersection,0,None,,,3,On Median,2,Dark - Not Lighted,,,,,10,Cloudy,0,No,0000000,Not Applicable,3,3:00am-3:59am,23,23,3,3:00am-3:59am,29,29,3,3:00am-3:59am,48,48,,,,,,,1,0
2020,25,250177,Massachusetts,1,1,0,1,1,2,2,21,NORFOLK (21),1060,QUINCY,15,15,8,August,2020,7,Saturday,11,11:00am-11:59am,20,20,0,This section IS NOT on the NHS,2,Urban,4,Minor Arterial,4,City or Municipal Highway Agency,8,Other,QUINCY SHORE DR,WEST ELM AVE,99998,Not Reported,42.27712500,42.27712500,-71.011047220,-71.011047220,0,No Special Jurisdiction,8,Pedestrian,0,The First Harmful Event was Not a Collision with a Motor Vehicle in Transport,0,No,3,Intersection-Related,3,T-Intersection,0,None,,,1,On Roadway,1,Daylight,,,,,1,Clear,0,No,0000000,Not Applicable,11,11:00am-11:59am,21,21,11,11:00am-11:59am,25,25,11,11:00am-11:59am,47,47,,,,,,,1,0
2020,25,250178,Massachusetts,3,3,0,0,0,4,4,17,MIDDLESEX (17),195,CHELMSFORD,11,11,7,July,2020,7,Saturday,14,2:00pm-2:59pm,55,55,1,This section IS ON the NHS,2,Urban,1,Interstate,1,State Highway Agency,1,Interstate,I-495 N,,892,892,42.60736667,42.60736667,-71.324083330,-71.324083330,0,No Special Jurisdiction,12,Motor Vehicle In-Transport,6,Angle,1,Yes,18,Through Roadway,1,Not an Intersection,0,None,,,1,On Roadway,1,Daylight,,,,,10,Cloudy,0,No,0000000,Not Applicable,14,2:00pm-2:59pm,58,58,15,3:00pm-3:59pm,4,4,99,Unknown,99,Unknown EMS Hospital Arrival Time,,,,,,,1,0
2020,25,250179,Massachusetts,1,1,0,1,1,1,1,27,WORCESTER (27),1380,WEBSTER,3,3,8,August,2020,2,Monday,7,7:00am-7:59am,0,0,0,This section IS NOT on the NHS,2,Urban,4,Minor Arterial,3,Town or Township Highway Agency,3,State Highway,SR-193 THOMPSON RD,,0,None,42.05810278,42.05810278,-71.863350000,-71.863350000,0,No Special Jurisdiction,8,Pedestrian,0,The First Harmful Event was Not a Collision with a Motor Vehicle in Transport,0,No,1,Non-Junction,1,Not an Intersection,0,None,,,1,On Roadway,1,Daylight,,,,,1,Clear,0,No,0000000,Not Applicable,7,7:00am-7:59am,14,14,7,7:00am-7:59am,14,14,7,7:00am-7:59am,38,38,,,,,,,1,0
2020,25,250180,Massachusetts,1,1,0,1,1,1,1,5,BRISTOL (5),320,FALL RIVER,2,2,8,August,2020,1,Sunday,9,9:00am-9:59am,20,20,0,This section IS NOT on the NHS,2,Urban,4,Minor Arterial,4,City or Municipal Highway Agency,8,Other,BEDFORD ST,,0,None,41.69950556,41.69950556,-71.142688890,-71.142688890,0,No Special Jurisdiction,8,Pedestrian,0,The First Harmful Event was Not a Collision with a Motor Vehicle in Transport,0,No,1,Non-Junction,1,Not an Intersection,0,None,,,1,On Roadway,1,Daylight,,,,,1,Clear,0,No,0000000,Not Applicable,9,9:00am-9:59am,26,26,9,9:00am-9:59am,27,27,10,10:00am-10:59am,1,1,,,,,,,1,0
2020,25,250182,Massachusetts,3,3,0,0,0,4,4,23,PLYMOUTH (23),140,BROCKTON,23,23,8,August,2020,1,Sunday,3,3:00am-3:59am,8,8,1,This section IS ON the NHS,2,Urban,3,Principal Arterial - Other,1,State Highway Agency,3,State Highway,SR-27 REYNOLDS MEMORIAL HWY," ",99998,Not Reported,42.09361667,42.09361667,-71.058325000,-71.058325000,0,No Special Jurisdiction,12,Motor Vehicle In-Transport,2,Front-to-Front,1,Yes,18,Through Roadway,1,Not an Intersection,0,None,,,1,On Roadway,6,Dark - Unknown Lighting,,,,,5,"Fog, Smog, Smoke",0,No,0000000,Not Applicable,3,3:00am-3:59am,14,14,3,3:00am-3:59am,16,16,3,3:00am-3:59am,47,47,,,,,,,3,0
2020,25,250183,Massachusetts,1,1,0,0,0,1,1,25,SUFFOLK (25),120,BOSTON,11,11,8,August,2020,3,Tuesday,0,0:00am-0:59am,27,27,0,This section IS NOT on the NHS,2,Urban,4,Minor Arterial,4,City or Municipal Highway Agency,8,Other,WOOD AVE,,0,None,42.27204722,42.27204722,-71.110469440,-71.110469440,0,No Special Jurisdiction,33,Curb,0,The First Harmful Event was Not a Collision with a Motor Vehicle in Transport,0,No,1,Non-Junction,1,Not an Intersection,0,None,,,4,On Roadside,3,Dark - Lighted,,,,,1,Clear,0,No,0000000,Not Applicable,0,0:00am-0:59am,28,28,0,0:00am-0:59am,35,35,88,"Not Applicable (Not Transported) ",88,Not Applicable (Not Transported),,,,,,,1,1
2020,25,250184,Massachusetts,4,4,0,0,0,7,7,17,MIDDLESEX (17),240,CONCORD,6,6,8,August,2020,5,Thursday,14,2:00pm-2:59pm,50,50,1,This section IS ON the NHS,2,Urban,3,Principal Arterial - Other,1,State Highway Agency,3,State Highway,SR-2 E,,99998,Not Reported,42.44823889,42.44823889,-71.362736110,-71.362736110,0,No Special Jurisdiction,12,Motor Vehicle In-Transport,1,Front-to-Rear,0,No,1,Non-Junction,1,Not an Intersection,0,None,,,1,On Roadway,1,Daylight,,,,,1,Clear,0,No,0000000,Not Applicable,15,3:00pm-3:59pm,53,53,15,3:00pm-3:59pm,57,57,16,4:00pm-4:59pm,11,11,,,,,,,1,0
2020,25,250185,Massachusetts,1,1,0,1,1,1,1,9,ESSEX (9),650,LYNN,29,29,6,June,2020,2,Monday,23,11:00pm-11:59pm,28,28,1,This section IS ON the NHS,2,Urban,3,Principal Arterial - Other,4,City or Municipal Highway Agency,3,State Highway,SR-1A THE LYNNWAY,NONE,99998,Not Reported,42.45797222,42.45797222,-70.949172220,-70.949172220,0,No Special Jurisdiction,8,Pedestrian,0,The First Harmful Event was Not a Collision with a Motor Vehicle in Transport,0,No,3,Intersection-Related,2,Four-Way Intersection,0,None,,,1,On Roadway,3,Dark - Lighted,,,,,10,Cloudy,0,No,0000000,Not Applicable,23,11:00pm-11:59pm,29,29,23,11:00pm-11:59pm,39,39,99,Unknown,99,Unknown EMS Hospital Arrival Time,,,,,,,1,0
2020,25,250186,Massachusetts,1,1,0,0,0,2,2,25,SUFFOLK (25),120,BOSTON,18,18,8,August,2020,3,Tuesday,10,10:00am-10:59am,29,29,0,This section IS NOT on the NHS,2,Urban,4,Minor Arterial,4,City or Municipal Highway Agency,8,Other,FORSYTH WAY,HEMENWAY ST,0,None,42.33950556,42.33950556,-71.092547220,-71.092547220,0,No Special Jurisdiction,33,Curb,0,The First Harmful Event was Not a Collision with a Motor Vehicle in Transport,0,No,3,Intersection-Related,3,T-Intersection,0,None,,,4,On Roadside,1,Daylight,,,,,1,Clear,0,No,0000000,Not Applicable,11,11:00am-11:59am,43,43,11,11:00am-11:59am,50,50,12,12:00pm-12:59pm,4,4,,,,,,,1,0
2020,25,250187,Massachusetts,1,1,0,0,0,1,1,19,NANTUCKET (19),840,NANTUCKET,19,19,8,August,2020,4,Wednesday,22,10:00pm-10:59pm,28,28,0,This section IS NOT on the NHS,1,Rural,7,Local,3,Town or Township Highway Agency,8,Other,TOM NEVERS RD,,0,None,41.24367500,41.24367500,-69.998430560,-69.998430560,0,No Special Jurisdiction,41,Shrubbery,0,The First Harmful Event was Not a Collision with a Motor Vehicle in Transport,0,No,1,Non-Junction,1,Not an Intersection,0,None,,,5,Outside Trafficway,2,Dark - Not Lighted,,,,,1,Clear,0,No,0000000,Not Applicable,22,10:00pm-10:59pm,25,25,22,10:00pm-10:59pm,36,36,23,11:00pm-11:59pm,2,2,,,,,,,1,1
2020,25,250188,Massachusetts,1,1,0,2,2,1,1,23,PLYMOUTH (23),140,BROCKTON,17,17,8,August,2020,2,Monday,23,11:00pm-11:59pm,51,51,1,This section IS ON the NHS,2,Urban,3,Principal Arterial - Other,1,State Highway Agency,3,State Highway,SR-123 BELMONT ST,,99998,Not Reported,42.06744167,42.06744167,-71.051072220,-71.051072220,0,No Special Jurisdiction,8,Pedestrian,0,The First Harmful Event was Not a Collision with a Motor Vehicle in Transport,0,No,1,Non-Junction,1,Not an Intersection,0,None,,,1,On Roadway,3,Dark - Lighted,,,,,10,Cloudy,0,No,0000000,Not Applicable,23,11:00pm-11:59pm,54,54,23,11:00pm-11:59pm,58,58,0,0:00am-0:59am,23,23,,,,,,,1,0
2020,25,250189,Massachusetts,1,1,0,0,0,1,1,5,BRISTOL (5),299,EASTON,27,27,8,August,2020,5,Thursday,13,1:00pm-1:59pm,36,36,0,This section IS NOT on the NHS,2,Urban,4,Minor Arterial,3,Town or Township Highway Agency,8,Other,MAIN ST,,0,None,42.06853056,42.06853056,-71.077450000,-71.077450000,0,No Special Jurisdiction,42,Tree (Standing Only),0,The First Harmful Event was Not a Collision with a Motor Vehicle in Transport,0,No,1,Non-Junction,1,Not an Intersection,0,None,,,5,Outside Trafficway,1,Daylight,,,,,2,Rain,0,No,0000000,Not Applicable,13,1:00pm-1:59pm,36,36,13,1:00pm-1:59pm,42,42,14,2:00pm-2:59pm,18,18,,,,,,,1,0
2020,25,250190,Massachusetts,1,1,0,1,1,3,3,9,ESSEX (9),650,LYNN,29,29,6,June,2020,2,Monday,15,3:00pm-3:59pm,49,49,1,This section IS ON the NHS,2,Urban,3,Principal Arterial - Other,4,City or Municipal Highway Agency,3,State Highway,SR-1A,NONE,99998,Not Reported,42.45821111,42.45821111,-70.949038890,-70.949038890,0,No Special Jurisdiction,15,Non-Motorist on Personal Conveyance,0,The First Harmful Event was Not a Collision with a Motor Vehicle in Transport,0,No,3,Intersection-Related,3,T-Intersection,0,None,,,1,On Roadway,1,Daylight,,,,,1,Clear,0,No,0000000,Not Applicable,15,3:00pm-3:59pm,46,46,15,3:00pm-3:59pm,52,52,16,4:00pm-4:59pm,21,21,,,,,,,1,0
2020,25,250191,Massachusetts,1,1,0,1,1,1,1,5,BRISTOL (5),315,FAIRHAVEN,25,25,8,August,2020,3,Tuesday,23,11:00pm-11:59pm,0,0,1,This section IS ON the NHS,2,Urban,3,Principal Arterial - Other,1,State Highway Agency,2,U.S. Highway,US-6 HUTTLESON AVE,,99998,Not Reported,41.64154167,41.64154167,-70.885900000,-70.885900000,0,No Special Jurisdiction,8,Pedestrian,0,The First Harmful Event was Not a Collision with a Motor Vehicle in Transport,0,No,1,Non-Junction,1,Not an Intersection,0,None,,,1,On Roadway,3,Dark - Lighted,,,,,10,Cloudy,0,No,0000000,Not Applicable,22,10:00pm-10:59pm,56,56,22,10:00pm-10:59pm,57,57,23,11:00pm-11:59pm,20,20,,,,,,,1,0
2020,25,250192,Massachusetts,2,1,1,0,0,1,1,27,WORCESTER (27),117,BOLTON,18,18,8,August,2020,3,Tuesday,2,2:00am-2:59am,45,45,1,This section IS ON the NHS,1,Rural,1,Interstate,1,State Highway Agency,1,Interstate,I-495 S,,682,682,42.40787778,42.40787778,-71.608975000,-71.608975000,0,No Special Jurisdiction,14,Parked Motor Vehicle,0,The First Harmful Event was Not a Collision with a Motor Vehicle in Transport,0,No,1,Non-Junction,1,Not an Intersection,0,None,,,2,On Shoulder,2,Dark - Not Lighted,,,,,10,Cloudy,0,No,0000000,Not Applicable,2,2:00am-2:59am,34,34,2,2:00am-2:59am,37,37,88,"Not Applicable (Not Transported) ",88,Not Applicable (Not Transported),,,,,,,1,0
2020,25,250193,Massachusetts,2,1,1,1,1,1,1,23,PLYMOUTH (23),140,BROCKTON,21,21,8,August,2020,6,Friday,7,7:00am-7:59am,15,15,1,This section IS ON the NHS,2,Urban,2,Principal Arterial - Other Freeways and Expressways,1,State Highway Agency,3,State Highway,SR-24 S,,99998,Not Reported,42.09282778,42.09282778,-71.059747220,-71.059747220,0,No Special Jurisdiction,14,Parked Motor Vehicle,0,The First Harmful Event was Not a Collision with a Motor Vehicle in Transport,1,Yes,19,Other location within Interchange Area,1,Not an Intersection,0,None,,,2,On Shoulder,1,Daylight,,,,,1,Clear,0,No,0000000,Not Applicable,7,7:00am-7:59am,19,19,7,7:00am-7:59am,28,28,7,7:00am-7:59am,40,40,,,,,,,1,0
2020,25,250194,Massachusetts,2,2,0,0,0,2,2,5,BRISTOL (5),1064,RAYNHAM CENTER,28,28,8,August,2020,6,Friday,15,3:00pm-3:59pm,42,42,1,This section IS ON the NHS,2,Urban,2,Principal Arterial - Other Freeways and Expressways,1,State Highway Agency,3,State Highway,SR-24 S,,99998,Not Reported,41.90441944,41.90441944,-71.043702780,-71.043702780,0,No Special Jurisdiction,12,Motor Vehicle In-Transport,7,Sideswipe - Same Direction,1,Yes,5,Entrance/Exit Ramp Related,1,Not an Intersection,0,None,,,1,On Roadway,1,Daylight,,,,,10,Cloudy,0,No,0000000,Not Applicable,15,3:00pm-3:59pm,45,45,15,3:00pm-3:59pm,47,47,88,"Not Applicable (Not Transported) ",88,Not Applicable (Not Transported),,,,,,,1,0
2020,25,250195,Massachusetts,2,2,0,0,0,2,2,17,MIDDLESEX (17),195,CHELMSFORD,4,4,8,August,2020,3,Tuesday,21,9:00pm-9:59pm,26,26,0,This section IS NOT on the NHS,2,Urban,5,Major Collector,3,Town or Township Highway Agency,8,Other,SCHOOL ST,GRANITEVILLE RD,0,None,42.61277778,42.61277778,-71.397777780,-71.397777780,0,No Special Jurisdiction,12,Motor Vehicle In-Transport,2,Front-to-Front,0,No,2,Intersection,2,Four-Way Intersection,0,None,,,1,On Roadway,3,Dark - Lighted,,,,,10,Cloudy,0,No,0000000,Not Applicable,21,9:00pm-9:59pm,28,28,21,9:00pm-9:59pm,38,38,99,Unknown,99,Unknown EMS Hospital Arrival Time,,,,,,,1,1
2020,25,250196,Massachusetts,5,5,0,0,0,8,8,25,SUFFOLK (25),120,BOSTON,22,22,8,August,2020,7,Saturday,19,7:00pm-7:59pm,10,10,1,This section IS ON the NHS,2,Urban,1,Interstate,1,State Highway Agency,1,Interstate,I-93 N,,99998,Not Reported,42.30063333,42.30063333,-71.048455560,-71.048455560,0,No Special Jurisdiction,52,Guardrail End,0,The First Harmful Event was Not a Collision with a Motor Vehicle in Transport,1,Yes,19,Other location within Interchange Area,1,Not an Intersection,0,None,,,4,On Roadside,3,Dark - Lighted,,,,,1,Clear,0,No,0000000,Not Applicable,19,7:00pm-7:59pm,43,43,19,7:00pm-7:59pm,47,47,99,Unknown,99,Unknown EMS Hospital Arrival Time,,,,,,,1,1
2020,25,250197,Massachusetts,1,1,0,0,0,1,1,23,PLYMOUTH (23),1360,WAREHAM,26,26,9,September,2020,7,Saturday,16,4:00pm-4:59pm,13,13,0,This section IS NOT on the NHS,2,Urban,4,Minor Arterial,3,Town or Township Highway Agency,3,State Highway,SR-58,,99998,Not Reported,41.80867222,41.80867222,-70.767463890,-70.767463890,0,No Special Jurisdiction,42,Tree (Standing Only),0,The First Harmful Event was Not a Collision with a Motor Vehicle in Transport,0,No,1,Non-Junction,1,Not an Intersection,0,None,,,5,Outside Trafficway,1,Daylight,,,,,1,Clear,0,No,0000000,Not Applicable,16,4:00pm-4:59pm,13,13,16,4:00pm-4:59pm,20,20,88,"Not Applicable (Not Transported) ",88,Not Applicable (Not Transported),,,,,,,1,1
2020,25,250198,Massachusetts,2,2,0,0,0,2,2,21,NORFOLK (21),180,CANTON,21,21,9,September,2020,2,Monday,13,1:00pm-1:59pm,43,43,1,This section IS ON the NHS,2,Urban,3,Principal Arterial - Other,1,State Highway Agency,3,State Highway,SR-138 WASHINGTON ST,,0,None,42.19930833,42.19930833,-71.119147220,-71.119147220,0,No Special Jurisdiction,12,Motor Vehicle In-Transport,6,Angle,0,No,8,Driveway Access Related,1,Not an Intersection,0,None,,,1,On Roadway,1,Daylight,,,,,1,Clear,0,No,0000000,Not Applicable,99,Unknown,99,Unknown,99,Unknown EMS Scene Arrival Hour,99,Unknown EMS Scene Arrival Minutes,99,Unknown,99,Unknown EMS Hospital Arrival Time,,,,,,,1,0
2020,25,250199,Massachusetts,2,2,0,0,0,2,2,21,NORFOLK (21),1276,STOUGHTON,27,27,9,September,2020,1,Sunday,1,1:00am-1:59am,52,52,1,This section IS ON the NHS,2,Urban,3,Principal Arterial - Other,1,State Highway Agency,3,State Highway,SR-139 LINDELOLF AVE,,0,None,42.15700000,42.15700000,-71.069050000,-71.069050000,0,No Special Jurisdiction,12,Motor Vehicle In-Transport,1,Front-to-Rear,1,Yes,18,Through Roadway,1,Not an Intersection,0,None,,,1,On Roadway,2,Dark - Not Lighted,,,,,1,Clear,0,No,0000000,Not Applicable,1,1:00am-1:59am,52,52,1,1:00am-1:59am,58,58,88,"Not Applicable (Not Transported) ",88,Not Applicable (Not Transported),,,,,,,1,0
2020,25,250200,Massachusetts,1,1,0,0,0,1,1,5,BRISTOL (5),320,FALL RIVER,9,9,9,September,2020,4,Wednesday,16,4:00pm-4:59pm,35,35,1,This section IS ON the NHS,2,Urban,2,Principal Arterial - Other Freeways and Expressways,1,State Highway Agency,3,State Highway,SR-79 S,,99998,Not Reported,41.76156111,41.76156111,-71.105700000,-71.105700000,0,No Special Jurisdiction,33,Curb,0,The First Harmful Event was Not a Collision with a Motor Vehicle in Transport,0,No,1,Non-Junction,1,Not an Intersection,0,None,,,3,On Median,1,Daylight,,,,,10,Cloudy,0,No,0000000,Not Applicable,16,4:00pm-4:59pm,33,33,16,4:00pm-4:59pm,36,36,17,5:00pm-5:59pm,5,5,,,,,,,1,0
2020,25,250201,Massachusetts,1,1,0,0,0,1,1,23,PLYMOUTH (23),564,LAKEVILLE,11,11,9,September,2020,6,Friday,9,9:00am-9:59am,59,59,0,This section IS NOT on the NHS,2,Urban,7,Local,1,State Highway Agency,8,Other,KINGMAN ST,,99998,Not Reported,41.84529722,41.84529722,-70.995347220,-70.995347220,0,No Special Jurisdiction,42,Tree (Standing Only),0,The First Harmful Event was Not a Collision with a Motor Vehicle in Transport,0,No,1,Non-Junction,1,Not an Intersection,0,None,,,5,Outside Trafficway,1,Daylight,,,,,10,Cloudy,0,No,0000000,Not Applicable,9,9:00am-9:59am,58,58,10,10:00am-10:59am,4,4,10,10:00am-10:59am,40,40,,,,,,,1,0
2020,25,250202,Massachusetts,2,2,0,0,0,6,6,13,HAMPDEN (13),1270,SPRINGFIELD,21,21,9,September,2020,2,Monday,19,7:00pm-7:59pm,13,13,1,This section IS ON the NHS,2,Urban,3,Principal Arterial - Other,4,City or Municipal Highway Agency,8,Other,STATE ST,,0,None,42.10758333,42.10758333,-72.577769440,-72.577769440,0,No Special Jurisdiction,12,Motor Vehicle In-Transport,6,Angle,0,No,1,Non-Junction,1,Not an Intersection,0,None,,,1,On Roadway,3,Dark - Lighted,,,,,1,Clear,0,No,0000000,Not Applicable,99,Unknown,99,Unknown,99,Unknown EMS Scene Arrival Hour,99,Unknown EMS Scene Arrival Minutes,99,Unknown,99,Unknown EMS Hospital Arrival Time,,,,,,,1,0
2020,25,250203,Massachusetts,1,1,0,0,0,1,1,5,BRISTOL (5),251,RUSSELLS MILLS,8,8,7,July,2020,4,Wednesday,5,5:00am-5:59am,18,18,1,This section IS ON the NHS,2,Urban,1,Interstate,1,State Highway Agency,1,Interstate,I-195 E,,210,210,41.65542222,41.65542222,-71.006813890,-71.006813890,0,No Special Jurisdiction,1,Rollover/Overturn,0,The First Harmful Event was Not a Collision with a Motor Vehicle in Transport,0,No,1,Non-Junction,1,Not an Intersection,4,"Work Zone, Type Unknown",,,4,On Roadside,4,Dawn,,,,,10,Cloudy,0,No,0000000,Not Applicable,5,5:00am-5:59am,18,18,5,5:00am-5:59am,27,27,5,5:00am-5:59am,59,59,,,,,,,1,0
2020,25,250204,Massachusetts,1,1,0,0,0,1,1,9,ESSEX (9),35,ANDOVER,25,25,7,July,2020,7,Saturday,23,11:00pm-11:59pm,16,16,0,This section IS NOT on the NHS,2,Urban,4,Minor Arterial,3,Town or Township Highway Agency,8,Other,DASCOMB RD,,0,None,42.63531667,42.63531667,-71.165391670,-71.165391670,0,No Special Jurisdiction,42,Tree (Standing Only),0,The First Harmful Event was Not a Collision with a Motor Vehicle in Transport,0,No,1,Non-Junction,1,Not an Intersection,0,None,,,5,Outside Trafficway,3,Dark - Lighted,,,,,1,Clear,0,No,0000000,Not Applicable,23,11:00pm-11:59pm,18,18,23,11:00pm-11:59pm,25,25,88,"Not Applicable (Not Transported) ",88,Not Applicable (Not Transported),,,,,,,1,1
2020,25,250205,Massachusetts,2,2,0,0,0,2,2,9,ESSEX (9),1110,SALEM,25,25,6,June,2020,5,Thursday,23,11:00pm-11:59pm,7,7,0,This section IS NOT on the NHS,2,Urban,4,Minor Arterial,4,City or Municipal Highway Agency,8,Other,JEFFERSON AVE,,99998,Not Reported,42.50228056,42.50228056,-70.899411110,-70.899411110,0,No Special Jurisdiction,12,Motor Vehicle In-Transport,2,Front-to-Front,0,No,1,Non-Junction,1,Not an Intersection,0,None,,,1,On Roadway,3,Dark - Lighted,,,,,1,Clear,0,No,0000000,Not Applicable,23,11:00pm-11:59pm,9,9,23,11:00pm-11:59pm,15,15,23,11:00pm-11:59pm,27,27,,,,,,,1,1
2020,25,250206,Massachusetts,2,2,0,0,0,2,2,13,HAMPDEN (13),15,SPRINGFIELD,1,1,9,September,2020,3,Tuesday,15,3:00pm-3:59pm,7,7,0,This section IS NOT on the NHS,2,Urban,4,Minor Arterial,1,State Highway Agency,3,State Highway,SR-187 N WESTFIELD ST,YALE AVE,0,None,42.07402778,42.07402778,-72.678480560,-72.678480560,0,No Special Jurisdiction,12,Motor Vehicle In-Transport,2,Front-to-Front,0,No,2,Intersection,3,T-Intersection,0,None,,,1,On Roadway,1,Daylight,,,,,10,Cloudy,0,No,0000000,Not Applicable,15,3:00pm-3:59pm,8,8,15,3:00pm-3:59pm,9,9,15,3:00pm-3:59pm,25,25,,,,,,,1,0