caseyear,state,st_case,statename,ve_total,ve_forms,pvh_invl,peds,pernotmvit,permvit,persons,county,countyname,city,cityname,day,dayname,month,monthname,year,day_week,day_weekname,hour,hourname,minute,minutename,nhs,nhsname,rur_urb,rur_urbname,func_sys,func_sysname,rd_owner,rd_ownername,route,routename,tway_id,tway_id2,milept,mileptname,latitude,latitudename,longitud,longitudname,sp_jur,sp_jurname,harm_ev,harm_evname,man_coll,man_collname,reljct1,reljct1name,reljct2,reljct2name,typ_int,typ_intname,wrk_zone,wrk_zonename,road_fnc,road_fncname,rel_road,rel_roadname,lgt_cond,lgt_condname,weather1,weather1name,weather2,weather2name,weather,weathername,sch_bus,sch_busname,rail,railname,not_hour,not_hourname,not_min,not_minname,arr_hour,arr_hourname,arr_min,arr_minname,hosp_hr,hosp_hrname,hosp_mn,hosp_mnname,cf1,cf1name,cf2,cf2name,cf3,cf3name,fatals,drunk_dr
2021,25,250060,Massachusetts,2,2,0,0,0,6,6,21,NORFOLK (21),180,CANTON,6,6,3,March,2021,7,Saturday,22,10:00pm-10:59pm,37,37,1,This section IS ON the NHS,2,Urban,1,Interstate,1,State Highway Agency,1,Interstate,I-93,,99998,Not Reported,42.20405556,42.20405556,-71.119475000,-71.119475000,0,No Special Jurisdiction,12,Motor Vehicle In-Transport,1,Front-to-Rear,0,No,5,Entrance/Exit Ramp Related,1,Not an Intersection,0,None,,,1,On Roadway,2,Dark - Not Lighted,,,,,1,Clear,0,No,0000000,Not Applicable,22,10:00pm-10:59pm,43,43,22,10:00pm-10:59pm,52,52,23,11:00pm-11:59pm,20,20,,,,,,,1,
2021,25,250061,Massachusetts,2,2,0,0,0,2,2,27,WORCESTER (27),1520,WORCESTER,2,2,4,April,2021,6,Friday,18,6:00pm-6:59pm,19,19,1,This section IS ON the NHS,2,Urban,3,Principal Arterial - Other,1,State Highway Agency,2,U.S. Highway,US-20 SOUTHWEST CUTOFF,,99998,Not Reported,42.22731389,42.22731389,-71.759211110,-71.759211110,0,No Special Jurisdiction,12,Motor Vehicle In-Transport,6,Angle,0,No,8,Driveway Access Related,1,Not an Intersection,0,None,,,1,On Roadway,1,Daylight,,,,,1,Clear,0,No,0000000,Not Applicable,18,6:00pm-6:59pm,20,20,18,6:00pm-6:59pm,29,29,19,7:00pm-7:59pm,0,0,,,,,,,1,
2021,25,250062,Massachusetts,2,2,0,0,0,3,3,27,WORCESTER (27),1283,TEMPLETON,2,2,4,April,2021,6,Friday,20,8:00pm-8:59pm,17,17,0,This section IS NOT on the NHS,2,Urban,4,Minor Arterial,1,State Highway Agency,2,U.S. Highway,US-202 ELM ST,BRIDGE ST,0,None,42.61039167,42.61039167,-72.075811110,-72.075811110,0,No Special Jurisdiction,1,Rollover/Overturn,0,The First Harmful Event was Not a Collision with a Motor Vehicle in Transport,0,No,2,Intersection,3,T-Intersection,0,None,,,1,On Roadway,3,Dark - Lighted,,,,,10,Cloudy,0,No,0000000,Not Applicable,20,8:00pm-8:59pm,21,21,20,8:00pm-8:59pm,21,21,88,"Not Applicable (Not Transported) ",88,Not Applicable (Not Transported),,,,,,,1,
2021,25,250063,Massachusetts,2,2,0,0,0,2,2,13,HAMPDEN (13),500,HOLYOKE,3,3,4,April,2021,7,Saturday,12,12:00pm-12:59pm,0,0,1,This section IS ON the NHS,2,Urban,1,Interstate,1,State Highway Agency,1,Interstate,I-91,,174,174,42.22676389,42.22676389,-72.636850000,-72.636850000,0,No Special Jurisdiction,12,Motor Vehicle In-Transport,2,Front-to-Front,0,No,1,Non-Junction,1,Not an Intersection,0,None,,,1,On Roadway,1,Daylight,,,,,1,Clear,0,No,0000000,Not Applicable,12,12:00pm-12:59pm,3,3,12,12:00pm-12:59pm,10,10,99,Unknown,99,Unknown EMS Hospital Arrival Time,,,,,,,2,
2021,25,250064,Massachusetts,1,1,0,0,0,1,1,23,PLYMOUTH (23),130,BRIDGEWATER,4,4,4,April,2021,1,Sunday,20,8:00pm-8:59pm,24,24,0,This section IS NOT on the NHS,2,Urban,7,Local,4,City or Municipal Highway Agency,8,Other," FOREST ST",,0,None,41.95661944,41.95661944,-71.000838890,-71.000838890,0,No Special Jurisdiction,42,Tree (Standing Only),0,The First Harmful Event was Not a Collision with a Motor Vehicle in Transport,0,No,1,Non-Junction,1,Not an Intersection,0,None,,,4,On Roadside,6,Dark - Unknown Lighting,,,,,1,Clear,0,No,0000000,Not Applicable,20,8:00pm-8:59pm,24,24,20,8:00pm-8:59pm,28,28,99,Unknown,99,Unknown EMS Hospital Arrival Time,,,,,,,1,
2021,25,250065,Massachusetts,1,1,0,0,0,1,1,21,NORFOLK (21),825,MILTON,7,7,4,April,2021,4,Wednesday,3,3:00am-3:59am,28,28,1,This section IS ON the NHS,2,Urban,3,Principal Arterial - Other,1,State Highway Agency,3,State Highway,"SR-138 BLUE HILL AVE ",,99998,Not Reported,42.22297222,42.22297222,-71.118388890,-71.118388890,0,No Special Jurisdiction,30,Utility Pole/Light Support,0,The First Harmful Event was Not a Collision with a Motor Vehicle in Transport,0,No,1,Non-Junction,1,Not an Intersection,0,None,,,4,On Roadside,3,Dark - Lighted,,,,,1,Clear,0,No,0000000,Not Applicable,3,3:00am-3:59am,29,29,3,3:00am-3:59am,36,36,88,"Not Applicable (Not Transported) ",88,Not Applicable (Not Transported),,,,,,,1,
2021,25,250066,Massachusetts,1,1,0,0,0,1,1,23,PLYMOUTH (23),475,HINGHAM,9,9,4,April,2021,6,Friday,7,7:00am-7:59am,20,20,1,This section IS ON the NHS,2,Urban,2,Principal Arterial - Other Freeways and Expressways,1,State Highway Agency,3,State Highway,SR-3,,566,566,42.16783056,42.16783056,-70.898825000,-70.898825000,0,No Special Jurisdiction,42,Tree (Standing Only),0,The First Harmful Event was Not a Collision with a Motor Vehicle in Transport,1,Yes,19,Other location within Interchange Area,1,Not an Intersection,0,None,,,3,On Median,1,Daylight,,,,,1,Clear,0,No,0000000,Not Applicable,7,7:00am-7:59am,24,24,7,7:00am-7:59am,33,33,99,Unknown,99,Unknown EMS Hospital Arrival Time,,,,,,,1,
2021,25,250067,Massachusetts,1,1,0,0,0,1,1,25,SUFFOLK (25),1070,REVERE,10,10,4,April,2021,7,Saturday,9,9:00am-9:59am,12,12,1,This section IS ON the NHS,2,Urban,2,Principal Arterial - Other Freeways and Expressways,1,State Highway Agency,2,U.S. Highway,US-1,,99998,Not Reported,42.40632778,42.40632778,-71.026355560,-71.026355560,0,No Special Jurisdiction,24,Guardrail Face,0,The First Harmful Event was Not a Collision with a Motor Vehicle in Transport,0,No,1,Non-Junction,1,Not an Intersection,0,None,,,4,On Roadside,1,Daylight,,,,,10,Cloudy,0,No,0000000,Not Applicable,9,9:00am-9:59am,22,22,9,9:00am-9:59am,25,25,9,9:00am-9:59am,46,46,,,,,,,1,
2021,25,250068,Massachusetts,1,1,0,0,0,1,1,13,HAMPDEN (13),636,LUDLOW,10,10,4,April,2021,7,Saturday,22,10:00pm-10:59pm,16,16,0,This section IS NOT on the NHS,2,Urban,7,Local,3,Town or Township Highway Agency,8,Other,MILLER ST,,0,None,42.17468889,42.17468889,-72.445441670,-72.445441670,1,National Park Service,30,Utility Pole/Light Support,0,The First Harmful Event was Not a Collision with a Motor Vehicle in Transport,0,No,1,Non-Junction,1,Not an Intersection,0,None,,,4,On Roadside,3,Dark - Lighted,,,,,1,Clear,0,No,0000000,Not Applicable,22,10:00pm-10:59pm,16,16,22,10:00pm-10:59pm,22,22,88,"Not Applicable (Not Transported) ",88,Not Applicable (Not Transported),,,,,,,1,
2021,25,250069,Massachusetts,10,1,9,0,0,1,1,27,WORCESTER (27),900,NORTHBOROUGH,11,11,4,April,2021,1,Sunday,19,7:00pm-7:59pm,27,27,1,This section IS ON the NHS,2,Urban,3,Principal Arterial - Other,1,State Highway Agency,3,State Highway,SR-9 BELMONT ST,,99998,Not Reported,42.28302500,42.28302500,-71.662377780,-71.662377780,0,No Special Jurisdiction,31,"Post, Pole or Other Supports",0,The First Harmful Event was Not a Collision with a Motor Vehicle in Transport,0,No,1,Non-Junction,1,Not an Intersection,0,None,,,5,Outside Trafficway,5,Dusk,,,,,10,Cloudy,0,No,0000000,Not Applicable,19,7:00pm-7:59pm,27,27,19,7:00pm-7:59pm,34,34,88,"Not Applicable (Not Transported) ",88,Not Applicable (Not Transported),,,,,,,1,
2021,25,250070,Massachusetts,1,1,0,0,0,1,1,27,WORCESTER (27),585,LEICESTER,11,11,4,April,2021,1,Sunday,6,6:00am-6:59am,41,41,0,This section IS NOT on the NHS,2,Urban,4,Minor Arterial,1,State Highway Agency,3,State Highway,SR-56 HUNTOON MEMORIAL HIGHWAY,,99998,Not Reported,42.21911667,42.21911667,-71.911322220,-71.911322220,0,No Special Jurisdiction,24,Guardrail Face,0,The First Harmful Event was Not a Collision with a Motor Vehicle in Transport,0,No,1,Non-Junction,1,Not an Intersection,0,None,,,4,On Roadside,2,Dark - Not Lighted,,,,,1,Clear,0,No,0000000,Not Applicable,6,6:00am-6:59am,44,44,6,6:00am-6:59am,50,50,88,"Not Applicable (Not Transported) ",88,Not Applicable (Not Transported),,,,,,,1,
2021,25,250071,Massachusetts,1,1,0,1,1,1,1,17,MIDDLESEX (17),1190,SOMERVILLE,12,12,4,April,2021,2,Monday,20,8:00pm-8:59pm,40,40,1,This section IS ON the NHS,2,Urban,3,Principal Arterial - Other,1,State Highway Agency,3,State Highway,SR-28,BLAKELY AVE,99998,Not Reported,42.39087500,42.39087500,-71.086950000,-71.086950000,0,No Special Jurisdiction,8,Pedestrian,0,The First Harmful Event was Not a Collision with a Motor Vehicle in Transport,0,No,3,Intersection-Related,3,T-Intersection,0,None,,,1,On Roadway,3,Dark - Lighted,,,,,1,Clear,0,No,0000000,Not Applicable,20,8:00pm-8:59pm,43,43,20,8:00pm-8:59pm,48,48,21,9:00pm-9:59pm,3,3,,,,,,,1,
2021,25,250072,Massachusetts,1,1,0,0,0,1,1,5,BRISTOL (5),1133,TOWN OF REHOBOTH,13,13,4,April,2021,3,Tuesday,23,11:00pm-11:59pm,57,57,1,This section IS ON the NHS,2,Urban,1,Interstate,1,State Highway Agency,1,Interstate,I-195,,99998,Not Reported,41.80648056,41.80648056,-71.339194440,-71.339194440,0,No Special Jurisdiction,42,Tree (Standing Only),0,The First Harmful Event was Not a Collision with a Motor Vehicle in Transport,0,No,1,Non-Junction,1,Not an Intersection,0,None,,,5,Outside Trafficway,2,Dark - Not Lighted,,,,,1,Clear,0,No,0000000,Not Applicable,23,11:00pm-11:59pm,55,55,0,0:00am-0:59am,9,9,88,"Not Applicable (Not Transported) ",88,Not Applicable (Not Transported),,,,,,,1,
2021,25,250073,Massachusetts,1,1,0,1,1,1,1,21,NORFOLK (21),125,QUINCY,13,13,4,April,2021,3,Tuesday,4,4:00am-4:59am,16,16,1,This section IS ON the NHS,2,Urban,1,Interstate,1,State Highway Agency,1,Interstate,I-93,,99998,Not Reported,42.21996944,42.21996944,-71.035916670,-71.035916670,0,No Special Jurisdiction,8,Pedestrian,0,The First Harmful Event was Not a Collision with a Motor Vehicle in Transport,0,No,1,Non-Junction,1,Not an Intersection,0,None,,,1,On Roadway,2,Dark - Not Lighted,,,,,10,Cloudy,0,No,0000000,Not Applicable,4,4:00am-4:59am,20,20,4,4:00am-4:59am,27,27,88,"Not Applicable (Not Transported) ",88,Not Applicable (Not Transported),,,,,,,1,
2021,25,250074,Massachusetts,1,1,0,0,0,1,1,15,HAMPSHIRE (15),93,BELCHERTOWN,14,14,4,April,2021,4,Wednesday,20,8:00pm-8:59pm,22,22,1,This section IS ON the NHS,2,Urban,3,Principal Arterial - Other,1,State Highway Agency,3,State Highway,SR-9 AMHERST RD,,99998,Not Reported,42.31087222,42.31087222,-72.422566670,-72.422566670,0,No Special Jurisdiction,24,Guardrail Face,0,The First Harmful Event was Not a Collision with a Motor Vehicle in Transport,0,No,1,Non-Junction,1,Not an Intersection,0,None,,,4,On Roadside,2,Dark - Not Lighted,,,,,1,Clear,0,No,0000000,Not Applicable,20,8:00pm-8:59pm,22,22,20,8:00pm-8:59pm,28,28,88,"Not Applicable (Not Transported) ",88,Not Applicable (Not Transported),,,,,,,1,
2021,25,250075,Massachusetts,1,1,0,0,0,1,1,17,MIDDLESEX (17),105,EAST BILLERICA,14,14,4,April,2021,4,Wednesday,16,4:00pm-4:59pm,9,9,0,This section IS NOT on the NHS,2,Urban,4,Minor Arterial,3,Town or Township Highway Agency,8,Other,CONCORD RD,,0,None,42.54877500,42.54877500,-71.276088890,-71.276088890,0,No Special Jurisdiction,40,Fire Hydrant,0,The First Harmful Event was Not a Collision with a Motor Vehicle in Transport,0,No,1,Non-Junction,1,Not an Intersection,0,None,,,10,Separator,1,Daylight,,,,,1,Clear,0,No,0000000,Not Applicable,15,3:00pm-3:59pm,38,38,15,3:00pm-3:59pm,42,42,16,4:00pm-4:59pm,17,17,,,,,,,1,
2021,25,250076,Massachusetts,1,1,0,0,0,1,1,9,ESSEX (9),1267,SWAMPSCOTT,16,16,4,April,2021,6,Friday,13,1:00pm-1:59pm,13,13,0,This section IS NOT on the NHS,2,Urban,5,Major Collector,3,Town or Township Highway Agency,8,Other,PURITAN RD,DEER COVE RD,0,None,42.46960000,42.46960000,-70.894388890,-70.894388890,0,No Special Jurisdiction,30,Utility Pole/Light Support,0,The First Harmful Event was Not a Collision with a Motor Vehicle in Transport,0,No,3,Intersection-Related,3,T-Intersection,0,None,,,4,On Roadside,1,Daylight,,,,,2,Rain,0,No,0000000,Not Applicable,13,1:00pm-1:59pm,15,15,13,1:00pm-1:59pm,26,26,13,1:00pm-1:59pm,48,48,,,,,,,1,
2021,25,250077,Massachusetts,1,1,0,0,0,2,2,23,PLYMOUTH (23),1005,PEMBROKE,17,17,4,April,2021,7,Saturday,0,0:00am-0:59am,57,57,0,This section IS NOT on the NHS,2,Urban,5,Major Collector,3,Town or Township Highway Agency,8,Other,ELM ST,,0,None,42.09068056,42.09068056,-70.766755560,-70.766755560,0,No Special Jurisdiction,42,Tree (Standing Only),0,The First Harmful Event was Not a Collision with a Motor Vehicle in Transport,0,No,1,Non-Junction,1,Not an Intersection,0,None,,,5,Outside Trafficway,2,Dark - Not Lighted,,,,,2,Rain,0,No,0000000,Not Applicable,1,1:00am-1:59am,3,3,1,1:00am-1:59am,8,8,1,1:00am-1:59am,38,38,,,,,,,2,
2021,25,250078,Massachusetts,2,2,0,0,0,3,3,27,WORCESTER (27),1278,STURBRIDGE,17,17,4,April,2021,7,Saturday,18,6:00pm-6:59pm,4,4,1,This section IS ON the NHS,2,Urban,1,Interstate,1,State Highway Agency,1,Interstate,I-84,,99998,Not Reported,42.07898611,42.07898611,-72.094858330,-72.094858330,0,No Special Jurisdiction,12,Motor Vehicle In-Transport,2,Front-to-Front,0,No,1,Non-Junction,1,Not an Intersection,0,None,,,1,On Roadway,1,Daylight,,,,,10,Cloudy,0,No,0000000,Not Applicable,18,6:00pm-6:59pm,16,16,18,6:00pm-6:59pm,17,17,88,"Not Applicable (Not Transported) ",88,Not Applicable (Not Transported),,,,,,,3,
2021,25,250079,Massachusetts,3,2,1,0,0,2,2,3,BERKSHIRE (3),880,NORTH ADAMS,19,19,4,April,2021,2,Monday,12,12:00pm-12:59pm,40,40,1,This section IS ON the NHS,2,Urban,3,Principal Arterial - Other,1,State Highway Agency,3,State Highway,SR-8 CURRAN MEMORIAL HWY,S STATE ST,99998,Not Reported,42.66309722,42.66309722,-73.108125000,-73.108125000,0,No Special Jurisdiction,12,Motor Vehicle In-Transport,6,Angle,0,No,2,Intersection,3,T-Intersection,0,None,,,1,On Roadway,1,Daylight,,,,,10,Cloudy,0,No,0000000,Not Applicable,12,12:00pm-12:59pm,40,40,12,12:00pm-12:59pm,44,44,13,1:00pm-1:59pm,6,6,,,,,,,1,
2021,25,250080,Massachusetts,1,1,0,0,0,2,2,27,WORCESTER (27),1520,WORCESTER,19,19,4,April,2021,2,Monday,16,4:00pm-4:59pm,44,44,0,This section IS NOT on the NHS,2,Urban,5,Major Collector,1,State Highway Agency,8,Other,SUNDERLAND RD,,0,None,42.24743611,42.24743611,-71.767330560,-71.767330560,0,No Special Jurisdiction,33,Curb,0,The First Harmful Event was Not a Collision with a Motor Vehicle in Transport,0,No,1,Non-Junction,1,Not an Intersection,0,None,,,4,On Roadside,1,Daylight,,,,,10,Cloudy,0,No,0000000,Not Applicable,16,4:00pm-4:59pm,44,44,16,4:00pm-4:59pm,54,54,17,5:00pm-5:59pm,14,14,,,,,,,1,
2021,25,250081,Massachusetts,1,1,0,0,0,1,1,23,PLYMOUTH (23),464,HANOVER,27,27,4,April,2021,3,Tuesday,0,0:00am-0:59am,10,10,0,This section IS NOT on the NHS,2,Urban,4,Minor Arterial,1,State Highway Agency,3,State Highway,SR-139 HANOVER ST,,99998,Not Reported,42.11844167,42.11844167,-70.880697220,-70.880697220,0,No Special Jurisdiction,42,Tree (Standing Only),0,The First Harmful Event was Not a Collision with a Motor Vehicle in Transport,0,No,1,Non-Junction,1,Not an Intersection,0,None,,,4,On Roadside,2,Dark - Not Lighted,,,,,1,Clear,0,No,0000000,Not Applicable,0,0:00am-0:59am,10,10,0,0:00am-0:59am,14,14,0,0:00am-0:59am,32,32,,,,,,,1,
2021,25,250082,Massachusetts,2,2,0,0,0,2,2,23,PLYMOUTH (23),475,HINGHAM,22,22,4,April,2021,5,Thursday,12,12:00pm-12:59pm,43,43,0,This section IS NOT on the NHS,2,Urban,4,Minor Arterial,1,State Highway Agency,3,State Highway,SR-228 N MAIN ST,SHORT ST,99998,Not Reported,42.23254722,42.23254722,-70.879802780,-70.879802780,0,No Special Jurisdiction,12,Motor Vehicle In-Transport,2,Front-to-Front,0,No,2,Intersection,2,Four-Way Intersection,0,None,,,1,On Roadway,1,Daylight,,,,,10,Cloudy,0,No,0000000,Not Applicable,12,12:00pm-12:59pm,44,44,12,12:00pm-12:59pm,47,47,13,1:00pm-1:59pm,5,5,,,,,,,1,
2021,25,250083,Massachusetts,1,1,0,0,0,1,1,17,MIDDLESEX (17),1282,TEWKSBURY,27,27,4,April,2021,3,Tuesday,12,12:00pm-12:59pm,15,15,1,This section IS ON the NHS,2,Urban,1,Interstate,1,State Highway Agency,1,Interstate,I-495,,99998,Not Reported,42.63400000,42.63400000,-71.251300000,-71.251300000,0,No Special Jurisdiction,93,Unknown Fixed Object,0,The First Harmful Event was Not a Collision with a Motor Vehicle in Transport,0,No,1,Non-Junction,1,Not an Intersection,0,None,,,3,On Median,1,Daylight,,,,,10,Cloudy,0,No,0000000,Not Applicable,12,12:00pm-12:59pm,19,19,12,12:00pm-12:59pm,24,24,88,"Not Applicable (Not Transported) ",88,Not Applicable (Not Transported),,,,,,,1,
2021,25,250084,Massachusetts,2,2,0,0,0,2,2,17,MIDDLESEX (17),1490,WILMINGTON,28,28,4,April,2021,4,Wednesday,1,1:00am-1:59am,9,9,1,This section IS ON the NHS,2,Urban,1,Interstate,1,State Highway Agency,1,Interstate,I-93,,99998,Not Reported,42.53441111,42.53441111,-71.135308330,-71.135308330,0,No Special Jurisdiction,12,Motor Vehicle In-Transport,2,Front-to-Front,0,No,1,Non-Junction,1,Not an Intersection,0,None,,,1,On Roadway,2,Dark - Not Lighted,,,,,98,Not Reported,0,No,0000000,Not Applicable,1,1:00am-1:59am,10,10,1,1:00am-1:59am,13,13,88,"Not Applicable (Not Transported) ",88,Not Applicable (Not Transported),,,,,,,1,
2021,25,250085,Massachusetts,2,2,0,0,0,3,3,5,BRISTOL (5),50,ATTLEBORO,29,29,4,April,2021,5,Thursday,2,2:00am-2:59am,46,46,1,This section IS ON the NHS,2,Urban,1,Interstate,1,State Highway Agency,1,Interstate,I-95,,50,50,41.94416667,41.94416667,-71.311361110,-71.311361110,0,No Special Jurisdiction,12,Motor Vehicle In-Transport,1,Front-to-Rear,0,No,1,Non-Junction,1,Not an Intersection,0,None,,,1,On Roadway,2,Dark - Not Lighted,,,,,1,Clear,0,No,0000000,Not Applicable,2,2:00am-2:59am,47,47,2,2:00am-2:59am,56,56,3,3:00am-3:59am,34,34,,,,,,,1,
2021,25,250086,Massachusetts,1,1,0,0,0,2,2,27,WORCESTER (27),1390,WESTBOROUGH,25,25,4,April,2021,1,Sunday,3,3:00am-3:59am,8,8,0,This section IS NOT on the NHS,2,Urban,4,Minor Arterial,3,Town or Township Highway Agency,8,Other,FLANDERS RD,,0,None,42.27008611,42.27008611,-71.551966670,-71.551966670,0,No Special Jurisdiction,30,Utility Pole/Light Support,0,The First Harmful Event was Not a Collision with a Motor Vehicle in Transport,0,No,1,Non-Junction,1,Not an Intersection,0,None,,,4,On Roadside,2,Dark - Not Lighted,,,,,1,Clear,0,No,0000000,Not Applicable,3,3:00am-3:59am,8,8,3,3:00am-3:59am,16,16,4,4:00am-4:59am,11,11,,,,,,,2,
2021,25,250087,Massachusetts,1,1,0,1,1,1,1,17,MIDDLESEX (17),630,LOWELL,13,13,4,April,2021,3,Tuesday,11,11:00am-11:59am,18,18,0,This section IS NOT on the NHS,2,Urban,4,Minor Arterial,4,City or Municipal Highway Agency,8,Other,MERRIMACK ST,CABOT ST,0,None,42.64821944,42.64821944,-71.318911110,-71.318911110,0,No Special Jurisdiction,8,Pedestrian,0,The First Harmful Event was Not a Collision with a Motor Vehicle in Transport,0,No,3,Intersection-Related,2,Four-Way Intersection,0,None,,,1,On Roadway,1,Daylight,,,,,1,Clear,0,No,0000000,Not Applicable,11,11:00am-11:59am,20,20,11,11:00am-11:59am,21,21,11,11:00am-11:59am,46,46,,,,,,,1,
2021,25,250088,Massachusetts,2,2,0,0,0,2,2,5,BRISTOL (5),850,NEW BEDFORD,24,24,4,April,2021,7,Saturday,2,2:00am-2:59am,28,28,1,This section IS ON the NHS,2,Urban,2,Principal Arterial - Other Freeways and Expressways,1,State Highway Agency,1,Interstate,I-140,,99998,Not Reported,41.72507222,41.72507222,-70.947050000,-70.947050000,0,No Special Jurisdiction,59,"Traffic Sign Support ",0,The First Harmful Event was Not a Collision with a Motor Vehicle in Transport,1,Yes,5,Entrance/Exit Ramp Related,1,Not an Intersection,0,None,,,8,Gore,2,Dark - Not Lighted,,,,,1,Clear,0,No,0000000,Not Applicable,2,2:00am-2:59am,37,37,2,2:00am-2:59am,43,43,3,3:00am-3:59am,9,9,,,,,,,1,
2021,25,250089,Massachusetts,1,1,0,0,0,1,1,17,MIDDLESEX (17),630,LOWELL,5,5,4,April,2021,2,Monday,5,5:00am-5:59am,35,35,1,This section IS ON the NHS,2,Urban,3,Principal Arterial - Other,4,City or Municipal Highway Agency,8,Other,LOWELL CONNECTOR,GORHAM ST,0,None,42.63508056,42.63508056,-71.309002780,-71.309002780,0,No Special Jurisdiction,39,Wall,0,The First Harmful Event was Not a Collision with a Motor Vehicle in Transport,0,No,3,Intersection-Related,3,T-Intersection,0,None,,,4,On Roadside,3,Dark - Lighted,,,,,1,Clear,0,No,0000000,Not Applicable,5,5:00am-5:59am,35,35,5,5:00am-5:59am,40,40,6,6:00am-6:59am,9,9,,,,,,,1,
2021,25,250090,Massachusetts,4,2,2,0,0,3,3,9,ESSEX (9),570,LAWRENCE,29,29,4,April,2021,5,Thursday,2,2:00am-2:59am,29,29,1,This section IS ON the NHS,2,Urban,3,Principal Arterial - Other,4,City or Municipal Highway Agency,3,State Highway,SR-114 WINTHROP AVE,SOUTH UNION,99998,Not Reported,42.69246944,42.69246944,-71.153450000,-71.153450000,0,No Special Jurisdiction,12,Motor Vehicle In-Transport,6,Angle,0,No,2,Intersection,7,"Five Point, or More",0,None,,,1,On Roadway,3,Dark - Lighted,,,,,1,Clear,0,No,0000000,Not Applicable,0,0:00am-0:59am,26,26,0,0:00am-0:59am,30,30,99,Unknown,99,Unknown EMS Hospital Arrival Time,,,,,,,1,
2021,25,250092,Massachusetts,1,1,0,1,1,1,1,3,BERKSHIRE (3),600,LENOX,5,5,5,May,2021,4,Wednesday,14,2:00pm-2:59pm,40,40,0,This section IS NOT on the NHS,2,Urban,5,Major Collector,3,Town or Township Highway Agency,8,Other,EAST ST,HOUSATONIC ST,0,None,42.35563889,42.35563889,-73.259380560,-73.259380560,0,No Special Jurisdiction,9,Pedalcyclist,0,The First Harmful Event was Not a Collision with a Motor Vehicle in Transport,0,No,2,Intersection,2,Four-Way Intersection,0,None,,,1,On Roadway,1,Daylight,,,,,2,Rain,0,No,0000000,Not Applicable,14,2:00pm-2:59pm,45,45,14,2:00pm-2:59pm,45,45,15,3:00pm-3:59pm,4,4,,,,,,,1,
2021,25,250093,Massachusetts,1,1,0,0,0,1,1,11,FRANKLIN (11),450,GREENFIELD,13,13,5,May,2021,5,Thursday,15,3:00pm-3:59pm,21,21,1,This section IS ON the NHS,2,Urban,3,Principal Arterial - Other,1,State Highway Agency,2,U.S. Highway,US-5 BERNARDSTON ST,,99998,Not Reported,42.60647778,42.60647778,-72.588541670,-72.588541670,0,No Special Jurisdiction,33,Curb,0,The First Harmful Event was Not a Collision with a Motor Vehicle in Transport,0,No,1,Non-Junction,1,Not an Intersection,0,None,,,4,On Roadside,1,Daylight,,,,,1,Clear,0,No,0000000,Not Applicable,15,3:00pm-3:59pm,24,24,15,3:00pm-3:59pm,33,33,15,3:00pm-3:59pm,59,59,,,,,,,1,
2021,25,250095,Massachusetts,2,2,0,0,0,3,3,17,MIDDLESEX (17),630,LOWELL,13,13,5,May,2021,5,Thursday,19,7:00pm-7:59pm,14,14,0,This section IS NOT on the NHS,2,Urban,4,Minor Arterial,4,City or Municipal Highway Agency,8,Other,"BROADWAY ST ",FLETCHER ST,0,None,42.64399167,42.64399167,-71.320461110,-71.320461110,0,No Special Jurisdiction,12,Motor Vehicle In-Transport,6,Angle,0,No,2,Intersection,2,Four-Way Intersection,0,None,,,1,On Roadway,5,Dusk,,,,,1,Clear,0,No,0000000,Not Applicable,19,7:00pm-7:59pm,15,15,19,7:00pm-7:59pm,21,21,19,7:00pm-7:59pm,40,40,,,,,,,1,
2021,25,250096,Massachusetts,1,1,0,0,0,1,1,9,ESSEX (9),650,LYNN,20,20,5,May,2021,5,Thursday,11,11:00am-11:59am,5,5,1,This section IS ON the NHS,2,Urban,3,Principal Arterial - Other,25,Other Local Agency,8,Other,LYNNWAY,,99998,Not Reported,42.45746944,42.45746944,-70.937405560,-70.937405560,1,National Park Service,33,Curb,0,The First Harmful Event was Not a Collision with a Motor Vehicle in Transport,0,No,1,Non-Junction,1,Not an Intersection,0,None,,,3,On Median,1,Daylight,,,,,1,Clear,0,No,0000000,Not Applicable,11,11:00am-11:59am,5,5,11,11:00am-11:59am,12,12,88,"Not Applicable (Not Transported) ",88,Not Applicable (Not Transported),,,,,,,1,
2021,25,250097,Massachusetts,1,1,0,0,0,1,1,17,MIDDLESEX (17),680,MARLBOROUGH,15,15,5,May,2021,7,Saturday,19,7:00pm-7:59pm,34,34,0,This section IS NOT on the NHS,2,Urban,5,Major Collector,4,City or Municipal Highway Agency,8,Other,PLEASANT ST,VARLEY RD,0,None,42.36343889,42.36343889,-71.572277780,-71.572277780,3,Indian Reservation,40,Fire Hydrant,0,The First Harmful Event was Not a Collision with a Motor Vehicle in Transport,0,No,3,Intersection-Related,3,T-Intersection,0,None,,,4,On Roadside,1,Daylight,,,,,1,Clear,0,No,0000000,Not Applicable,19,7:00pm-7:59pm,35,35,19,7:00pm-7:59pm,40,40,19,7:00pm-7:59pm,54,54,,,,,,,1,