caseyear,state,st_case,statename,ve_total,ve_forms,pvh_invl,peds,pernotmvit,permvit,persons,county,countyname,city,cityname,day,dayname,month,monthname,year,day_week,day_weekname,hour,hourname,minute,minutename,nhs,nhsname,rur_urb,rur_urbname,func_sys,func_sysname,rd_owner,rd_ownername,route,routename,tway_id,tway_id2,milept,mileptname,latitude,latitudename,longitud,longitudname,sp_jur,sp_jurname,harm_ev,harm_evname,man_coll,man_collname,reljct1,reljct1name,reljct2,reljct2name,typ_int,typ_intname,wrk_zone,wrk_zonename,road_fnc,road_fncname,rel_road,rel_roadname,lgt_cond,lgt_condname,weather1,weather1name,weather2,weather2name,weather,weathername,sch_bus,sch_busname,rail,railname,not_hour,not_hourname,not_min,not_minname,arr_hour,arr_hourname,arr_min,arr_minname,hosp_hr,hosp_hrname,hosp_mn,hosp_mnname,cf1,cf1name,cf2,cf2name,cf3,cf3name,fatals,drunk_dr
2021,25,250098,Massachusetts,1,1,0,1,1,1,1,13,HAMPDEN (13),1270,SPRINGFIELD,18,18,5,May,2021,3,Tuesday,10,10:00am-10:59am,20,20,0,This section IS NOT on the NHS,2,Urban,4,Minor Arterial,4,City or Municipal Highway Agency,8,Other,BOLAND WAY,,0,None,42.10197222,42.10197222,-72.591241670,-72.591241670,0,No Special Jurisdiction,26,Other Traffic Barrier,0,The First Harmful Event was Not a Collision with a Motor Vehicle in Transport,0,No,1,Non-Junction,1,Not an Intersection,4,"Work Zone, Type Unknown",,,1,On Roadway,1,Daylight,,,,,1,Clear,0,No,0000000,Not Applicable,10,10:00am-10:59am,24,24,10,10:00am-10:59am,31,31,10,10:00am-10:59am,41,41,,,,,,,1,
2021,25,250099,Massachusetts,1,1,0,0,0,3,3,17,MIDDLESEX (17),1282,TEWKSBURY,28,28,5,May,2021,6,Friday,12,12:00pm-12:59pm,11,11,1,This section IS ON the NHS,2,Urban,1,Interstate,1,State Highway Agency,1,Interstate,I-93,,99998,Not Reported,42.59600833,42.59600833,-71.169105560,-71.169105560,0,No Special Jurisdiction,24,Guardrail Face,0,The First Harmful Event was Not a Collision with a Motor Vehicle in Transport,0,No,1,Non-Junction,1,Not an Intersection,0,None,,,4,On Roadside,1,Daylight,,,,,1,Clear,0,No,0000000,Not Applicable,12,12:00pm-12:59pm,14,14,12,12:00pm-12:59pm,22,22,99,Unknown,99,Unknown EMS Hospital Arrival Time,,,,,,,1,
2021,25,250100,Massachusetts,2,2,0,0,0,3,3,15,HAMPSHIRE (15),93,BELCHERTOWN,15,15,5,May,2021,7,Saturday,14,2:00pm-2:59pm,9,9,1,This section IS ON the NHS,1,Rural,3,Principal Arterial - Other,3,Town or Township Highway Agency,3,State Highway,SR-9 WARE RD,,99998,Not Reported,42.27620556,42.27620556,-72.365558330,-72.365558330,0,No Special Jurisdiction,12,Motor Vehicle In-Transport,7,Sideswipe - Same Direction,0,No,1,Non-Junction,1,Not an Intersection,0,None,,,1,On Roadway,1,Daylight,,,,,1,Clear,0,No,0000000,Not Applicable,14,2:00pm-2:59pm,8,8,14,2:00pm-2:59pm,18,18,14,2:00pm-2:59pm,35,35,,,,,,,1,
2021,25,250101,Massachusetts,1,1,0,0,0,1,1,13,HAMPDEN (13),1430,WESTFIELD,21,21,5,May,2021,6,Friday,15,3:00pm-3:59pm,55,55,0,This section IS NOT on the NHS,2,Urban,5,Major Collector,4,City or Municipal Highway Agency,8,Other,HILLSIDE ROAD,"  ",0,None,42.09488333,42.09488333,-72.780361110,-72.780361110,0,No Special Jurisdiction,17,Boulder,0,The First Harmful Event was Not a Collision with a Motor Vehicle in Transport,0,No,1,Non-Junction,1,Not an Intersection,0,None,,,5,Outside Trafficway,1,Daylight,,,,,1,Clear,0,No,0000000,Not Applicable,15,3:00pm-3:59pm,57,57,16,4:00pm-4:59pm,1,1,16,4:00pm-4:59pm,28,28,,,,,,,1,
2021,25,250102,Massachusetts,1,1,0,0,0,1,1,1,BARNSTABLE (1),121,BOURNE,25,25,5,May,2021,3,Tuesday,1,1:00am-1:59am,29,29,0,This section IS NOT on the NHS,2,Urban,4,Minor Arterial,1,State Highway Agency,8,Other,OLD PLYMOUTH RD,OCEAN PINE DRIVE,0,None,41.79437500,41.79437500,-70.537436110,-70.537436110,0,No Special Jurisdiction,42,Tree (Standing Only),0,The First Harmful Event was Not a Collision with a Motor Vehicle in Transport,0,No,3,Intersection-Related,3,T-Intersection,0,None,,,5,Outside Trafficway,2,Dark - Not Lighted,,,,,1,Clear,0,No,0000000,Not Applicable,1,1:00am-1:59am,31,31,1,1:00am-1:59am,36,36,88,"Not Applicable (Not Transported) ",88,Not Applicable (Not Transported),,,,,,,1,
2021,25,250103,Massachusetts,1,1,0,0,0,1,1,11,FRANKLIN (11),612,LEVERETT,23,23,5,May,2021,1,Sunday,16,4:00pm-4:59pm,51,51,0,This section IS NOT on the NHS,1,Rural,5,Major Collector,3,Town or Township Highway Agency,8,Other,CAVE HILL RD,,0,None,42.49778056,42.49778056,-72.497800000,-72.497800000,0,No Special Jurisdiction,1,Rollover/Overturn,0,The First Harmful Event was Not a Collision with a Motor Vehicle in Transport,0,No,1,Non-Junction,1,Not an Intersection,0,None,,,5,Outside Trafficway,1,Daylight,,,,,1,Clear,0,No,0000000,Not Applicable,16,4:00pm-4:59pm,52,52,17,5:00pm-5:59pm,6,6,18,6:00pm-6:59pm,3,3,,,,,,,1,
2021,25,250104,Massachusetts,3,3,0,0,0,3,3,9,ESSEX (9),35,ANDOVER,31,31,5,May,2021,2,Monday,23,11:00pm-11:59pm,15,15,1,This section IS ON the NHS,2,Urban,1,Interstate,1,State Highway Agency,1,Interstate,I-495,,99998,Not Reported,42.66703889,42.66703889,-71.190833330,-71.190833330,0,No Special Jurisdiction,12,Motor Vehicle In-Transport,6,Angle,0,No,1,Non-Junction,1,Not an Intersection,0,None,,,1,On Roadway,2,Dark - Not Lighted,,,,,1,Clear,0,No,0000000,Not Applicable,23,11:00pm-11:59pm,13,13,23,11:00pm-11:59pm,20,20,88,"Not Applicable (Not Transported) ",88,Not Applicable (Not Transported),,,,,,,1,
2021,25,250105,Massachusetts,1,1,0,0,0,1,1,5,BRISTOL (5),924,TOWN OF EASTON,8,8,5,May,2021,7,Saturday,21,9:00pm-9:59pm,0,0,0,This section IS NOT on the NHS,2,Urban,7,Local,3,Town or Township Highway Agency,8,Other,MAPLE ST,,0,None,41.94471667,41.94471667,-71.221086110,-71.221086110,0,No Special Jurisdiction,19,Building,0,The First Harmful Event was Not a Collision with a Motor Vehicle in Transport,0,No,1,Non-Junction,1,Not an Intersection,0,None,,,5,Outside Trafficway,2,Dark - Not Lighted,,,,,98,Not Reported,0,No,0000000,Not Applicable,21,9:00pm-9:59pm,1,1,21,9:00pm-9:59pm,8,8,88,"Not Applicable (Not Transported) ",88,Not Applicable (Not Transported),,,,,,,1,
2021,25,250106,Massachusetts,2,2,0,0,0,3,3,23,PLYMOUTH (23),1081,ROCHESTER,1,1,5,May,2021,7,Saturday,11,11:00am-11:59am,43,43,0,This section IS NOT on the NHS,2,Urban,4,Minor Arterial,1,State Highway Agency,3,State Highway,SR-28 CRANBERRY HWY,SR-58 COUNTY RD,99998,Not Reported,41.80094722,41.80094722,-70.773994440,-70.773994440,0,No Special Jurisdiction,12,Motor Vehicle In-Transport,8,Sideswipe - Opposite Direction,0,No,2,Intersection,2,Four-Way Intersection,0,None,,,1,On Roadway,1,Daylight,,,,,1,Clear,0,No,0000000,Not Applicable,11,11:00am-11:59am,44,44,11,11:00am-11:59am,51,51,99,Unknown,99,Unknown EMS Hospital Arrival Time,,,,,,,1,
2021,25,250107,Massachusetts,2,2,0,0,0,2,2,17,MIDDLESEX (17),630,LOWELL,16,16,5,May,2021,1,Sunday,17,5:00pm-5:59pm,28,28,0,This section IS NOT on the NHS,2,Urban,4,Minor Arterial,4,City or Municipal Highway Agency,8,Other,BOYLSTON ST,BRUNSWICK ST,0,None,42.62612778,42.62612778,-71.285419440,-71.285419440,0,No Special Jurisdiction,12,Motor Vehicle In-Transport,7,Sideswipe - Same Direction,0,No,3,Intersection-Related,3,T-Intersection,0,None,,,1,On Roadway,1,Daylight,,,,,1,Clear,0,No,0000000,Not Applicable,17,5:00pm-5:59pm,28,28,17,5:00pm-5:59pm,31,31,17,5:00pm-5:59pm,59,59,,,,,,,1,
2021,25,250108,Massachusetts,1,1,0,1,1,1,1,9,ESSEX (9),1125,SAUGUS,18,18,5,May,2021,3,Tuesday,22,10:00pm-10:59pm,20,20,1,This section IS ON the NHS,2,Urban,3,Principal Arterial - Other,1,State Highway Agency,2,U.S. Highway,US-1,,99998,Not Reported,42.45268056,42.45268056,-71.023013890,-71.023013890,2,Military,8,Pedestrian,0,The First Harmful Event was Not a Collision with a Motor Vehicle in Transport,0,No,1,Non-Junction,1,Not an Intersection,0,None,,,1,On Roadway,3,Dark - Lighted,,,,,1,Clear,0,No,0000000,Not Applicable,22,10:00pm-10:59pm,28,28,22,10:00pm-10:59pm,34,34,23,11:00pm-11:59pm,19,19,,,,,,,1,
2021,25,250109,Massachusetts,1,1,0,0,0,1,1,13,HAMPDEN (13),1270,SPRINGFIELD,24,24,5,May,2021,2,Monday,22,10:00pm-10:59pm,24,24,1,This section IS ON the NHS,2,Urban,3,Principal Arterial - Other,4,City or Municipal Highway Agency,8,Other,BOSTON RD,,0,None,42.13872222,42.13872222,-72.509211110,-72.509211110,0,No Special Jurisdiction,38,Fence,0,The First Harmful Event was Not a Collision with a Motor Vehicle in Transport,0,No,8,Driveway Access Related,1,Not an Intersection,0,None,,,5,Outside Trafficway,1,Daylight,,,,,1,Clear,0,No,0000000,Not Applicable,22,10:00pm-10:59pm,27,27,22,10:00pm-10:59pm,34,34,23,11:00pm-11:59pm,25,25,,,,,,,1,
2021,25,250110,Massachusetts,2,1,1,0,0,2,2,17,MIDDLESEX (17),310,EVERETT,31,31,5,May,2021,2,Monday,0,0:00am-0:59am,34,34,1,This section IS ON the NHS,2,Urban,3,Principal Arterial - Other,1,State Highway Agency,3,State Highway,SR-99 BROADWAY,,99998,Not Reported,42.41935278,42.41935278,-71.044652780,-71.044652780,0,No Special Jurisdiction,14,Parked Motor Vehicle,0,The First Harmful Event was Not a Collision with a Motor Vehicle in Transport,0,No,1,Non-Junction,1,Not an Intersection,0,None,,,7,In Parking Lane/Zone,3,Dark - Lighted,,,,,2,Rain,0,No,0000000,Not Applicable,0,0:00am-0:59am,21,21,0,0:00am-0:59am,24,24,99,Unknown,99,Unknown EMS Hospital Arrival Time,,,,,,,1,
2021,25,250111,Massachusetts,2,2,0,0,0,4,4,17,MIDDLESEX (17),1510,WOBURN,30,30,5,May,2021,1,Sunday,20,8:00pm-8:59pm,47,47,1,This section IS ON the NHS,2,Urban,1,Interstate,1,State Highway Agency,1,Interstate,I-95,,99998,Not Reported,42.50260278,42.50260278,-71.121666670,-71.121666670,0,No Special Jurisdiction,24,Guardrail Face,0,The First Harmful Event was Not a Collision with a Motor Vehicle in Transport,0,No,1,Non-Junction,1,Not an Intersection,0,None,,,4,On Roadside,2,Dark - Not Lighted,,,,,2,Rain,0,No,0000000,Not Applicable,20,8:00pm-8:59pm,48,48,20,8:00pm-8:59pm,59,59,21,9:00pm-9:59pm,25,25,,,,,,,1,
2021,25,250112,Massachusetts,1,1,0,1,1,4,4,1,BARNSTABLE (1),1050,PROVINCETOWN,29,29,5,May,2021,7,Saturday,0,0:00am-0:59am,19,19,0,This section IS NOT on the NHS,2,Urban,4,Minor Arterial,1,State Highway Agency,3,State Highway,"SR-6A BRADFORD ST ",BANGS ST,0,None,42.05686667,42.05686667,-70.180241670,-70.180241670,0,No Special Jurisdiction,8,Pedestrian,0,The First Harmful Event was Not a Collision with a Motor Vehicle in Transport,0,No,2,Intersection,3,T-Intersection,0,None,,,1,On Roadway,3,Dark - Lighted,,,,,2,Rain,0,No,0000000,Not Applicable,0,0:00am-0:59am,23,23,0,0:00am-0:59am,28,28,1,1:00am-1:59am,39,39,,,,,,,1,
2021,25,250113,Massachusetts,2,2,0,0,0,3,3,1,BARNSTABLE (1),121,BOURNE,30,30,5,May,2021,1,Sunday,16,4:00pm-4:59pm,31,31,1,This section IS ON the NHS,2,Urban,3,Principal Arterial - Other,3,Town or Township Highway Agency,8,Other,SANDWHICH RD,,0,None,41.76446389,41.76446389,-70.565569440,-70.565569440,0,No Special Jurisdiction,12,Motor Vehicle In-Transport,2,Front-to-Front,0,No,1,Non-Junction,1,Not an Intersection,0,None,,,1,On Roadway,1,Daylight,,,,,2,Rain,0,No,0000000,Not Applicable,16,4:00pm-4:59pm,36,36,16,4:00pm-4:59pm,44,44,88,"Not Applicable (Not Transported) ",88,Not Applicable (Not Transported),,,,,,,1,
2021,25,250114,Massachusetts,1,1,0,0,0,1,1,3,BERKSHIRE (3),1480,WILLIAMSTOWN,20,20,5,May,2021,5,Thursday,23,11:00pm-11:59pm,31,31,0,This section IS NOT on the NHS,2,Urban,3,Principal Arterial - Other,1,State Highway Agency,3,State Highway,SR-2 MAIN ST,,99998,Not Reported,42.70171389,42.70171389,-73.183852780,-73.183852780,0,No Special Jurisdiction,33,Curb,0,The First Harmful Event was Not a Collision with a Motor Vehicle in Transport,0,No,1,Non-Junction,1,Not an Intersection,0,None,,,4,On Roadside,3,Dark - Lighted,,,,,1,Clear,0,No,0000000,Not Applicable,23,11:00pm-11:59pm,33,33,23,11:00pm-11:59pm,36,36,0,0:00am-0:59am,38,38,,,,,,,1,
2021,25,250115,Massachusetts,1,1,0,0,0,1,1,9,ESSEX (9),20,AMESBURY,13,13,5,May,2021,5,Thursday,22,10:00pm-10:59pm,10,10,1,This section IS ON the NHS,2,Urban,2,Principal Arterial - Other Freeways and Expressways,1,State Highway Agency,1,Interstate,I-95,,99998,Not Reported,42.84318889,42.84318889,-70.905077780,-70.905077780,0,No Special Jurisdiction,24,Guardrail Face,0,The First Harmful Event was Not a Collision with a Motor Vehicle in Transport,1,Yes,5,Entrance/Exit Ramp Related,1,Not an Intersection,0,None,,,4,On Roadside,3,Dark - Lighted,,,,,1,Clear,0,No,0000000,Not Applicable,22,10:00pm-10:59pm,16,16,22,10:00pm-10:59pm,19,19,88,"Not Applicable (Not Transported) ",88,Not Applicable (Not Transported),,,,,,,1,
2021,25,250116,Massachusetts,1,1,0,1,1,1,1,17,MIDDLESEX (17),1340,WALTHAM,19,19,5,May,2021,4,Wednesday,6,6:00am-6:59am,52,52,1,This section IS ON the NHS,2,Urban,3,Principal Arterial - Other,4,City or Municipal Highway Agency,2,U.S. Highway,US-20 MAIN ST,BACON ST,99998,Not Reported,42.37626389,42.37626389,-71.242791670,-71.242791670,0,No Special Jurisdiction,8,Pedestrian,0,The First Harmful Event was Not a Collision with a Motor Vehicle in Transport,0,No,3,Intersection-Related,2,Four-Way Intersection,0,None,,,1,On Roadway,1,Daylight,,,,,1,Clear,0,No,0000000,Not Applicable,6,6:00am-6:59am,53,53,7,7:00am-7:59am,0,0,7,7:00am-7:59am,28,28,,,,,,,1,
2021,25,250117,Massachusetts,1,1,0,1,1,1,1,9,ESSEX (9),1114,SALISBURY,13,13,5,May,2021,5,Thursday,13,1:00pm-1:59pm,47,47,0,This section IS NOT on the NHS,2,Urban,4,Minor Arterial,3,Town or Township Highway Agency,3,State Highway,SR-286 COLLINS ST,,99998,Not Reported,42.87000556,42.87000556,-70.864480560,-70.864480560,0,No Special Jurisdiction,8,Pedestrian,0,The First Harmful Event was Not a Collision with a Motor Vehicle in Transport,0,No,8,Driveway Access Related,1,Not an Intersection,0,None,,,1,On Roadway,1,Daylight,,,,,1,Clear,0,No,0000000,Not Applicable,13,1:00pm-1:59pm,48,48,13,1:00pm-1:59pm,59,59,14,2:00pm-2:59pm,17,17,,,,,,,1,
2021,25,250118,Massachusetts,2,2,0,0,0,2,2,13,HAMPDEN (13),210,CHICOPEE,6,6,5,May,2021,5,Thursday,16,4:00pm-4:59pm,36,36,0,This section IS NOT on the NHS,2,Urban,4,Minor Arterial,4,City or Municipal Highway Agency,8,Other,ABBEY MEMORIAL DR,,0,None,42.14050278,42.14050278,-72.587105560,-72.587105560,0,No Special Jurisdiction,12,Motor Vehicle In-Transport,2,Front-to-Front,0,No,1,Non-Junction,1,Not an Intersection,0,None,,,1,On Roadway,1,Daylight,,,,,1,Clear,0,No,0000000,Not Applicable,16,4:00pm-4:59pm,36,36,16,4:00pm-4:59pm,42,42,17,5:00pm-5:59pm,9,9,,,,,,,1,
2021,25,250119,Massachusetts,1,1,0,0,0,1,1,15,HAMPSHIRE (15),466,HATFIELD,5,5,6,June,2021,7,Saturday,0,0:00am-0:59am,13,13,0,This section IS NOT on the NHS,1,Rural,5,Major Collector,3,Town or Township Highway Agency,8,Other,PANTRY RD,,0,None,42.41318333,42.41318333,-72.628847220,-72.628847220,0,No Special Jurisdiction,1,Rollover/Overturn,0,The First Harmful Event was Not a Collision with a Motor Vehicle in Transport,0,No,1,Non-Junction,1,Not an Intersection,0,None,,,1,On Roadway,3,Dark - Lighted,,,,,1,Clear,0,No,0000000,Not Applicable,0,0:00am-0:59am,11,11,1,1:00am-1:59am,28,28,88,"Not Applicable (Not Transported) ",88,Not Applicable (Not Transported),,,,,,,1,
2021,25,250120,Massachusetts,1,1,0,0,0,2,2,5,BRISTOL (5),850,NEW BEDFORD,6,6,6,June,2021,1,Sunday,19,7:00pm-7:59pm,7,7,0,This section IS NOT on the NHS,2,Urban,4,Minor Arterial,4,City or Municipal Highway Agency,8,Other,ACUSHNET AVE,,99998,Not Reported,41.68620556,41.68620556,-70.924030560,-70.924030560,0,No Special Jurisdiction,33,Curb,0,The First Harmful Event was Not a Collision with a Motor Vehicle in Transport,0,No,1,Non-Junction,1,Not an Intersection,0,None,,,4,On Roadside,3,Dark - Lighted,,,,,1,Clear,0,No,0000000,Not Applicable,19,7:00pm-7:59pm,8,8,19,7:00pm-7:59pm,13,13,19,7:00pm-7:59pm,40,40,,,,,,,1,
2021,25,250121,Massachusetts,1,1,0,0,0,1,1,11,FRANKLIN (11),915,NORTHFIELD,6,6,6,June,2021,1,Sunday,20,8:00pm-8:59pm,30,30,0,This section IS NOT on the NHS,1,Rural,4,Minor Arterial,1,State Highway Agency,3,State Highway,SR-63 MILLERS FALLS RD,,99998,Not Reported,42.61699722,42.61699722,-72.473358330,-72.473358330,0,No Special Jurisdiction,1,Rollover/Overturn,0,The First Harmful Event was Not a Collision with a Motor Vehicle in Transport,0,No,1,Non-Junction,1,Not an Intersection,0,None,,,4,On Roadside,2,Dark - Not Lighted,,,,,1,Clear,0,No,0000000,Not Applicable,20,8:00pm-8:59pm,29,29,20,8:00pm-8:59pm,40,40,88,"Not Applicable (Not Transported) ",88,Not Applicable (Not Transported),,,,,,,1,
2021,25,250122,Massachusetts,2,2,0,0,0,3,3,3,BERKSHIRE (3),1030,PITTSFIELD,7,7,6,June,2021,2,Monday,10,10:00am-10:59am,54,54,0,This section IS NOT on the NHS,2,Urban,5,Major Collector,4,City or Municipal Highway Agency,8,Other,NEWELL ST,EAST ST,0,None,42.45308056,42.45308056,-73.226522220,-73.226522220,0,No Special Jurisdiction,12,Motor Vehicle In-Transport,6,Angle,0,No,2,Intersection,3,T-Intersection,0,None,,,1,On Roadway,1,Daylight,,,,,1,Clear,0,No,0000000,Not Applicable,10,10:00am-10:59am,55,55,11,11:00am-11:59am,2,2,11,11:00am-11:59am,19,19,,,,,,,1,
2021,25,250123,Massachusetts,3,3,0,0,0,3,3,1,BARNSTABLE (1),121,BOURNE,25,25,5,May,2021,3,Tuesday,12,12:00pm-12:59pm,30,30,0,This section IS NOT on the NHS,2,Urban,4,Minor Arterial,1,State Highway Agency,2,U.S. Highway,US-6,,99998,Not Reported,41.74628056,41.74628056,-70.619372220,-70.619372220,0,No Special Jurisdiction,12,Motor Vehicle In-Transport,1,Front-to-Rear,0,No,1,Non-Junction,1,Not an Intersection,0,None,,,1,On Roadway,1,Daylight,,,,,1,Clear,0,No,0000000,Not Applicable,12,12:00pm-12:59pm,30,30,12,12:00pm-12:59pm,40,40,13,1:00pm-1:59pm,56,56,,,,,,,1,
2021,25,250124,Massachusetts,2,2,0,0,0,2,2,9,ESSEX (9),1125,SAUGUS,9,9,6,June,2021,4,Wednesday,10,10:00am-10:59am,51,51,1,This section IS ON the NHS,2,Urban,3,Principal Arterial - Other,21,Other State Agency,3,State Highway,"SR-107 ",,99998,Not Reported,42.44112778,42.44112778,-70.989261110,-70.989261110,0,No Special Jurisdiction,12,Motor Vehicle In-Transport,2,Front-to-Front,0,No,1,Non-Junction,1,Not an Intersection,0,None,,,1,On Roadway,1,Daylight,,,,,1,Clear,0,No,0000000,Not Applicable,10,10:00am-10:59am,53,53,11,11:00am-11:59am,2,2,99,Unknown,99,Unknown EMS Hospital Arrival Time,,,,,,,1,
2021,25,250125,Massachusetts,2,2,0,0,0,2,2,13,HAMPDEN (13),1270,SPRINGFIELD,11,11,6,June,2021,6,Friday,10,10:00am-10:59am,42,42,1,This section IS ON the NHS,2,Urban,3,Principal Arterial - Other,4,City or Municipal Highway Agency,8,Other,PARKER ST,,0,None,42.11942222,42.11942222,-72.498594440,-72.498594440,0,No Special Jurisdiction,12,Motor Vehicle In-Transport,6,Angle,0,No,99,Reported as Unknown,99,Reported as Unknown,0,None,,,1,On Roadway,1,Daylight,,,,,1,Clear,0,No,0000000,Not Applicable,10,10:00am-10:59am,45,45,10,10:00am-10:59am,57,57,11,11:00am-11:59am,32,32,,,,,,,1,
2021,25,250126,Massachusetts,2,2,0,0,0,2,2,5,BRISTOL (5),320,FALL RIVER,12,12,6,June,2021,7,Saturday,18,6:00pm-6:59pm,7,7,0,This section IS NOT on the NHS,2,Urban,4,Minor Arterial,4,City or Municipal Highway Agency,2,U.S. Highway,US-6 EASTERN AVE,COUNTY ST,0,None,41.69358333,41.69358333,-71.130775000,-71.130775000,0,No Special Jurisdiction,12,Motor Vehicle In-Transport,1,Front-to-Rear,0,No,2,Intersection,2,Four-Way Intersection,0,None,,,1,On Roadway,1,Daylight,,,,,1,Clear,0,No,0000000,Not Applicable,18,6:00pm-6:59pm,10,10,18,6:00pm-6:59pm,14,14,88,"Not Applicable (Not Transported) ",88,Not Applicable (Not Transported),,,,,,,1,
2021,25,250127,Massachusetts,1,1,0,1,1,1,1,13,HAMPDEN (13),1446,WEST SPRINGFIELD,17,17,6,June,2021,5,Thursday,15,3:00pm-3:59pm,31,31,0,This section IS NOT on the NHS,2,Urban,7,Local,4,City or Municipal Highway Agency,8,Other,DAGGETT DR,,0,None,42.13119722,42.13119722,-72.625936110,-72.625936110,0,No Special Jurisdiction,8,Pedestrian,0,The First Harmful Event was Not a Collision with a Motor Vehicle in Transport,0,No,1,Non-Junction,1,Not an Intersection,0,None,,,1,On Roadway,1,Daylight,,,,,1,Clear,0,No,0000000,Not Applicable,15,3:00pm-3:59pm,32,32,15,3:00pm-3:59pm,37,37,15,3:00pm-3:59pm,48,48,,,,,,,1,
2021,25,250128,Massachusetts,1,1,0,0,0,2,2,13,HAMPDEN (13),210,CHICOPEE,18,18,6,June,2021,6,Friday,13,1:00pm-1:59pm,43,43,1,This section IS ON the NHS,2,Urban,1,Interstate,31,State Toll Road,1,Interstate,I-90,,508,508,42.16217222,42.16217222,-72.548861110,-72.548861110,0,No Special Jurisdiction,1,Rollover/Overturn,0,The First Harmful Event was Not a Collision with a Motor Vehicle in Transport,0,No,1,Non-Junction,1,Not an Intersection,0,None,,,3,On Median,1,Daylight,,,,,1,Clear,0,No,0000000,Not Applicable,13,1:00pm-1:59pm,45,45,13,1:00pm-1:59pm,47,47,99,Unknown,99,Unknown EMS Hospital Arrival Time,,,,,,,1,
2021,25,250129,Massachusetts,1,1,0,0,0,1,1,23,PLYMOUTH (23),1040,PLYMOUTH,21,21,6,June,2021,2,Monday,12,12:00pm-12:59pm,45,45,1,This section IS ON the NHS,2,Urban,2,Principal Arterial - Other Freeways and Expressways,1,State Highway Agency,3,State Highway,"SR-3 ",,99998,Not Reported,41.92024722,41.92024722,-70.624705560,-70.624705560,0,No Special Jurisdiction,42,Tree (Standing Only),0,The First Harmful Event was Not a Collision with a Motor Vehicle in Transport,0,No,1,Non-Junction,1,Not an Intersection,0,None,,,3,On Median,1,Daylight,,,,,1,Clear,0,No,0000000,Not Applicable,12,12:00pm-12:59pm,52,52,12,12:00pm-12:59pm,99,Unknown EMS Scene Arrival Minutes,88,"Not Applicable (Not Transported) ",88,Not Applicable (Not Transported),,,,,,,1,
2021,25,250130,Massachusetts,3,3,0,0,0,3,3,13,HAMPDEN (13),1270,SPRINGFIELD,17,17,6,June,2021,5,Thursday,8,8:00am-8:59am,59,59,1,This section IS ON the NHS,2,Urban,3,Principal Arterial - Other,27,Railroad,8,Other,DWIGHT ST,I-291 W RAMP,99998,Not Reported,42.11008333,42.11008333,-72.597188890,-72.597188890,0,No Special Jurisdiction,12,Motor Vehicle In-Transport,6,Angle,1,Yes,2,Intersection,2,Four-Way Intersection,0,None,,,1,On Roadway,1,Daylight,,,,,1,Clear,0,No,0000000,Not Applicable,9,9:00am-9:59am,9,9,9,9:00am-9:59am,10,10,9,9:00am-9:59am,30,30,,,,,,,1,
2021,25,250131,Massachusetts,1,1,0,0,0,1,1,25,SUFFOLK (25),120,BOSTON,22,22,6,June,2021,3,Tuesday,12,12:00pm-12:59pm,29,29,1,This section IS ON the NHS,2,Urban,1,Interstate,1,State Highway Agency,1,Interstate,"I-90 ",,1310,1310,42.35607222,42.35607222,-71.119161110,-71.119161110,0,No Special Jurisdiction,26,Other Traffic Barrier,0,The First Harmful Event was Not a Collision with a Motor Vehicle in Transport,1,Yes,19,Other location within Interchange Area,1,Not an Intersection,0,None,,,3,On Median,1,Daylight,,,,,1,Clear,0,No,0000000,Not Applicable,12,12:00pm-12:59pm,21,21,12,12:00pm-12:59pm,28,28,12,12:00pm-12:59pm,52,52,,,,,,,1,
2021,25,250132,Massachusetts,1,1,0,0,0,1,1,27,WORCESTER (27),1370,WARREN,26,26,6,June,2021,7,Saturday,1,1:00am-1:59am,49,49,0,This section IS NOT on the NHS,2,Urban,4,Minor Arterial,1,State Highway Agency,3,State Highway,SR-67 MAIN ST,,99998,Not Reported,42.21138056,42.21138056,-72.243491670,-72.243491670,0,No Special Jurisdiction,33,Curb,0,The First Harmful Event was Not a Collision with a Motor Vehicle in Transport,0,No,1,Non-Junction,1,Not an Intersection,0,None,,,4,On Roadside,3,Dark - Lighted,,,,,99,Reported as Unknown,0,No,0000000,Not Applicable,1,1:00am-1:59am,55,55,2,2:00am-2:59am,5,5,2,2:00am-2:59am,44,44,,,,,,,1,
2021,25,250133,Massachusetts,1,1,0,1,1,1,1,11,FRANKLIN (11),1150,"SHELBURNE FALLS, SHELB",8,8,6,June,2021,3,Tuesday,6,6:00am-6:59am,34,34,0,This section IS NOT on the NHS,1,Rural,3,Principal Arterial - Other,1,State Highway Agency,3,State Highway,SR-2,,0,None,42.61784167,42.61784167,-72.805850000,-72.805850000,0,No Special Jurisdiction,8,Pedestrian,0,The First Harmful Event was Not a Collision with a Motor Vehicle in Transport,0,No,1,Non-Junction,1,Not an Intersection,0,None,,,2,On Shoulder,1,Daylight,,,,,1,Clear,0,No,0000000,Not Applicable,6,6:00am-6:59am,28,28,6,6:00am-6:59am,31,31,88,"Not Applicable (Not Transported) ",88,Not Applicable (Not Transported),,,,,,,1,
2021,25,250134,Massachusetts,1,1,0,1,1,3,3,25,SUFFOLK (25),120,BOSTON,20,20,6,June,2021,1,Sunday,20,8:00pm-8:59pm,0,0,0,This section IS NOT on the NHS,2,Urban,4,Minor Arterial,4,City or Municipal Highway Agency,8,Other,COLUMBIA RD,,0,None,42.32231944,42.32231944,-71.051502780,-71.051502780,0,No Special Jurisdiction,8,Pedestrian,0,The First Harmful Event was Not a Collision with a Motor Vehicle in Transport,0,No,1,Non-Junction,1,Not an Intersection,0,None,,,1,On Roadway,1,Daylight,,,,,1,Clear,0,No,0000000,Not Applicable,20,8:00pm-8:59pm,1,1,20,8:00pm-8:59pm,2,2,20,8:00pm-8:59pm,22,22,,,,,,,1,