caseyear,state,st_case,statename,ve_total,ve_forms,pvh_invl,peds,pernotmvit,permvit,persons,county,countyname,city,cityname,day,dayname,month,monthname,year,day_week,day_weekname,hour,hourname,minute,minutename,nhs,nhsname,rur_urb,rur_urbname,func_sys,func_sysname,rd_owner,rd_ownername,route,routename,tway_id,tway_id2,milept,mileptname,latitude,latitudename,longitud,longitudname,sp_jur,sp_jurname,harm_ev,harm_evname,man_coll,man_collname,reljct1,reljct1name,reljct2,reljct2name,typ_int,typ_intname,wrk_zone,wrk_zonename,road_fnc,road_fncname,rel_road,rel_roadname,lgt_cond,lgt_condname,weather1,weather1name,weather2,weather2name,weather,weathername,sch_bus,sch_busname,rail,railname,not_hour,not_hourname,not_min,not_minname,arr_hour,arr_hourname,arr_min,arr_minname,hosp_hr,hosp_hrname,hosp_mn,hosp_mnname,cf1,cf1name,cf2,cf2name,cf3,cf3name,fatals,drunk_dr
2021,25,250173,Massachusetts,1,1,0,1,1,2,2,9,ESSEX (9),550,IPSWICH,30,30,7,July,2021,6,Friday,18,6:00pm-6:59pm,9,9,1,This section IS ON the NHS,2,Urban,3,Principal Arterial - Other,1,State Highway Agency,3,State Highway,SR-1A COUNTY RD,,99998,Not Reported,42.67200000,42.67200000,-70.836883330,-70.836883330,0,No Special Jurisdiction,9,Pedalcyclist,0,The First Harmful Event was Not a Collision with a Motor Vehicle in Transport,0,No,1,Non-Junction,1,Not an Intersection,0,None,,,1,On Roadway,1,Daylight,,,,,1,Clear,0,No,0000000,Not Applicable,18,6:00pm-6:59pm,8,8,18,6:00pm-6:59pm,14,14,18,6:00pm-6:59pm,40,40,,,,,,,1,
2021,25,250174,Massachusetts,3,3,0,0,0,4,4,5,BRISTOL (5),320,FALL RIVER,8,8,6,June,2021,3,Tuesday,14,2:00pm-2:59pm,36,36,1,This section IS ON the NHS,2,Urban,2,Principal Arterial - Other Freeways and Expressways,1,State Highway Agency,3,State Highway,"SR-24 ",,8,8,41.67238056,41.67238056,-71.149469440,-71.149469440,0,No Special Jurisdiction,1,Rollover/Overturn,0,The First Harmful Event was Not a Collision with a Motor Vehicle in Transport,0,No,1,Non-Junction,1,Not an Intersection,0,None,,,3,On Median,1,Daylight,,,,,1,Clear,0,No,0000000,Not Applicable,99,Unknown,99,Unknown,99,Unknown EMS Scene Arrival Hour,99,Unknown EMS Scene Arrival Minutes,99,Unknown,99,Unknown EMS Hospital Arrival Time,,,,,,,1,
2021,25,250175,Massachusetts,3,3,0,0,0,4,4,9,ESSEX (9),860,NEWBURYPORT,15,15,6,June,2021,3,Tuesday,15,3:00pm-3:59pm,4,4,1,This section IS ON the NHS,1,Rural,1,Interstate,1,State Highway Agency,1,Interstate,"I-95 ",,849,849,42.80155833,42.80155833,-70.915255560,-70.915255560,0,No Special Jurisdiction,12,Motor Vehicle In-Transport,1,Front-to-Rear,0,No,1,Non-Junction,1,Not an Intersection,0,None,,,1,On Roadway,1,Daylight,,,,,1,Clear,0,No,0000000,Not Applicable,15,3:00pm-3:59pm,11,11,15,3:00pm-3:59pm,17,17,15,3:00pm-3:59pm,35,35,,,,,,,1,
2021,25,250176,Massachusetts,2,2,0,0,0,2,2,21,NORFOLK (21),1035,PLAINVILLE,22,22,1,January,2021,6,Friday,23,11:00pm-11:59pm,33,33,1,This section IS ON the NHS,2,Urban,2,Principal Arterial - Other Freeways and Expressways,1,State Highway Agency,2,U.S. Highway,US-1,I-495 RAMP,99998,Not Reported,42.03928333,42.03928333,-71.305666670,-71.305666670,0,No Special Jurisdiction,12,Motor Vehicle In-Transport,1,Front-to-Rear,1,Yes,3,Intersection-Related,3,T-Intersection,0,None,,,1,On Roadway,2,Dark - Not Lighted,,,,,1,Clear,0,No,0000000,Not Applicable,23,11:00pm-11:59pm,35,35,23,11:00pm-11:59pm,40,40,0,0:00am-0:59am,17,17,,,,,,,1,
2021,25,250177,Massachusetts,2,1,1,0,1,1,2,17,MIDDLESEX (17),1510,WOBURN,22,22,6,June,2021,3,Tuesday,9,9:00am-9:59am,58,58,1,This section IS ON the NHS,2,Urban,1,Interstate,1,State Highway Agency,1,Interstate,I-93,,249,249,42.49282222,42.49282222,-71.117736110,-71.117736110,0,No Special Jurisdiction,45,"Working Motor Vehicle ",0,The First Harmful Event was Not a Collision with a Motor Vehicle in Transport,1,Yes,19,Other location within Interchange Area,1,Not an Intersection,2,Maintenance,,,5,Outside Trafficway,1,Daylight,,,,,1,Clear,0,No,0000000,Not Applicable,9,9:00am-9:59am,59,59,9,9:00am-9:59am,59,59,10,10:00am-10:59am,18,18,,,,,,,1,
2021,25,250178,Massachusetts,1,1,0,0,0,1,1,13,HAMPDEN (13),1477,WILBRAHAM,3,3,2,February,2021,4,Wednesday,1,1:00am-1:59am,31,31,0,This section IS NOT on the NHS,2,Urban,4,Minor Arterial,3,Town or Township Highway Agency,8,Other,MONSON RD,,0,None,42.11174167,42.11174167,-72.408163890,-72.408163890,0,No Special Jurisdiction,33,Curb,0,The First Harmful Event was Not a Collision with a Motor Vehicle in Transport,0,No,1,Non-Junction,1,Not an Intersection,0,None,,,4,On Roadside,2,Dark - Not Lighted,,,,,1,Clear,0,No,0000000,Not Applicable,1,1:00am-1:59am,32,32,1,1:00am-1:59am,39,39,2,2:00am-2:59am,27,27,,,,,,,1,
2021,25,250179,Massachusetts,4,4,0,0,0,8,8,27,WORCESTER (27),55,AUBURN,13,13,3,March,2021,7,Saturday,13,1:00pm-1:59pm,43,43,1,This section IS ON the NHS,2,Urban,3,Principal Arterial - Other,1,State Highway Agency,2,U.S. Highway,US-20 WASHINGTON ST,,99998,Not Reported,42.18894167,42.18894167,-71.829158330,-71.829158330,0,No Special Jurisdiction,12,Motor Vehicle In-Transport,1,Front-to-Rear,0,No,1,Non-Junction,1,Not an Intersection,0,None,,,1,On Roadway,1,Daylight,,,,,1,Clear,0,No,0000000,Not Applicable,13,1:00pm-1:59pm,47,47,13,1:00pm-1:59pm,50,50,14,2:00pm-2:59pm,8,8,,,,,,,1,
2021,25,250180,Massachusetts,1,1,0,1,1,1,1,21,NORFOLK (21),256,DEDHAM,27,27,7,July,2021,3,Tuesday,23,11:00pm-11:59pm,52,52,1,This section IS ON the NHS,2,Urban,3,Principal Arterial - Other,21,Other State Agency,8,Other,PROVIDENCE HWY,ELM ST,99998,Not Reported,42.23220000,42.23220000,-71.180444440,-71.180444440,0,No Special Jurisdiction,8,Pedestrian,0,The First Harmful Event was Not a Collision with a Motor Vehicle in Transport,0,No,3,Intersection-Related,2,Four-Way Intersection,0,None,,,1,On Roadway,3,Dark - Lighted,,,,,10,Cloudy,0,No,0000000,Not Applicable,23,11:00pm-11:59pm,51,51,23,11:00pm-11:59pm,57,57,88,"Not Applicable (Not Transported) ",88,Not Applicable (Not Transported),,,,,,,1,
2021,25,250181,Massachusetts,2,2,0,0,0,2,2,27,WORCESTER (27),1269,SUTTON,22,22,5,May,2021,7,Saturday,14,2:00pm-2:59pm,35,35,0,This section IS NOT on the NHS,2,Urban,4,Minor Arterial,3,Town or Township Highway Agency,8,Other,CENTRAL TPK,,99998,Not Reported,42.13960000,42.13960000,-71.743269440,-71.743269440,0,No Special Jurisdiction,1,Rollover/Overturn,0,The First Harmful Event was Not a Collision with a Motor Vehicle in Transport,0,No,1,Non-Junction,1,Not an Intersection,0,None,,,1,On Roadway,1,Daylight,,,,,1,Clear,0,No,0000000,Not Applicable,14,2:00pm-2:59pm,43,43,14,2:00pm-2:59pm,43,43,15,3:00pm-3:59pm,12,12,,,,,,,1,
2021,25,250182,Massachusetts,1,1,0,1,1,2,2,21,NORFOLK (21),1060,QUINCY,22,22,5,May,2021,7,Saturday,1,1:00am-1:59am,34,34,0,This section IS NOT on the NHS,2,Urban,4,Minor Arterial,4,City or Municipal Highway Agency,8,Other,N NEWPORT AVE,E WILLOW AVE,99998,Not Reported,42.26004167,42.26004167,-71.013766670,-71.013766670,0,No Special Jurisdiction,8,Pedestrian,0,The First Harmful Event was Not a Collision with a Motor Vehicle in Transport,0,No,3,Intersection-Related,3,T-Intersection,0,None,,,1,On Roadway,3,Dark - Lighted,,,,,1,Clear,0,No,0000000,Not Applicable,1,1:00am-1:59am,36,36,1,1:00am-1:59am,42,42,88,"Not Applicable (Not Transported) ",88,Not Applicable (Not Transported),,,,,,,1,
2021,25,250183,Massachusetts,1,1,0,0,0,1,1,13,HAMPDEN (13),1270,SPRINGFIELD,19,19,3,March,2021,6,Friday,2,2:00am-2:59am,9,9,1,This section IS ON the NHS,2,Urban,3,Principal Arterial - Other,4,City or Municipal Highway Agency,8,Other,ALLEN ST,,99998,Not Reported,42.09493333,42.09493333,-72.513933330,-72.513933330,0,No Special Jurisdiction,33,Curb,0,The First Harmful Event was Not a Collision with a Motor Vehicle in Transport,0,No,1,Non-Junction,1,Not an Intersection,0,None,,,4,On Roadside,3,Dark - Lighted,,,,,10,Cloudy,0,No,0000000,Not Applicable,2,2:00am-2:59am,10,10,2,2:00am-2:59am,16,16,88,"Not Applicable (Not Transported) ",88,Not Applicable (Not Transported),,,,,,,1,
2021,25,250184,Massachusetts,1,1,0,0,0,1,1,3,BERKSHIRE (3),1030,PITTSFIELD,24,24,4,April,2021,7,Saturday,12,12:00pm-12:59pm,16,16,0,This section IS NOT on the NHS,2,Urban,5,Major Collector,4,City or Municipal Highway Agency,8,Other,GOVERNMENT DR,,0,None,42.44937778,42.44937778,-73.259625000,-73.259625000,0,No Special Jurisdiction,24,Guardrail Face,0,The First Harmful Event was Not a Collision with a Motor Vehicle in Transport,0,No,1,Non-Junction,1,Not an Intersection,0,None,,,4,On Roadside,1,Daylight,,,,,1,Clear,0,No,0000000,Not Applicable,12,12:00pm-12:59pm,18,18,12,12:00pm-12:59pm,21,21,12,12:00pm-12:59pm,33,33,,,,,,,1,
2021,25,250185,Massachusetts,1,1,0,2,2,1,1,17,MIDDLESEX (17),680,MARLBOROUGH,10,10,4,April,2021,7,Saturday,21,9:00pm-9:59pm,48,48,1,This section IS ON the NHS,2,Urban,3,Principal Arterial - Other,4,City or Municipal Highway Agency,2,U.S. Highway,US-20 W MAIN ST,,99998,Not Reported,42.34592222,42.34592222,-71.554163890,-71.554163890,0,No Special Jurisdiction,8,Pedestrian,0,The First Harmful Event was Not a Collision with a Motor Vehicle in Transport,0,No,1,Non-Junction,1,Not an Intersection,0,None,,,1,On Roadway,3,Dark - Lighted,,,,,1,Clear,0,No,0000000,Not Applicable,21,9:00pm-9:59pm,49,49,21,9:00pm-9:59pm,52,52,22,10:00pm-10:59pm,11,11,,,,,,,1,
2021,25,250186,Massachusetts,1,1,0,1,1,1,1,9,ESSEX (9),1000,PEABODY,11,11,4,April,2021,1,Sunday,19,7:00pm-7:59pm,39,39,0,This section IS NOT on the NHS,2,Urban,5,Major Collector,4,City or Municipal Highway Agency,8,Other,FOREST ST,,0,None,42.53202778,42.53202778,-70.944291670,-70.944291670,0,No Special Jurisdiction,8,Pedestrian,0,The First Harmful Event was Not a Collision with a Motor Vehicle in Transport,0,No,1,Non-Junction,1,Not an Intersection,0,None,,,1,On Roadway,3,Dark - Lighted,,,,,1,Clear,0,No,0000000,Not Applicable,19,7:00pm-7:59pm,40,40,19,7:00pm-7:59pm,46,46,20,8:00pm-8:59pm,15,15,,,,,,,1,
2021,25,250187,Massachusetts,1,1,0,1,1,1,1,9,ESSEX (9),765,METHUEN,17,17,5,May,2021,2,Monday,10,10:00am-10:59am,8,8,1,This section IS ON the NHS,2,Urban,3,Principal Arterial - Other,1,State Highway Agency,3,State Highway,SR-28 S BROADWAY,,1504,1504,42.72213611,42.72213611,-71.182311110,-71.182311110,0,No Special Jurisdiction,8,Pedestrian,0,The First Harmful Event was Not a Collision with a Motor Vehicle in Transport,0,No,1,Non-Junction,1,Not an Intersection,0,None,,,1,On Roadway,1,Daylight,,,,,1,Clear,0,No,0000000,Not Applicable,10,10:00am-10:59am,8,8,10,10:00am-10:59am,9,9,10,10:00am-10:59am,30,30,,,,,,,1,
2021,25,250188,Massachusetts,2,1,1,0,0,1,1,27,WORCESTER (27),910,NORTH BROOKFIELD,12,12,5,May,2021,4,Wednesday,20,8:00pm-8:59pm,44,44,0,This section IS NOT on the NHS,2,Urban,7,Local,3,Town or Township Highway Agency,8,Other,GROVE ST,,0,None,42.27371667,42.27371667,-72.083008330,-72.083008330,0,No Special Jurisdiction,14,Parked Motor Vehicle,0,The First Harmful Event was Not a Collision with a Motor Vehicle in Transport,0,No,1,Non-Junction,1,Not an Intersection,0,None,,,5,Outside Trafficway,3,Dark - Lighted,,,,,1,Clear,0,No,0000000,Not Applicable,20,8:00pm-8:59pm,47,47,20,8:00pm-8:59pm,49,49,22,10:00pm-10:59pm,0,0,,,,,,,1,
2021,25,250189,Massachusetts,2,2,0,1,1,2,2,27,WORCESTER (27),1273,STERLING,15,15,4,April,2021,5,Thursday,21,9:00pm-9:59pm,8,8,1,This section IS ON the NHS,1,Rural,1,Interstate,1,State Highway Agency,1,Interstate,I-190,,105,105,42.41930833,42.41930833,-71.789241670,-71.789241670,0,No Special Jurisdiction,8,Pedestrian,0,The First Harmful Event was Not a Collision with a Motor Vehicle in Transport,0,No,1,Non-Junction,1,Not an Intersection,0,None,,,1,On Roadway,2,Dark - Not Lighted,,,,,2,Rain,0,No,0000000,Not Applicable,21,9:00pm-9:59pm,26,26,21,9:00pm-9:59pm,33,33,21,9:00pm-9:59pm,55,55,,,,,,,1,
2021,25,250190,Massachusetts,3,3,0,0,0,4,4,3,BERKSHIRE (3),88,BECKET,23,23,4,April,2021,6,Friday,15,3:00pm-3:59pm,22,22,1,This section IS ON the NHS,1,Rural,1,Interstate,1,State Highway Agency,1,Interstate,I-90,,148,148,42.28846111,42.28846111,-73.157294440,-73.157294440,0,No Special Jurisdiction,12,Motor Vehicle In-Transport,1,Front-to-Rear,0,No,1,Non-Junction,1,Not an Intersection,0,None,,,1,On Roadway,1,Daylight,,,,,1,Clear,0,No,0000000,Not Applicable,15,3:00pm-3:59pm,24,24,15,3:00pm-3:59pm,33,33,16,4:00pm-4:59pm,20,20,,,,,,,1,
2021,25,250191,Massachusetts,3,3,0,0,0,3,3,21,NORFOLK (21),730,MEDWAY,11,11,5,May,2021,3,Tuesday,21,9:00pm-9:59pm,48,48,1,This section IS ON the NHS,2,Urban,3,Principal Arterial - Other,3,Town or Township Highway Agency,3,State Highway,SR-109 MAIN ST,CAROL LN,99998,Not Reported,42.15407500,42.15407500,-71.401227780,-71.401227780,0,No Special Jurisdiction,12,Motor Vehicle In-Transport,1,Front-to-Rear,0,No,3,Intersection-Related,3,T-Intersection,0,None,,,1,On Roadway,3,Dark - Lighted,,,,,1,Clear,0,No,0000000,Not Applicable,21,9:00pm-9:59pm,40,40,21,9:00pm-9:59pm,43,43,22,10:00pm-10:59pm,26,26,,,,,,,1,
2021,25,250192,Massachusetts,2,2,0,0,0,5,5,25,SUFFOLK (25),120,BOSTON,12,12,5,May,2021,4,Wednesday,14,2:00pm-2:59pm,22,22,0,This section IS NOT on the NHS,2,Urban,4,Minor Arterial,4,City or Municipal Highway Agency,6,Local Street - Municipality,AMERICAN LEGION HWY,WALK HILL ST,99998,Not Reported,42.28768611,42.28768611,-71.106722220,-71.106722220,0,No Special Jurisdiction,12,Motor Vehicle In-Transport,6,Angle,0,No,2,Intersection,2,Four-Way Intersection,0,None,,,1,On Roadway,1,Daylight,,,,,1,Clear,0,No,0000000,Not Applicable,14,2:00pm-2:59pm,23,23,14,2:00pm-2:59pm,31,31,15,3:00pm-3:59pm,1,1,,,,,,,1,
2021,25,250193,Massachusetts,1,1,0,1,1,1,1,23,PLYMOUTH (23),130,BRIDGEWATER,7,7,3,March,2021,1,Sunday,0,0:00am-0:59am,40,40,0,This section IS NOT on the NHS,2,Urban,7,Local,3,Town or Township Highway Agency,5,Local Street - Township,"AUBURN ST ",SUMMER ST,0,None,41.97128889,41.97128889,-70.953644440,-70.953644440,0,No Special Jurisdiction,8,Pedestrian,0,The First Harmful Event was Not a Collision with a Motor Vehicle in Transport,0,No,3,Intersection-Related,98,Not Reported,0,None,,,1,On Roadway,6,Dark - Unknown Lighting,,,,,98,Not Reported,0,No,0000000,Not Applicable,0,0:00am-0:59am,47,47,0,0:00am-0:59am,49,49,88,"Not Applicable (Not Transported) ",88,Not Applicable (Not Transported),,,,,,,1,
2021,25,250194,Massachusetts,1,1,0,0,0,3,3,13,HAMPDEN (13),1270,SPRINGFIELD,18,18,3,March,2021,5,Thursday,23,11:00pm-11:59pm,50,50,1,This section IS ON the NHS,2,Urban,1,Interstate,1,State Highway Agency,1,Interstate,I-91,,99998,Not Reported,42.12806111,42.12806111,-72.608416670,-72.608416670,0,No Special Jurisdiction,24,Guardrail Face,0,The First Harmful Event was Not a Collision with a Motor Vehicle in Transport,0,No,1,Non-Junction,1,Not an Intersection,0,None,,,4,On Roadside,3,Dark - Lighted,,,,,2,Rain,0,No,0000000,Not Applicable,23,11:00pm-11:59pm,54,54,0,0:00am-0:59am,11,11,0,0:00am-0:59am,42,42,,,,,,,1,
2021,25,250195,Massachusetts,1,1,0,0,0,1,1,13,HAMPDEN (13),210,CHICOPEE,23,23,7,July,2021,6,Friday,12,12:00pm-12:59pm,5,5,1,This section IS ON the NHS,2,Urban,1,Interstate,1,State Highway Agency,1,Interstate,I-91 S,,83,83,42.13297500,42.13297500,-72.608730560,-72.608730560,0,No Special Jurisdiction,24,Guardrail Face,0,The First Harmful Event was Not a Collision with a Motor Vehicle in Transport,1,Yes,19,Other location within Interchange Area,1,Not an Intersection,0,None,,,3,On Median,1,Daylight,,,,,1,Clear,0,No,0000000,Not Applicable,12,12:00pm-12:59pm,12,12,12,12:00pm-12:59pm,12,12,12,12:00pm-12:59pm,26,26,,,,,,,1,
2021,25,250196,Massachusetts,1,1,0,0,0,3,3,5,BRISTOL (5),1280,TOWN OF DIGHTON,22,22,7,July,2021,5,Thursday,23,11:00pm-11:59pm,16,16,0,This section IS NOT on the NHS,2,Urban,5,Major Collector,1,State Highway Agency,8,Other,BAY ST,,99998,Not Reported,41.91552222,41.91552222,-71.094105560,-71.094105560,0,No Special Jurisdiction,38,Fence,0,The First Harmful Event was Not a Collision with a Motor Vehicle in Transport,0,No,1,Non-Junction,1,Not an Intersection,0,None,,,5,Outside Trafficway,3,Dark - Lighted,,,,,1,Clear,0,No,0000000,Not Applicable,23,11:00pm-11:59pm,15,15,23,11:00pm-11:59pm,33,33,23,11:00pm-11:59pm,55,55,,,,,,,1,
2021,25,250197,Massachusetts,1,1,0,1,1,1,1,21,NORFOLK (21),1336,WALPOLE,27,27,7,July,2021,3,Tuesday,17,5:00pm-5:59pm,58,58,1,This section IS ON the NHS,2,Urban,3,Principal Arterial - Other,3,Town or Township Highway Agency,8,Other,EAST ST,,99998,Not Reported,42.14708889,42.14708889,-71.246461110,-71.246461110,0,No Special Jurisdiction,8,Pedestrian,0,The First Harmful Event was Not a Collision with a Motor Vehicle in Transport,0,No,1,Non-Junction,1,Not an Intersection,0,None,,,1,On Roadway,1,Daylight,,,,,99,Reported as Unknown,0,No,0000000,Not Applicable,17,5:00pm-5:59pm,59,59,17,5:00pm-5:59pm,59,59,18,6:00pm-6:59pm,30,30,,,,,,,1,
2021,25,250198,Massachusetts,1,1,0,1,1,1,1,21,NORFOLK (21),1465,WEYMOUTH,17,17,7,July,2021,7,Saturday,2,2:00am-2:59am,44,44,0,This section IS NOT on the NHS,2,Urban,4,Minor Arterial,4,City or Municipal Highway Agency,8,Other,PLEASANT ST,,33,33,42.17596944,42.17596944,-70.947530560,-70.947530560,0,No Special Jurisdiction,8,Pedestrian,0,The First Harmful Event was Not a Collision with a Motor Vehicle in Transport,0,No,1,Non-Junction,1,Not an Intersection,0,None,,,99,Reported as Unknown,3,Dark - Lighted,,,,,1,Clear,0,No,0000000,Not Applicable,2,2:00am-2:59am,45,45,2,2:00am-2:59am,49,49,88,"Not Applicable (Not Transported) ",88,Not Applicable (Not Transported),,,,,,,1,
2021,25,250199,Massachusetts,1,1,0,0,0,1,1,27,WORCESTER (27),1410,WEST BROOKFIELD,24,24,7,July,2021,7,Saturday,22,10:00pm-10:59pm,24,24,0,This section IS NOT on the NHS,1,Rural,7,Local,3,Town or Township Highway Agency,8,Other,JOHN GILBERT RD,,99998,Not Reported,42.26933056,42.26933056,-72.168825000,-72.168825000,0,No Special Jurisdiction,42,Tree (Standing Only),0,The First Harmful Event was Not a Collision with a Motor Vehicle in Transport,0,No,1,Non-Junction,1,Not an Intersection,0,None,,,5,Outside Trafficway,6,Dark - Unknown Lighting,,,,,1,Clear,0,No,0000000,Not Applicable,22,10:00pm-10:59pm,26,26,22,10:00pm-10:59pm,54,54,23,11:00pm-11:59pm,27,27,,,,,,,1,
2021,25,250200,Massachusetts,2,2,0,0,0,3,3,27,WORCESTER (27),785,MILLBURY,27,27,7,July,2021,3,Tuesday,18,6:00pm-6:59pm,20,20,0,This section IS NOT on the NHS,2,Urban,4,Minor Arterial,3,Town or Township Highway Agency,8,Other,MILLBURY AVE,,0,None,42.21355833,42.21355833,-71.755691670,-71.755691670,0,No Special Jurisdiction,12,Motor Vehicle In-Transport,2,Front-to-Front,0,No,1,Non-Junction,1,Not an Intersection,0,None,,,1,On Roadway,5,Dusk,,,,,10,Cloudy,0,No,0000000,Not Applicable,18,6:00pm-6:59pm,22,22,18,6:00pm-6:59pm,26,26,19,7:00pm-7:59pm,0,0,,,,,,,1,
2021,25,250201,Massachusetts,1,1,0,0,0,1,1,23,PLYMOUTH (23),2,ABINGTON,27,27,7,July,2021,3,Tuesday,23,11:00pm-11:59pm,40,40,0,This section IS NOT on the NHS,2,Urban,5,Major Collector,3,Town or Township Highway Agency,8,Other,CENTRAL ST,,0,None,42.11646944,42.11646944,-70.931941670,-70.931941670,0,No Special Jurisdiction,42,Tree (Standing Only),0,The First Harmful Event was Not a Collision with a Motor Vehicle in Transport,0,No,1,Non-Junction,1,Not an Intersection,0,None,,,5,Outside Trafficway,3,Dark - Lighted,,,,,1,Clear,0,No,0000000,Not Applicable,23,11:00pm-11:59pm,44,44,23,11:00pm-11:59pm,51,51,0,0:00am-0:59am,22,22,,,,,,,1,
2021,25,250202,Massachusetts,1,1,0,0,0,1,1,27,WORCESTER (27),785,MILLBURY,31,31,7,July,2021,7,Saturday,14,2:00pm-2:59pm,9,9,0,This section IS NOT on the NHS,2,Urban,4,Minor Arterial,3,Town or Township Highway Agency,8,Other,GRAFTON ST,,0,None,42.19230833,42.19230833,-71.741338890,-71.741338890,0,No Special Jurisdiction,33,Curb,0,The First Harmful Event was Not a Collision with a Motor Vehicle in Transport,0,No,1,Non-Junction,1,Not an Intersection,0,None,,,4,On Roadside,7,Other,,,,,1,Clear,0,No,0000000,Not Applicable,14,2:00pm-2:59pm,10,10,14,2:00pm-2:59pm,16,16,88,"Not Applicable (Not Transported) ",88,Not Applicable (Not Transported),,,,,,,1,
2021,25,250203,Massachusetts,3,2,1,0,0,3,3,27,WORCESTER (27),350,FITCHBURG,31,31,7,July,2021,7,Saturday,16,4:00pm-4:59pm,59,59,0,This section IS NOT on the NHS,2,Urban,5,Major Collector,1,State Highway Agency,8,Other,BLOSSOM ST,,3,3,42.59253611,42.59253611,-71.793127780,-71.793127780,1,National Park Service,12,Motor Vehicle In-Transport,6,Angle,0,No,8,Driveway Access Related,1,Not an Intersection,0,None,,,1,On Roadway,1,Daylight,,,,,1,Clear,0,No,0000000,Not Applicable,17,5:00pm-5:59pm,2,2,17,5:00pm-5:59pm,9,9,17,5:00pm-5:59pm,27,27,,,,,,,1,
2021,25,250204,Massachusetts,1,1,0,0,0,1,1,1,BARNSTABLE (1),330,FALMOUTH,1,1,8,August,2021,1,Sunday,2,2:00am-2:59am,5,5,0,This section IS NOT on the NHS,2,Urban,4,Minor Arterial,1,State Highway Agency,3,State Highway,SR-28 E FALMOUTH HWY,CENTRAL AVE,440,440,41.57799722,41.57799722,-70.546555560,-70.546555560,0,No Special Jurisdiction,39,Wall,0,The First Harmful Event was Not a Collision with a Motor Vehicle in Transport,0,No,3,Intersection-Related,3,T-Intersection,0,None,,,5,Outside Trafficway,6,Dark - Unknown Lighting,,,,,1,Clear,0,No,0000000,Not Applicable,2,2:00am-2:59am,5,5,2,2:00am-2:59am,9,9,88,"Not Applicable (Not Transported) ",88,Not Applicable (Not Transported),,,,,,,1,
2021,25,250205,Massachusetts,2,2,0,0,0,2,2,27,WORCESTER (27),1013,PHILLIPSTON,3,3,8,August,2021,3,Tuesday,22,10:00pm-10:59pm,58,58,1,This section IS ON the NHS,1,Rural,2,Principal Arterial - Other Freeways and Expressways,1,State Highway Agency,3,State Highway,SR-2,,784,784,42.57245556,42.57245556,-72.146638890,-72.146638890,0,No Special Jurisdiction,12,Motor Vehicle In-Transport,2,Front-to-Front,0,No,1,Non-Junction,1,Not an Intersection,0,None,,,1,On Roadway,2,Dark - Not Lighted,,,,,1,Clear,0,No,0000000,Not Applicable,23,11:00pm-11:59pm,12,12,23,11:00pm-11:59pm,19,19,88,"Not Applicable (Not Transported) ",88,Not Applicable (Not Transported),,,,,,,2,
2021,25,250206,Massachusetts,1,1,0,0,0,1,1,27,WORCESTER (27),467,HARVARD STATION,5,5,8,August,2021,5,Thursday,22,10:00pm-10:59pm,17,17,9,Unknown if this section is on the NHS,1,Rural,4,Minor Arterial,3,Town or Township Highway Agency,3,State Highway,SR-110 STILL RIVER RD,,99998,Not Reported,42.49083611,42.49083611,-71.618913890,-71.618913890,0,No Special Jurisdiction,42,Tree (Standing Only),0,The First Harmful Event was Not a Collision with a Motor Vehicle in Transport,0,No,1,Non-Junction,1,Not an Intersection,0,None,,,5,Outside Trafficway,2,Dark - Not Lighted,,,,,5,"Fog, Smog, Smoke",0,No,0000000,Not Applicable,22,10:00pm-10:59pm,20,20,22,10:00pm-10:59pm,26,26,23,11:00pm-11:59pm,35,35,,,,,,,1,
2021,25,250207,Massachusetts,1,1,0,0,0,4,4,21,NORFOLK (21),180,CANTON,5,5,8,August,2021,5,Thursday,0,0:00am-0:59am,58,58,1,This section IS ON the NHS,2,Urban,1,Interstate,1,State Highway Agency,1,Interstate,"I-95 ",,228,228,42.16671111,42.16671111,-71.174813890,-71.174813890,0,No Special Jurisdiction,24,Guardrail Face,0,The First Harmful Event was Not a Collision with a Motor Vehicle in Transport,0,No,1,Non-Junction,1,Not an Intersection,0,None,,,4,On Roadside,2,Dark - Not Lighted,,,,,2,Rain,0,No,0000000,Not Applicable,1,1:00am-1:59am,19,19,1,1:00am-1:59am,26,26,99,Unknown,99,Unknown EMS Hospital Arrival Time,,,,,,,1,
2021,25,250208,Massachusetts,1,1,0,0,0,1,1,21,NORFOLK (21),1382,WELLESLEY,6,6,8,August,2021,6,Friday,21,9:00pm-9:59pm,30,30,1,This section IS ON the NHS,2,Urban,1,Interstate,1,State Highway Agency,1,Interstate,"I-95 ",,370,370,42.31886389,42.31886389,-71.236136110,-71.236136110,0,No Special Jurisdiction,7,Other Non-Collision,0,The First Harmful Event was Not a Collision with a Motor Vehicle in Transport,1,Yes,18,Through Roadway,1,Not an Intersection,0,None,,,1,On Roadway,2,Dark - Not Lighted,,,,,1,Clear,0,No,0000000,Not Applicable,21,9:00pm-9:59pm,33,33,21,9:00pm-9:59pm,35,35,21,9:00pm-9:59pm,51,51,,,,,,,1,