caseyear,state,st_case,statename,ve_total,ve_forms,pvh_invl,peds,pernotmvit,permvit,persons,county,countyname,city,cityname,day,dayname,month,monthname,year,day_week,day_weekname,hour,hourname,minute,minutename,nhs,nhsname,rur_urb,rur_urbname,func_sys,func_sysname,rd_owner,rd_ownername,route,routename,tway_id,tway_id2,milept,mileptname,latitude,latitudename,longitud,longitudname,sp_jur,sp_jurname,harm_ev,harm_evname,man_coll,man_collname,reljct1,reljct1name,reljct2,reljct2name,typ_int,typ_intname,wrk_zone,wrk_zonename,road_fnc,road_fncname,rel_road,rel_roadname,lgt_cond,lgt_condname,weather1,weather1name,weather2,weather2name,weather,weathername,sch_bus,sch_busname,rail,railname,not_hour,not_hourname,not_min,not_minname,arr_hour,arr_hourname,arr_min,arr_minname,hosp_hr,hosp_hrname,hosp_mn,hosp_mnname,cf1,cf1name,cf2,cf2name,cf3,cf3name,fatals,drunk_dr
2021,25,250209,Massachusetts,2,2,0,0,0,4,4,27,WORCESTER (27),1278,STURBRIDGE,6,6,8,August,2021,6,Friday,14,2:00pm-2:59pm,10,10,1,This section IS ON the NHS,2,Urban,3,Principal Arterial - Other,1,State Highway Agency,2,U.S. Highway,US-20 CHARLTON RD,FISKE HILL RD,99998,Not Reported,42.12634444,42.12634444,-72.054013890,-72.054013890,0,No Special Jurisdiction,12,Motor Vehicle In-Transport,2,Front-to-Front,0,No,2,Intersection,3,T-Intersection,0,None,,,1,On Roadway,1,Daylight,,,,,1,Clear,0,No,0000000,Not Applicable,14,2:00pm-2:59pm,12,12,14,2:00pm-2:59pm,14,14,15,3:00pm-3:59pm,4,4,,,,,,,2,
2021,25,250210,Massachusetts,2,2,0,0,0,2,2,23,PLYMOUTH (23),270,EAST BRIDGEWATER,8,8,8,August,2021,1,Sunday,8,8:00am-8:59am,46,46,0,This section IS NOT on the NHS,2,Urban,4,Minor Arterial,3,Town or Township Highway Agency,8,Other,CENTRAL ST,,0,None,42.03702500,42.03702500,-70.930913890,-70.930913890,1,National Park Service,12,Motor Vehicle In-Transport,2,Front-to-Front,0,No,1,Non-Junction,1,Not an Intersection,0,None,,,1,On Roadway,1,Daylight,,,,,1,Clear,0,No,0000000,Not Applicable,8,8:00am-8:59am,46,46,8,8:00am-8:59am,51,51,9,9:00am-9:59am,25,25,,,,,,,1,
2021,25,250211,Massachusetts,1,1,0,0,0,1,1,9,ESSEX (9),35,ANDOVER,8,8,8,August,2021,1,Sunday,4,4:00am-4:59am,23,23,1,This section IS ON the NHS,2,Urban,1,Interstate,1,State Highway Agency,1,Interstate,I-93,,325,325,42.60927778,42.60927778,-71.173005560,-71.173005560,0,No Special Jurisdiction,1,Rollover/Overturn,0,The First Harmful Event was Not a Collision with a Motor Vehicle in Transport,0,No,1,Non-Junction,1,Not an Intersection,0,None,,,4,On Roadside,3,Dark - Lighted,,,,,10,Cloudy,0,No,0000000,Not Applicable,4,4:00am-4:59am,29,29,4,4:00am-4:59am,39,39,88,"Not Applicable (Not Transported) ",88,Not Applicable (Not Transported),,,,,,,1,
2021,25,250212,Massachusetts,2,2,0,0,0,3,3,9,ESSEX (9),650,LYNN,10,10,8,August,2021,3,Tuesday,9,9:00am-9:59am,20,20,1,This section IS ON the NHS,2,Urban,3,Principal Arterial - Other,4,City or Municipal Highway Agency,9,Unknown,WASHINGTON ST,WESTERN AVE,99998,Not Reported,42.46976667,42.46976667,-70.956911110,-70.956911110,0,No Special Jurisdiction,12,Motor Vehicle In-Transport,7,Sideswipe - Same Direction,0,No,2,Intersection,2,Four-Way Intersection,0,None,,,1,On Roadway,1,Daylight,,,,,10,Cloudy,0,No,0000000,Not Applicable,9,9:00am-9:59am,23,23,9,9:00am-9:59am,28,28,9,9:00am-9:59am,46,46,,,,,,,1,
2021,25,250213,Massachusetts,1,1,0,0,0,1,1,17,MIDDLESEX (17),1282,TEWKSBURY,11,11,8,August,2021,4,Wednesday,18,6:00pm-6:59pm,50,50,0,This section IS NOT on the NHS,2,Urban,7,Local,3,Town or Township Highway Agency,8,Other,SOUTH ST,,99998,Not Reported,42.59477222,42.59477222,-71.174850000,-71.174850000,0,No Special Jurisdiction,35,Embankment,0,The First Harmful Event was Not a Collision with a Motor Vehicle in Transport,0,No,8,Driveway Access Related,1,Not an Intersection,0,None,,,4,On Roadside,1,Daylight,,,,,1,Clear,0,No,0000000,Not Applicable,22,10:00pm-10:59pm,33,33,22,10:00pm-10:59pm,47,47,88,"Not Applicable (Not Transported) ",88,Not Applicable (Not Transported),,,,,,,1,
2021,25,250214,Massachusetts,2,2,0,0,0,2,2,25,SUFFOLK (25),1505,WINTHROP,13,13,8,August,2021,6,Friday,15,3:00pm-3:59pm,36,36,0,This section IS NOT on the NHS,2,Urban,4,Minor Arterial,4,City or Municipal Highway Agency,8,Other,PAULINE ST,WALDEN ST,99998,Not Reported,42.37604722,42.37604722,-70.987094440,-70.987094440,0,No Special Jurisdiction,12,Motor Vehicle In-Transport,6,Angle,0,No,2,Intersection,2,Four-Way Intersection,0,None,,,1,On Roadway,1,Daylight,,,,,1,Clear,0,No,0000000,Not Applicable,15,3:00pm-3:59pm,25,25,15,3:00pm-3:59pm,29,29,16,4:00pm-4:59pm,0,0,,,,,,,1,
2021,25,250216,Massachusetts,2,2,0,0,0,2,2,1,BARNSTABLE (1),469,HARWICH,16,16,8,August,2021,2,Monday,9,9:00am-9:59am,45,45,0,This section IS NOT on the NHS,2,Urban,5,Major Collector,3,Town or Township Highway Agency,8,Other,OLD CHATHAM RD,DEPOT ST,0,None,41.70138889,41.70138889,-70.119913890,-70.119913890,0,No Special Jurisdiction,12,Motor Vehicle In-Transport,6,Angle,0,No,2,Intersection,2,Four-Way Intersection,0,None,,,1,On Roadway,1,Daylight,,,,,1,Clear,0,No,0000000,Not Applicable,9,9:00am-9:59am,45,45,9,9:00am-9:59am,56,56,10,10:00am-10:59am,28,28,,,,,,,1,
2021,25,250217,Massachusetts,2,2,0,0,0,2,2,17,MIDDLESEX (17),1275,STONEHAM,16,16,8,August,2021,2,Monday,16,4:00pm-4:59pm,30,30,1,This section IS ON the NHS,2,Urban,3,Principal Arterial - Other,1,State Highway Agency,3,State Highway,SR-28 N MAIN ST,,1335,1335,42.49096667,42.49096667,-71.100266670,-71.100266670,0,No Special Jurisdiction,12,Motor Vehicle In-Transport,6,Angle,0,No,1,Non-Junction,1,Not an Intersection,0,None,,,1,On Roadway,1,Daylight,,,,,1,Clear,0,No,0000000,Not Applicable,16,4:00pm-4:59pm,31,31,16,4:00pm-4:59pm,36,36,17,5:00pm-5:59pm,2,2,,,,,,,1,
2021,25,250219,Massachusetts,2,2,0,0,0,3,3,1,BARNSTABLE (1),330,FALMOUTH,16,16,8,August,2021,2,Monday,6,6:00am-6:59am,54,54,1,This section IS ON the NHS,2,Urban,3,Principal Arterial - Other,3,Town or Township Highway Agency,8,Other,SANDWHICH RD,,0,None,41.58933889,41.58933889,-70.583013890,-70.583013890,0,No Special Jurisdiction,12,Motor Vehicle In-Transport,2,Front-to-Front,0,No,1,Non-Junction,1,Not an Intersection,0,None,,,1,On Roadway,4,Dawn,,,,,1,Clear,0,No,0000000,Not Applicable,6,6:00am-6:59am,55,55,7,7:00am-7:59am,1,1,7,7:00am-7:59am,33,33,,,,,,,1,
2021,25,250220,Massachusetts,1,1,0,0,0,1,1,5,BRISTOL (5),1064,RAYNHAM CENTER,16,16,8,August,2021,2,Monday,1,1:00am-1:59am,22,22,0,This section IS NOT on the NHS,2,Urban,7,Local,3,Town or Township Highway Agency,8,Other,BRITANNIA ST,,0,None,41.92269167,41.92269167,-71.075986110,-71.075986110,0,No Special Jurisdiction,31,"Post, Pole or Other Supports",0,The First Harmful Event was Not a Collision with a Motor Vehicle in Transport,0,No,1,Non-Junction,1,Not an Intersection,0,None,,,5,Outside Trafficway,2,Dark - Not Lighted,,,,,1,Clear,0,No,0000000,Not Applicable,1,1:00am-1:59am,25,25,1,1:00am-1:59am,29,29,1,1:00am-1:59am,56,56,,,,,,,1,
2021,25,250221,Massachusetts,1,1,0,0,0,2,2,1,BARNSTABLE (1),121,BOURNE,16,16,8,August,2021,2,Monday,8,8:00am-8:59am,30,30,0,This section IS NOT on the NHS,2,Urban,4,Minor Arterial,3,Town or Township Highway Agency,8,Other,MAIN ST,,0,None,41.75113611,41.75113611,-70.598994440,-70.598994440,0,No Special Jurisdiction,5,Fell/Jumped from Vehicle,0,The First Harmful Event was Not a Collision with a Motor Vehicle in Transport,0,No,1,Non-Junction,1,Not an Intersection,0,None,,,1,On Roadway,1,Daylight,,,,,1,Clear,0,No,0000000,Not Applicable,8,8:00am-8:59am,31,31,8,8:00am-8:59am,34,34,9,9:00am-9:59am,31,31,,,,,,,1,
2021,25,250222,Massachusetts,1,1,0,0,0,1,1,13,HAMPDEN (13),636,LUDLOW,30,30,8,August,2021,2,Monday,15,3:00pm-3:59pm,47,47,0,This section IS NOT on the NHS,2,Urban,7,Local,3,Town or Township Highway Agency,8,Other,MOODY ST,,0,None,42.19061389,42.19061389,-72.508955560,-72.508955560,0,No Special Jurisdiction,30,Utility Pole/Light Support,0,The First Harmful Event was Not a Collision with a Motor Vehicle in Transport,0,No,1,Non-Junction,1,Not an Intersection,0,None,,,4,On Roadside,1,Daylight,,,,,1,Clear,0,No,0000000,Not Applicable,15,3:00pm-3:59pm,47,47,15,3:00pm-3:59pm,50,50,16,4:00pm-4:59pm,19,19,,,,,,,1,
2021,25,250223,Massachusetts,2,2,0,0,0,3,3,21,NORFOLK (21),1060,QUINCY,5,5,8,August,2021,5,Thursday,18,6:00pm-6:59pm,9,9,0,This section IS NOT on the NHS,2,Urban,7,Local,3,Town or Township Highway Agency,8,Other,FORBES RD,,99998,Not Reported,42.21741389,42.21741389,-71.037883330,-71.037883330,0,No Special Jurisdiction,5,Fell/Jumped from Vehicle,0,The First Harmful Event was Not a Collision with a Motor Vehicle in Transport,0,No,1,Non-Junction,1,Not an Intersection,0,None,,,1,On Roadway,5,Dusk,,,,,2,Rain,0,No,0000000,Not Applicable,17,5:00pm-5:59pm,55,55,18,6:00pm-6:59pm,8,8,99,Unknown,99,Unknown EMS Hospital Arrival Time,,,,,,,1,
2021,25,250224,Massachusetts,2,1,1,0,0,1,1,21,NORFOLK (21),180,CANTON,21,21,8,August,2021,7,Saturday,9,9:00am-9:59am,26,26,1,This section IS ON the NHS,2,Urban,3,Principal Arterial - Other,3,Town or Township Highway Agency,8,Other,NEPONSET ST,,42,42,42.15428889,42.15428889,-71.152861110,-71.152861110,0,No Special Jurisdiction,14,Parked Motor Vehicle,0,The First Harmful Event was Not a Collision with a Motor Vehicle in Transport,0,No,1,Non-Junction,1,Not an Intersection,0,None,,,7,In Parking Lane/Zone,1,Daylight,,,,,1,Clear,0,No,0000000,Not Applicable,9,9:00am-9:59am,23,23,9,9:00am-9:59am,33,33,10,10:00am-10:59am,39,39,,,,,,,1,
2021,25,250225,Massachusetts,3,3,0,0,0,3,3,5,BRISTOL (5),320,FALL RIVER,10,10,8,August,2021,3,Tuesday,17,5:00pm-5:59pm,48,48,0,This section IS NOT on the NHS,2,Urban,7,Local,4,City or Municipal Highway Agency,8,Other,MIDDLE ST,RIDGE ST,0,None,41.69292222,41.69292222,-71.161702780,-71.161702780,0,No Special Jurisdiction,12,Motor Vehicle In-Transport,6,Angle,0,No,2,Intersection,2,Four-Way Intersection,0,None,,,1,On Roadway,1,Daylight,,,,,98,Not Reported,0,No,0000000,Not Applicable,18,6:00pm-6:59pm,26,26,18,6:00pm-6:59pm,26,26,19,7:00pm-7:59pm,24,24,,,,,,,1,
2021,25,250226,Massachusetts,2,2,0,0,0,3,3,17,MIDDLESEX (17),1490,WILMINGTON,28,28,8,August,2021,7,Saturday,5,5:00am-5:59am,7,7,1,This section IS ON the NHS,2,Urban,1,Interstate,1,State Highway Agency,1,Interstate,I-93,,143,143,42.54886111,42.54886111,-71.136688890,-71.136688890,0,No Special Jurisdiction,12,Motor Vehicle In-Transport,1,Front-to-Rear,0,No,1,Non-Junction,1,Not an Intersection,0,None,,,1,On Roadway,2,Dark - Not Lighted,,,,,1,Clear,0,No,0000000,Not Applicable,5,5:00am-5:59am,8,8,5,5:00am-5:59am,12,12,5,5:00am-5:59am,35,35,,,,,,,1,
2021,25,250228,Massachusetts,2,2,0,0,0,5,5,5,BRISTOL (5),320,FALL RIVER,28,28,8,August,2021,7,Saturday,16,4:00pm-4:59pm,57,57,0,This section IS NOT on the NHS,2,Urban,4,Minor Arterial,4,City or Municipal Highway Agency,8,Other,RHODE ISLAND AVE,ORSWELL ST,0,None,41.68084167,41.68084167,-71.163194440,-71.163194440,0,No Special Jurisdiction,12,Motor Vehicle In-Transport,6,Angle,1,Yes,2,Intersection,2,Four-Way Intersection,0,None,,,1,On Roadway,1,Daylight,,,,,1,Clear,0,No,0000000,Not Applicable,16,4:00pm-4:59pm,59,59,17,5:00pm-5:59pm,7,7,99,Unknown,99,Unknown EMS Hospital Arrival Time,,,,,,,1,
2021,25,250229,Massachusetts,1,1,0,0,0,1,1,5,BRISTOL (5),385,FREETOWN,2,2,9,September,2021,5,Thursday,7,7:00am-7:59am,19,19,0,This section IS NOT on the NHS,2,Urban,5,Major Collector,3,Town or Township Highway Agency,8,Other,BULLOCK RD,,151,151,41.74170556,41.74170556,-71.001494440,-71.001494440,0,No Special Jurisdiction,30,Utility Pole/Light Support,0,The First Harmful Event was Not a Collision with a Motor Vehicle in Transport,0,No,1,Non-Junction,1,Not an Intersection,0,None,,,4,On Roadside,1,Daylight,,,,,2,Rain,0,No,0000000,Not Applicable,7,7:00am-7:59am,19,19,7,7:00am-7:59am,24,24,7,7:00am-7:59am,58,58,,,,,,,1,
2021,25,250230,Massachusetts,1,1,0,0,0,1,1,13,HAMPDEN (13),1446,WEST SPRINGFIELD,3,3,9,September,2021,6,Friday,11,11:00am-11:59am,0,0,1,This section IS ON the NHS,2,Urban,1,Interstate,1,State Highway Agency,1,Interstate,I-91,,454,454,42.13661111,42.13661111,-72.630897220,-72.630897220,0,No Special Jurisdiction,1,Rollover/Overturn,0,The First Harmful Event was Not a Collision with a Motor Vehicle in Transport,1,Yes,18,Through Roadway,1,Not an Intersection,0,None,,,1,On Roadway,1,Daylight,,,,,1,Clear,0,No,0000000,Not Applicable,11,11:00am-11:59am,6,6,11,11:00am-11:59am,14,14,88,"Not Applicable (Not Transported) ",88,Not Applicable (Not Transported),,,,,,,1,
2021,25,250231,Massachusetts,1,1,0,0,0,3,3,11,FRANKLIN (11),99,BERNARDSTON,4,4,9,September,2021,7,Saturday,19,7:00pm-7:59pm,33,33,1,This section IS ON the NHS,1,Rural,1,Interstate,1,State Highway Agency,1,Interstate,I-91,,14,14,42.71162500,42.71162500,-72.564791670,-72.564791670,0,No Special Jurisdiction,35,Embankment,0,The First Harmful Event was Not a Collision with a Motor Vehicle in Transport,0,No,1,Non-Junction,1,Not an Intersection,0,None,,,3,On Median,2,Dark - Not Lighted,,,,,1,Clear,0,No,0000000,Not Applicable,19,7:00pm-7:59pm,30,30,19,7:00pm-7:59pm,50,50,20,8:00pm-8:59pm,12,12,,,,,,,1,
2021,25,250232,Massachusetts,1,1,0,0,0,1,1,23,PLYMOUTH (23),130,BRIDGEWATER,8,8,9,September,2021,4,Wednesday,20,8:00pm-8:59pm,27,27,0,This section IS NOT on the NHS,2,Urban,5,Major Collector,4,City or Municipal Highway Agency,8,Other,WINTER ST,SOUTH ST,99998,Not Reported,41.96653333,41.96653333,-70.980394440,-70.980394440,0,No Special Jurisdiction,33,Curb,0,The First Harmful Event was Not a Collision with a Motor Vehicle in Transport,0,No,3,Intersection-Related,3,T-Intersection,0,None,,,4,On Roadside,3,Dark - Lighted,,,,,98,Not Reported,0,No,0000000,Not Applicable,20,8:00pm-8:59pm,27,27,20,8:00pm-8:59pm,30,30,21,9:00pm-9:59pm,28,28,,,,,,,1,
2021,25,250233,Massachusetts,1,1,0,0,0,2,2,27,WORCESTER (27),780,MILFORD,9,9,9,September,2021,5,Thursday,23,11:00pm-11:59pm,25,25,1,This section IS ON the NHS,2,Urban,1,Interstate,1,State Highway Agency,1,Interstate,I-495,,489,489,42.15464722,42.15464722,-71.487305560,-71.487305560,0,No Special Jurisdiction,24,Guardrail Face,0,The First Harmful Event was Not a Collision with a Motor Vehicle in Transport,0,No,1,Non-Junction,1,Not an Intersection,0,None,,,3,On Median,2,Dark - Not Lighted,,,,,2,Rain,0,No,0000000,Not Applicable,23,11:00pm-11:59pm,41,41,23,11:00pm-11:59pm,45,45,0,0:00am-0:59am,20,20,,,,,,,1,
2021,25,250234,Massachusetts,1,1,0,0,0,1,1,27,WORCESTER (27),1172,SHREWSBURY,11,11,9,September,2021,7,Saturday,20,8:00pm-8:59pm,28,28,1,This section IS ON the NHS,2,Urban,1,Interstate,1,State Highway Agency,1,Interstate,I-290,,99998,Not Reported,42.32274167,42.32274167,-71.716744440,-71.716744440,0,No Special Jurisdiction,42,Tree (Standing Only),0,The First Harmful Event was Not a Collision with a Motor Vehicle in Transport,0,No,5,Entrance/Exit Ramp Related,1,Not an Intersection,0,None,,,8,Gore,3,Dark - Lighted,,,,,1,Clear,0,No,0000000,Not Applicable,20,8:00pm-8:59pm,21,21,20,8:00pm-8:59pm,28,28,88,"Not Applicable (Not Transported) ",88,Not Applicable (Not Transported),,,,,,,1,
2021,25,250235,Massachusetts,1,1,0,1,1,1,1,13,HAMPDEN (13),1430,WESTFIELD,12,12,9,September,2021,1,Sunday,19,7:00pm-7:59pm,42,42,0,This section IS NOT on the NHS,2,Urban,5,Major Collector,4,City or Municipal Highway Agency,8,Other,MECHANIC ST,THOMAS ST,0,None,42.12226111,42.12226111,-72.745519440,-72.745519440,0,No Special Jurisdiction,8,Pedestrian,0,The First Harmful Event was Not a Collision with a Motor Vehicle in Transport,0,No,3,Intersection-Related,2,Four-Way Intersection,0,None,,,1,On Roadway,3,Dark - Lighted,,,,,1,Clear,0,No,0000000,Not Applicable,19,7:00pm-7:59pm,42,42,19,7:00pm-7:59pm,46,46,20,8:00pm-8:59pm,18,18,,,,,,,1,
2021,25,250236,Massachusetts,2,2,0,0,0,3,3,1,BARNSTABLE (1),293,ORLEANS,12,12,9,September,2021,1,Sunday,20,8:00pm-8:59pm,32,32,1,This section IS ON the NHS,2,Urban,3,Principal Arterial - Other,1,State Highway Agency,2,U.S. Highway,US-6 STATE HWY,,99998,Not Reported,41.86216389,41.86216389,-69.985322220,-69.985322220,0,No Special Jurisdiction,12,Motor Vehicle In-Transport,6,Angle,0,No,8,Driveway Access Related,1,Not an Intersection,0,None,,,1,On Roadway,2,Dark - Not Lighted,,,,,1,Clear,0,No,0000000,Not Applicable,20,8:00pm-8:59pm,32,32,20,8:00pm-8:59pm,37,37,21,9:00pm-9:59pm,12,12,,,,,,,1,
2021,25,250237,Massachusetts,2,1,1,0,0,1,1,9,ESSEX (9),860,NEWBURYPORT,12,12,9,September,2021,1,Sunday,8,8:00am-8:59am,50,50,0,This section IS NOT on the NHS,2,Urban,5,Major Collector,4,City or Municipal Highway Agency,8,Other,WINTER ST,,0,None,42.81191667,42.81191667,-70.876016670,-70.876016670,0,No Special Jurisdiction,33,Curb,0,The First Harmful Event was Not a Collision with a Motor Vehicle in Transport,0,No,1,Non-Junction,1,Not an Intersection,0,None,,,4,On Roadside,1,Daylight,,,,,1,Clear,0,No,0000000,Not Applicable,8,8:00am-8:59am,52,52,9,9:00am-9:59am,1,1,9,9:00am-9:59am,14,14,,,,,,,1,
2021,25,250239,Massachusetts,2,2,0,0,0,2,2,27,WORCESTER (27),79,BARRE,19,19,9,September,2021,1,Sunday,12,12:00pm-12:59pm,4,4,1,This section IS ON the NHS,1,Rural,4,Minor Arterial,1,State Highway Agency,3,State Highway,SR-32 NB 389 SUMMER ST,,345,345,42.41447500,42.41447500,-72.097375000,-72.097375000,0,No Special Jurisdiction,12,Motor Vehicle In-Transport,1,Front-to-Rear,0,No,1,Non-Junction,1,Not an Intersection,0,None,,,1,On Roadway,1,Daylight,,,,,1,Clear,0,No,0000000,Not Applicable,12,12:00pm-12:59pm,4,4,12,12:00pm-12:59pm,7,7,12,12:00pm-12:59pm,51,51,,,,,,,1,
2021,25,250240,Massachusetts,1,1,0,1,1,1,1,21,NORFOLK (21),1465,WEYMOUTH,20,20,9,September,2021,2,Monday,16,4:00pm-4:59pm,3,3,0,This section IS NOT on the NHS,2,Urban,4,Minor Arterial,1,State Highway Agency,3,State Highway,SR-53 NB 1281 WASHINGTON ST,,0,None,42.19500556,42.19500556,-70.924250000,-70.924250000,0,No Special Jurisdiction,8,Pedestrian,0,The First Harmful Event was Not a Collision with a Motor Vehicle in Transport,0,No,8,Driveway Access Related,1,Not an Intersection,0,None,,,1,On Roadway,1,Daylight,,,,,1,Clear,0,No,0000000,Not Applicable,16,4:00pm-4:59pm,6,6,16,4:00pm-4:59pm,15,15,16,4:00pm-4:59pm,24,24,,,,,,,1,
2021,25,250241,Massachusetts,2,2,0,0,0,2,2,23,PLYMOUTH (23),770,MIDDLEBOROUGH,21,21,9,September,2021,3,Tuesday,20,8:00pm-8:59pm,55,55,0,This section IS NOT on the NHS,2,Urban,4,Minor Arterial,3,Town or Township Highway Agency,8,Other,"PLYMOUTH ST ",,99998,Not Reported,41.93283333,41.93283333,-70.970602780,-70.970602780,0,No Special Jurisdiction,12,Motor Vehicle In-Transport,2,Front-to-Front,0,No,1,Non-Junction,1,Not an Intersection,0,None,,,1,On Roadway,1,Daylight,,,,,1,Clear,0,No,0000000,Not Applicable,20,8:00pm-8:59pm,58,58,21,9:00pm-9:59pm,4,4,21,9:00pm-9:59pm,40,40,,,,,,,1,
2021,25,250242,Massachusetts,2,2,0,0,0,3,3,27,WORCESTER (27),610,LEOMINSTER,22,22,9,September,2021,4,Wednesday,13,1:00pm-1:59pm,1,1,1,This section IS ON the NHS,2,Urban,3,Principal Arterial - Other,1,State Highway Agency,3,State Highway,"SR-12 CENTRAL ST ",WILLARD ST,99998,Not Reported,42.49365278,42.49365278,-71.745161110,-71.745161110,0,No Special Jurisdiction,12,Motor Vehicle In-Transport,6,Angle,0,No,2,Intersection,2,Four-Way Intersection,0,None,,,1,On Roadway,1,Daylight,,,,,10,Cloudy,0,No,0000000,Not Applicable,13,1:00pm-1:59pm,3,3,13,1:00pm-1:59pm,7,7,13,1:00pm-1:59pm,38,38,,,,,,,1,
2021,25,250243,Massachusetts,2,2,0,0,0,2,2,9,ESSEX (9),774,MIDDLETON,22,22,9,September,2021,4,Wednesday,17,5:00pm-5:59pm,3,3,1,This section IS ON the NHS,2,Urban,3,Principal Arterial - Other,1,State Highway Agency,3,State Highway,SR-114  MAIN ST,,99998,Not Reported,42.60111111,42.60111111,-71.025375000,-71.025375000,0,No Special Jurisdiction,12,Motor Vehicle In-Transport,2,Front-to-Front,0,No,1,Non-Junction,1,Not an Intersection,0,None,,,1,On Roadway,1,Daylight,,,,,10,Cloudy,0,No,0000000,Not Applicable,17,5:00pm-5:59pm,5,5,17,5:00pm-5:59pm,6,6,17,5:00pm-5:59pm,28,28,,,,,,,1,
2021,25,250244,Massachusetts,1,1,0,1,1,2,2,9,ESSEX (9),1125,SAUGUS,23,23,9,September,2021,5,Thursday,21,9:00pm-9:59pm,58,58,1,This section IS ON the NHS,2,Urban,3,Principal Arterial - Other,4,City or Municipal Highway Agency,8,Other,LYNN FELLS  PRKY,,99998,Not Reported,42.47855556,42.47855556,-71.029372220,-71.029372220,0,No Special Jurisdiction,8,Pedestrian,0,The First Harmful Event was Not a Collision with a Motor Vehicle in Transport,0,No,1,Non-Junction,1,Not an Intersection,0,None,,,1,On Roadway,3,Dark - Lighted,,,,,5,"Fog, Smog, Smoke",0,No,0000000,Not Applicable,21,9:00pm-9:59pm,57,57,22,10:00pm-10:59pm,1,1,22,10:00pm-10:59pm,36,36,,,,,,,1,
2021,25,250245,Massachusetts,1,1,0,0,0,2,2,21,NORFOLK (21),1060,QUINCY,24,24,9,September,2021,6,Friday,3,3:00am-3:59am,12,12,1,This section IS ON the NHS,2,Urban,1,Interstate,1,State Highway Agency,1,Interstate,"I-93 ",,99998,Not Reported,42.20615278,42.20615278,-71.059741670,-71.059741670,0,No Special Jurisdiction,24,Guardrail Face,0,The First Harmful Event was Not a Collision with a Motor Vehicle in Transport,0,No,1,Non-Junction,1,Not an Intersection,0,None,,,3,On Median,3,Dark - Lighted,,,,,1,Clear,0,No,0000000,Not Applicable,3,3:00am-3:59am,7,7,3,3:00am-3:59am,16,16,3,3:00am-3:59am,39,39,,,,,,,1,
2021,25,250246,Massachusetts,1,1,0,1,1,1,1,1,BARNSTABLE (1),469,HARWICH,25,25,9,September,2021,7,Saturday,4,4:00am-4:59am,56,56,1,This section IS ON the NHS,2,Urban,2,Principal Arterial - Other Freeways and Expressways,1,State Highway Agency,2,U.S. Highway,US-6E,,790,790,41.70041667,41.70041667,-70.131494440,-70.131494440,0,No Special Jurisdiction,8,Pedestrian,0,The First Harmful Event was Not a Collision with a Motor Vehicle in Transport,0,No,1,Non-Junction,1,Not an Intersection,0,None,,,1,On Roadway,3,Dark - Lighted,,,,,2,Rain,0,No,0000000,Not Applicable,5,5:00am-5:59am,8,8,5,5:00am-5:59am,18,18,88,"Not Applicable (Not Transported) ",88,Not Applicable (Not Transported),,,,,,,1,
2021,25,250247,Massachusetts,2,2,0,0,0,2,2,25,SUFFOLK (25),120,BOSTON,25,25,9,September,2021,7,Saturday,20,8:00pm-8:59pm,29,29,1,This section IS ON the NHS,2,Urban,3,Principal Arterial - Other,4,City or Municipal Highway Agency,8,Other,HYDE PARK AVE,RAMSDELL AVE,99998,Not Reported,42.27681111,42.27681111,-71.119494440,-71.119494440,0,No Special Jurisdiction,12,Motor Vehicle In-Transport,6,Angle,0,No,2,Intersection,98,Not Reported,0,None,,,1,On Roadway,8,Not Reported,,,,,98,Not Reported,0,No,0000000,Not Applicable,20,8:00pm-8:59pm,35,35,20,8:00pm-8:59pm,35,35,20,8:00pm-8:59pm,52,52,,,,,,,1,
2021,25,250248,Massachusetts,1,1,0,0,0,3,3,21,NORFOLK (21),847,NEEDHAM,29,29,9,September,2021,4,Wednesday,10,10:00am-10:59am,19,19,0,This section IS NOT on the NHS,2,Urban,4,Minor Arterial,3,Town or Township Highway Agency,8,Other,CENTRAL AVE,NORTH HILL DR,0,None,42.29096944,42.29096944,-71.250394440,-71.250394440,0,No Special Jurisdiction,19,Building,0,The First Harmful Event was Not a Collision with a Motor Vehicle in Transport,0,No,3,Intersection-Related,3,T-Intersection,0,None,,,5,Outside Trafficway,1,Daylight,,,,,1,Clear,0,No,0000000,Not Applicable,10,10:00am-10:59am,20,20,10,10:00am-10:59am,25,25,10,10:00am-10:59am,41,41,,,,,,,2,
2021,25,250249,Massachusetts,1,1,0,0,0,2,2,13,HAMPDEN (13),439,GRANVILLE CENTER,25,25,9,September,2021,7,Saturday,7,7:00am-7:59am,20,20,0,This section IS NOT on the NHS,1,Rural,5,Major Collector,3,Town or Township Highway Agency,8,Other,OLD WESTFIELD RD,,18,18,42.08973889,42.08973889,-72.854541670,-72.854541670,0,No Special Jurisdiction,42,Tree (Standing Only),0,The First Harmful Event was Not a Collision with a Motor Vehicle in Transport,0,No,1,Non-Junction,1,Not an Intersection,0,None,,,4,On Roadside,2,Dark - Not Lighted,,,,,1,Clear,0,No,0000000,Not Applicable,7,7:00am-7:59am,20,20,7,7:00am-7:59am,35,35,88,"Not Applicable (Not Transported) ",88,Not Applicable (Not Transported),,,,,,,2,
2021,25,250250,Massachusetts,2,2,0,0,0,4,4,13,HAMPDEN (13),1446,WEST SPRINGFIELD,23,23,9,September,2021,5,Thursday,13,1:00pm-1:59pm,22,22,0,This section IS NOT on the NHS,2,Urban,3,Principal Arterial - Other,4,City or Municipal Highway Agency,3,State Highway,SR-147 MEMORIAL AVE,,0,None,42.09610278,42.09610278,-72.609008330,-72.609008330,0,No Special Jurisdiction,12,Motor Vehicle In-Transport,7,Sideswipe - Same Direction,0,No,1,Non-Junction,1,Not an Intersection,0,None,,,1,On Roadway,1,Daylight,,,,,1,Clear,0,No,0000000,Not Applicable,13,1:00pm-1:59pm,20,20,13,1:00pm-1:59pm,23,23,13,1:00pm-1:59pm,37,37,,,,,,,1,