caseyear,state,st_case,statename,ve_total,ve_forms,pvh_invl,peds,pernotmvit,permvit,persons,county,countyname,city,cityname,day,dayname,month,monthname,year,day_week,day_weekname,hour,hourname,minute,minutename,nhs,nhsname,rur_urb,rur_urbname,func_sys,func_sysname,rd_owner,rd_ownername,route,routename,tway_id,tway_id2,milept,mileptname,latitude,latitudename,longitud,longitudname,sp_jur,sp_jurname,harm_ev,harm_evname,man_coll,man_collname,reljct1,reljct1name,reljct2,reljct2name,typ_int,typ_intname,wrk_zone,wrk_zonename,road_fnc,road_fncname,rel_road,rel_roadname,lgt_cond,lgt_condname,weather1,weather1name,weather2,weather2name,weather,weathername,sch_bus,sch_busname,rail,railname,not_hour,not_hourname,not_min,not_minname,arr_hour,arr_hourname,arr_min,arr_minname,hosp_hr,hosp_hrname,hosp_mn,hosp_mnname,cf1,cf1name,cf2,cf2name,cf3,cf3name,fatals,drunk_dr
2021,25,250288,Massachusetts,1,1,0,0,0,1,1,27,WORCESTER (27),40,ATHOL,10,10,11,November,2021,4,Wednesday,15,3:00pm-3:59pm,56,56,1,This section IS ON the NHS,1,Rural,2,Principal Arterial - Other Freeways and Expressways,1,State Highway Agency,3,State Highway,"SR-2 ",,99998,Not Reported,42.56967222,42.56967222,-72.203900000,-72.203900000,0,No Special Jurisdiction,24,Guardrail Face,0,The First Harmful Event was Not a Collision with a Motor Vehicle in Transport,0,No,1,Non-Junction,1,Not an Intersection,0,None,,,4,On Roadside,1,Daylight,,,,,1,Clear,0,No,0000000,Not Applicable,15,3:00pm-3:59pm,58,58,16,4:00pm-4:59pm,1,1,88,"Not Applicable (Not Transported) ",88,Not Applicable (Not Transported),,,,,,,1,
2021,25,250289,Massachusetts,1,1,0,0,0,1,1,23,PLYMOUTH (23),270,EAST BRIDGEWATER,12,12,11,November,2021,6,Friday,14,2:00pm-2:59pm,54,54,1,This section IS ON the NHS,2,Urban,3,Principal Arterial - Other,1,State Highway Agency,3,State Highway,SR-18 BEDFORD ST,,99998,Not Reported,42.01448056,42.01448056,-70.961538890,-70.961538890,0,No Special Jurisdiction,42,Tree (Standing Only),0,The First Harmful Event was Not a Collision with a Motor Vehicle in Transport,0,No,1,Non-Junction,1,Not an Intersection,0,None,,,4,On Roadside,1,Daylight,,,,,2,Rain,0,No,0000000,Not Applicable,15,3:00pm-3:59pm,54,54,15,3:00pm-3:59pm,58,58,88,"Not Applicable (Not Transported) ",88,Not Applicable (Not Transported),,,,,,,1,
2021,25,250290,Massachusetts,1,1,0,0,0,2,2,23,PLYMOUTH (23),140,BROCKTON,13,13,11,November,2021,7,Saturday,3,3:00am-3:59am,59,59,0,This section IS NOT on the NHS,2,Urban,5,Major Collector,4,City or Municipal Highway Agency,8,Other,PERKINS AVE,SUMMER ST,0,None,42.06300000,42.06300000,-71.003805560,-71.003805560,0,No Special Jurisdiction,42,Tree (Standing Only),0,The First Harmful Event was Not a Collision with a Motor Vehicle in Transport,0,No,3,Intersection-Related,3,T-Intersection,0,None,,,4,On Roadside,3,Dark - Lighted,,,,,1,Clear,0,No,0000000,Not Applicable,4,4:00am-4:59am,2,2,4,4:00am-4:59am,7,7,5,5:00am-5:59am,0,0,,,,,,,1,
2021,25,250291,Massachusetts,1,1,0,0,0,1,1,27,WORCESTER (27),780,MILFORD,13,13,11,November,2021,7,Saturday,5,5:00am-5:59am,25,25,1,This section IS ON the NHS,2,Urban,1,Interstate,1,State Highway Agency,1,Interstate,"I-495 ",,492,492,42.15907500,42.15907500,-71.492713890,-71.492713890,0,No Special Jurisdiction,17,Boulder,0,The First Harmful Event was Not a Collision with a Motor Vehicle in Transport,0,No,1,Non-Junction,1,Not an Intersection,0,None,,,3,On Median,2,Dark - Not Lighted,,,,,1,Clear,0,No,0000000,Not Applicable,5,5:00am-5:59am,22,22,5,5:00am-5:59am,30,30,5,5:00am-5:59am,54,54,,,,,,,1,
2021,25,250292,Massachusetts,2,2,0,0,0,2,2,13,HAMPDEN (13),1270,SPRINGFIELD,16,16,11,November,2021,3,Tuesday,6,6:00am-6:59am,39,39,0,This section IS NOT on the NHS,2,Urban,4,Minor Arterial,4,City or Municipal Highway Agency,3,State Highway,SR-141 WORCESTER ST,,0,None,42.15554444,42.15554444,-72.541116670,-72.541116670,0,No Special Jurisdiction,12,Motor Vehicle In-Transport,7,Sideswipe - Same Direction,0,No,1,Non-Junction,1,Not an Intersection,0,None,,,1,On Roadway,4,Dawn,,,,,1,Clear,0,No,0000000,Not Applicable,6,6:00am-6:59am,43,43,6,6:00am-6:59am,52,52,7,7:00am-7:59am,13,13,,,,,,,1,
2021,25,250293,Massachusetts,2,1,1,0,0,1,1,23,PLYMOUTH (23),140,BROCKTON,17,17,11,November,2021,4,Wednesday,2,2:00am-2:59am,55,55,1,This section IS ON the NHS,2,Urban,3,Principal Arterial - Other,1,State Highway Agency,3,State Highway,SR-123 CENTRE ST,,0,None,42.08739444,42.08739444,-70.981838890,-70.981838890,0,No Special Jurisdiction,30,Utility Pole/Light Support,0,The First Harmful Event was Not a Collision with a Motor Vehicle in Transport,0,No,1,Non-Junction,1,Not an Intersection,0,None,,,4,On Roadside,3,Dark - Lighted,,,,,1,Clear,0,No,0000000,Not Applicable,2,2:00am-2:59am,57,57,2,2:00am-2:59am,59,59,88,"Not Applicable (Not Transported) ",88,Not Applicable (Not Transported),,,,,,,1,
2021,25,250294,Massachusetts,1,1,0,0,0,2,2,21,NORFOLK (21),1465,WEYMOUTH,18,18,11,November,2021,5,Thursday,2,2:00am-2:59am,9,9,1,This section IS ON the NHS,2,Urban,2,Principal Arterial - Other Freeways and Expressways,1,State Highway Agency,3,State Highway,SR-3 PILGRIMS HWY,,376,376,42.18947778,42.18947778,-70.943136110,-70.943136110,0,No Special Jurisdiction,42,Tree (Standing Only),0,The First Harmful Event was Not a Collision with a Motor Vehicle in Transport,0,No,1,Non-Junction,1,Not an Intersection,0,None,,,5,Outside Trafficway,2,Dark - Not Lighted,,,,,1,Clear,0,No,0000000,Not Applicable,2,2:00am-2:59am,16,16,2,2:00am-2:59am,27,27,99,Unknown,99,Unknown EMS Hospital Arrival Time,,,,,,,1,
2021,25,250295,Massachusetts,2,2,0,0,0,2,2,25,SUFFOLK (25),120,BOSTON,18,18,11,November,2021,5,Thursday,2,2:00am-2:59am,24,24,1,This section IS ON the NHS,2,Urban,1,Interstate,1,State Highway Agency,1,Interstate,"I-93 ",,136,136,42.31105833,42.31105833,-71.053083330,-71.053083330,0,No Special Jurisdiction,12,Motor Vehicle In-Transport,2,Front-to-Front,0,No,1,Non-Junction,1,Not an Intersection,0,None,,,1,On Roadway,3,Dark - Lighted,,,,,1,Clear,0,No,0000000,Not Applicable,2,2:00am-2:59am,29,29,2,2:00am-2:59am,34,34,99,Unknown,99,Unknown EMS Hospital Arrival Time,,,,,,,1,
2021,25,250296,Massachusetts,1,1,0,1,1,1,1,9,ESSEX (9),1114,SALISBURY,19,19,11,November,2021,6,Friday,23,11:00pm-11:59pm,16,16,0,This section IS NOT on the NHS,2,Urban,7,Local,3,Town or Township Highway Agency,8,Other,FOLLY MILL RD,,99998,Not Reported,42.88307500,42.88307500,-70.894311110,-70.894311110,0,No Special Jurisdiction,9,Pedalcyclist,0,The First Harmful Event was Not a Collision with a Motor Vehicle in Transport,0,No,1,Non-Junction,1,Not an Intersection,0,None,,,2,On Shoulder,3,Dark - Lighted,,,,,1,Clear,0,No,0000000,Not Applicable,23,11:00pm-11:59pm,17,17,23,11:00pm-11:59pm,25,25,88,"Not Applicable (Not Transported) ",88,Not Applicable (Not Transported),,,,,,,1,
2021,25,250297,Massachusetts,1,1,0,0,0,3,3,25,SUFFOLK (25),120,BOSTON,21,21,11,November,2021,1,Sunday,3,3:00am-3:59am,11,11,1,This section IS ON the NHS,2,Urban,2,Principal Arterial - Other Freeways and Expressways,1,State Highway Agency,8,Other,SUMNER TUNNEL,,99998,Not Reported,42.36316111,42.36316111,-71.054369440,-71.054369440,0,No Special Jurisdiction,20,Impact Attenuator/Crash Cushion,0,The First Harmful Event was Not a Collision with a Motor Vehicle in Transport,0,No,1,Non-Junction,1,Not an Intersection,0,None,,,3,On Median,6,Dark - Unknown Lighting,,,,,1,Clear,0,No,0000000,Not Applicable,3,3:00am-3:59am,20,20,3,3:00am-3:59am,21,21,3,3:00am-3:59am,33,33,,,,,,,2,
2021,25,250298,Massachusetts,2,2,0,0,0,3,3,13,HAMPDEN (13),1477,WILBRAHAM,22,22,11,November,2021,2,Monday,18,6:00pm-6:59pm,50,50,1,This section IS ON the NHS,2,Urban,1,Interstate,1,State Highway Agency,1,Interstate,"I-90 ",,99998,Not Reported,42.15611389,42.15611389,-72.401266670,-72.401266670,0,No Special Jurisdiction,20,Impact Attenuator/Crash Cushion,0,The First Harmful Event was Not a Collision with a Motor Vehicle in Transport,0,No,1,Non-Junction,1,Not an Intersection,0,None,,,3,On Median,3,Dark - Lighted,,,,,1,Clear,0,No,0000000,Not Applicable,2,2:00am-2:59am,57,57,2,2:00am-2:59am,59,59,99,Unknown,99,Unknown EMS Hospital Arrival Time,,,,,,,1,
2021,25,250299,Massachusetts,1,1,0,1,1,1,1,9,ESSEX (9),650,LYNN,23,23,11,November,2021,3,Tuesday,18,6:00pm-6:59pm,44,44,0,This section IS NOT on the NHS,2,Urban,7,Local,4,City or Municipal Highway Agency,8,Other,LYNNWAY,NEWHALL ST,99998,Not Reported,42.45836389,42.45836389,-70.939230560,-70.939230560,0,No Special Jurisdiction,8,Pedestrian,0,The First Harmful Event was Not a Collision with a Motor Vehicle in Transport,0,No,3,Intersection-Related,3,T-Intersection,0,None,,,1,On Roadway,3,Dark - Lighted,,,,,1,Clear,0,No,0000000,Not Applicable,18,6:00pm-6:59pm,49,49,18,6:00pm-6:59pm,54,54,19,7:00pm-7:59pm,21,21,,,,,,,1,
2021,25,250300,Massachusetts,1,1,0,0,0,1,1,5,BRISTOL (5),670,MANSFIELD,25,25,11,November,2021,5,Thursday,5,5:00am-5:59am,30,30,1,This section IS ON the NHS,2,Urban,1,Interstate,1,State Highway Agency,1,Interstate,"I-495 ",,99998,Not Reported,42.00265000,42.00265000,-71.218213890,-71.218213890,0,No Special Jurisdiction,42,Tree (Standing Only),0,The First Harmful Event was Not a Collision with a Motor Vehicle in Transport,1,Yes,19,Other location within Interchange Area,1,Not an Intersection,0,None,,,3,On Median,2,Dark - Not Lighted,,,,,1,Clear,0,No,0000000,Not Applicable,5,5:00am-5:59am,23,23,5,5:00am-5:59am,36,36,88,"Not Applicable (Not Transported) ",88,Not Applicable (Not Transported),,,,,,,1,
2021,25,250301,Massachusetts,1,1,0,0,0,1,1,17,MIDDLESEX (17),720,MEDFORD,28,28,11,November,2021,1,Sunday,12,12:00pm-12:59pm,25,25,0,This section IS NOT on the NHS,2,Urban,4,Minor Arterial,1,State Highway Agency,3,State Highway,SR-38,,256,256,42.40233611,42.40233611,-71.098116670,-71.098116670,0,No Special Jurisdiction,33,Curb,0,The First Harmful Event was Not a Collision with a Motor Vehicle in Transport,0,No,1,Non-Junction,1,Not an Intersection,0,None,,,4,On Roadside,1,Daylight,,,,,10,Cloudy,0,No,0000000,Not Applicable,12,12:00pm-12:59pm,27,27,12,12:00pm-12:59pm,30,30,12,12:00pm-12:59pm,50,50,,,,,,,1,
2021,25,250302,Massachusetts,2,2,0,0,0,3,3,27,WORCESTER (27),565,LANCASTER,29,29,11,November,2021,2,Monday,10,10:00am-10:59am,25,25,1,This section IS ON the NHS,2,Urban,1,Interstate,1,State Highway Agency,1,Interstate,"I-190 ",,99998,Not Reported,42.48578611,42.48578611,-71.723330560,-71.723330560,0,No Special Jurisdiction,12,Motor Vehicle In-Transport,1,Front-to-Rear,0,No,1,Non-Junction,1,Not an Intersection,0,None,,,1,On Roadway,1,Daylight,,,,,1,Clear,0,No,0000000,Not Applicable,10,10:00am-10:59am,27,27,10,10:00am-10:59am,34,34,99,Unknown,99,Unknown EMS Hospital Arrival Time,,,,,,,1,
2021,25,250303,Massachusetts,2,2,0,0,0,2,2,5,BRISTOL (5),924,TOWN OF EASTON,29,29,11,November,2021,2,Monday,21,9:00pm-9:59pm,19,19,0,This section IS NOT on the NHS,2,Urban,5,Major Collector,3,Town or Township Highway Agency,8,Other,N WORCESTER ST,,0,None,41.95324167,41.95324167,-71.231613890,-71.231613890,0,No Special Jurisdiction,12,Motor Vehicle In-Transport,2,Front-to-Front,0,No,1,Non-Junction,1,Not an Intersection,0,None,,,1,On Roadway,3,Dark - Lighted,,,,,1,Clear,0,No,0000000,Not Applicable,21,9:00pm-9:59pm,19,19,21,9:00pm-9:59pm,27,27,88,"Not Applicable (Not Transported) ",88,Not Applicable (Not Transported),,,,,,,1,
2021,25,250304,Massachusetts,1,1,0,1,1,1,1,13,HAMPDEN (13),990,PALMER,30,30,11,November,2021,3,Tuesday,12,12:00pm-12:59pm,54,54,1,This section IS ON the NHS,2,Urban,3,Principal Arterial - Other,3,Town or Township Highway Agency,3,State Highway,SR-181 N MAIN ST,,4,4,42.16751667,42.16751667,-72.344516670,-72.344516670,0,No Special Jurisdiction,8,Pedestrian,0,The First Harmful Event was Not a Collision with a Motor Vehicle in Transport,0,No,1,Non-Junction,1,Not an Intersection,0,None,,,2,On Shoulder,1,Daylight,,,,,10,Cloudy,0,No,0000000,Not Applicable,12,12:00pm-12:59pm,55,55,12,12:00pm-12:59pm,57,57,88,"Not Applicable (Not Transported) ",88,Not Applicable (Not Transported),,,,,,,1,
2021,25,250305,Massachusetts,1,1,0,1,1,1,1,1,BARNSTABLE (1),1535,YARMOUTH,30,30,11,November,2021,3,Tuesday,7,7:00am-7:59am,10,10,0,This section IS NOT on the NHS,2,Urban,4,Minor Arterial,3,Town or Township Highway Agency,8,Other,WINSLOW GRAY RD EXT,,0,None,41.65635556,41.65635556,-70.221983330,-70.221983330,0,No Special Jurisdiction,8,Pedestrian,0,The First Harmful Event was Not a Collision with a Motor Vehicle in Transport,0,No,1,Non-Junction,1,Not an Intersection,0,None,,,1,On Roadway,9,Reported as Unknown,,,,,1,Clear,0,No,0000000,Not Applicable,7,7:00am-7:59am,12,12,7,7:00am-7:59am,16,16,88,"Not Applicable (Not Transported) ",88,Not Applicable (Not Transported),,,,,,,1,
2021,25,250306,Massachusetts,2,2,0,0,0,4,4,13,HAMPDEN (13),1270,SPRINGFIELD,2,2,11,November,2021,3,Tuesday,0,0:00am-0:59am,37,37,0,This section IS NOT on the NHS,2,Urban,7,Local,4,City or Municipal Highway Agency,8,Other,PAGE BLVD,,0,None,42.13370278,42.13370278,-72.561227780,-72.561227780,0,No Special Jurisdiction,12,Motor Vehicle In-Transport,7,Sideswipe - Same Direction,0,No,1,Non-Junction,1,Not an Intersection,0,None,,,1,On Roadway,3,Dark - Lighted,,,,,1,Clear,0,No,0000000,Not Applicable,0,0:00am-0:59am,39,39,0,0:00am-0:59am,41,41,1,1:00am-1:59am,5,5,,,,,,,1,
2021,25,250307,Massachusetts,2,2,0,0,0,2,2,27,WORCESTER (27),9997,Other,4,4,11,November,2021,5,Thursday,12,12:00pm-12:59pm,51,51,0,This section IS NOT on the NHS,2,Urban,4,Minor Arterial,3,Town or Township Highway Agency,8,Other,MAPLE ST,,0,None,42.10473056,42.10473056,-71.556327780,-71.556327780,0,No Special Jurisdiction,12,Motor Vehicle In-Transport,1,Front-to-Rear,0,No,1,Non-Junction,1,Not an Intersection,0,None,,,1,On Roadway,1,Daylight,,,,,1,Clear,0,No,0000000,Not Applicable,12,12:00pm-12:59pm,53,53,12,12:00pm-12:59pm,57,57,13,1:00pm-1:59pm,9,9,,,,,,,1,
2021,25,250308,Massachusetts,1,1,0,1,1,1,1,13,HAMPDEN (13),1270,SPRINGFIELD,10,10,11,November,2021,4,Wednesday,18,6:00pm-6:59pm,14,14,1,This section IS ON the NHS,2,Urban,3,Principal Arterial - Other,4,City or Municipal Highway Agency,8,Other,STATE ST,,99998,Not Reported,42.10382222,42.10382222,-72.583747220,-72.583747220,0,No Special Jurisdiction,8,Pedestrian,0,The First Harmful Event was Not a Collision with a Motor Vehicle in Transport,0,No,1,Non-Junction,1,Not an Intersection,0,None,,,1,On Roadway,8,Not Reported,,,,,98,Not Reported,0,No,0000000,Not Applicable,18,6:00pm-6:59pm,16,16,18,6:00pm-6:59pm,23,23,18,6:00pm-6:59pm,39,39,,,,,,,1,
2021,25,250309,Massachusetts,1,1,0,0,0,2,2,13,HAMPDEN (13),500,HOLYOKE,1,1,11,November,2021,2,Monday,12,12:00pm-12:59pm,55,55,0,This section IS NOT on the NHS,2,Urban,4,Minor Arterial,1,State Highway Agency,3,State Highway,SR-116 CABOT ST,,52,52,42.19690000,42.19690000,-72.603263890,-72.603263890,0,No Special Jurisdiction,23,Bridge Rail (Includes parapet),0,The First Harmful Event was Not a Collision with a Motor Vehicle in Transport,0,No,1,Non-Junction,1,Not an Intersection,0,None,,,4,On Roadside,1,Daylight,,,,,1,Clear,0,No,0000000,Not Applicable,12,12:00pm-12:59pm,54,54,13,1:00pm-1:59pm,0,0,13,1:00pm-1:59pm,34,34,,,,,,,2,
2021,25,250310,Massachusetts,1,1,0,0,0,1,1,5,BRISTOL (5),299,EASTON,2,2,12,December,2021,5,Thursday,13,1:00pm-1:59pm,46,46,0,This section IS NOT on the NHS,2,Urban,7,Local,3,Town or Township Highway Agency,8,Other,HOWARD ST,,0,None,41.99576389,41.99576389,-71.099975000,-71.099975000,0,No Special Jurisdiction,17,Boulder,0,The First Harmful Event was Not a Collision with a Motor Vehicle in Transport,0,No,1,Non-Junction,1,Not an Intersection,1,Construction,,,5,Outside Trafficway,1,Daylight,,,,,1,Clear,0,No,0000000,Not Applicable,13,1:00pm-1:59pm,45,45,13,1:00pm-1:59pm,52,52,99,Unknown,99,Unknown EMS Hospital Arrival Time,,,,,,,1,
2021,25,250311,Massachusetts,2,2,0,0,0,2,2,27,WORCESTER (27),55,AUBURN,1,1,12,December,2021,4,Wednesday,16,4:00pm-4:59pm,0,0,0,This section IS NOT on the NHS,2,Urban,7,Local,3,Town or Township Highway Agency,8,Other,SOUTHBRIDGE ST,,0,None,42.20848056,42.20848056,-71.831044440,-71.831044440,0,No Special Jurisdiction,12,Motor Vehicle In-Transport,1,Front-to-Rear,0,No,1,Non-Junction,1,Not an Intersection,0,None,,,1,On Roadway,1,Daylight,,,,,1,Clear,0,No,0000000,Not Applicable,16,4:00pm-4:59pm,2,2,16,4:00pm-4:59pm,6,6,16,4:00pm-4:59pm,28,28,,,,,,,1,
2021,25,250312,Massachusetts,1,1,0,0,0,1,1,9,ESSEX (9),570,LAWRENCE,2,2,12,December,2021,5,Thursday,22,10:00pm-10:59pm,21,21,1,This section IS ON the NHS,2,Urban,1,Interstate,1,State Highway Agency,1,Interstate,"I-495 ",,99998,Not Reported,42.71783611,42.71783611,-71.137300000,-71.137300000,0,No Special Jurisdiction,20,Impact Attenuator/Crash Cushion,0,The First Harmful Event was Not a Collision with a Motor Vehicle in Transport,1,Yes,5,Entrance/Exit Ramp Related,1,Not an Intersection,0,None,,,8,Gore,6,Dark - Unknown Lighting,,,,,3,Sleet or Hail,0,No,0000000,Not Applicable,22,10:00pm-10:59pm,22,22,22,10:00pm-10:59pm,29,29,22,10:00pm-10:59pm,49,49,,,,,,,1,
2021,25,250313,Massachusetts,1,1,0,0,0,1,1,17,MIDDLESEX (17),261,DRACUT,3,3,12,December,2021,6,Friday,22,10:00pm-10:59pm,38,38,0,This section IS NOT on the NHS,2,Urban,5,Major Collector,3,Town or Township Highway Agency,8,Other,CROSBY RD,SUE ANN DR,0,None,42.68990000,42.68990000,-71.325347220,-71.325347220,0,No Special Jurisdiction,17,Boulder,0,The First Harmful Event was Not a Collision with a Motor Vehicle in Transport,0,No,3,Intersection-Related,3,T-Intersection,0,None,,,5,Outside Trafficway,3,Dark - Lighted,,,,,1,Clear,0,No,0000000,Not Applicable,22,10:00pm-10:59pm,40,40,22,10:00pm-10:59pm,45,45,23,11:00pm-11:59pm,13,13,,,,,,,1,
2021,25,250314,Massachusetts,1,1,0,0,0,1,1,17,MIDDLESEX (17),1448,WESTON,4,4,12,December,2021,7,Saturday,21,9:00pm-9:59pm,21,21,0,This section IS NOT on the NHS,2,Urban,5,Major Collector,3,Town or Township Highway Agency,8,Other,BROWN ST,,0,None,42.33650556,42.33650556,-71.312244440,-71.312244440,0,No Special Jurisdiction,30,Utility Pole/Light Support,0,The First Harmful Event was Not a Collision with a Motor Vehicle in Transport,0,No,1,Non-Junction,1,Not an Intersection,0,None,,,4,On Roadside,3,Dark - Lighted,,,,,1,Clear,0,No,0000000,Not Applicable,21,9:00pm-9:59pm,24,24,21,9:00pm-9:59pm,27,27,99,Unknown,99,Unknown EMS Hospital Arrival Time,,,,,,,1,
2021,25,250315,Massachusetts,2,2,0,0,0,2,2,27,WORCESTER (27),1320,UXBRIDGE,4,4,12,December,2021,7,Saturday,21,9:00pm-9:59pm,43,43,1,This section IS ON the NHS,2,Urban,2,Principal Arterial - Other Freeways and Expressways,1,State Highway Agency,3,State Highway,"SR-146A ",,11,11,42.02408611,42.02408611,-71.604208330,-71.604208330,0,No Special Jurisdiction,12,Motor Vehicle In-Transport,6,Angle,1,Yes,18,Through Roadway,1,Not an Intersection,0,None,,,1,On Roadway,2,Dark - Not Lighted,,,,,10,Cloudy,0,No,0000000,Not Applicable,21,9:00pm-9:59pm,46,46,21,9:00pm-9:59pm,57,57,88,"Not Applicable (Not Transported) ",88,Not Applicable (Not Transported),,,,,,,1,
2021,25,250316,Massachusetts,1,1,0,0,0,1,1,17,MIDDLESEX (17),1153,SHERBORN,5,5,12,December,2021,1,Sunday,12,12:00pm-12:59pm,1,1,1,This section IS ON the NHS,2,Urban,3,Principal Arterial - Other,3,Town or Township Highway Agency,3,State Highway,SR-16 WASHINGTON ST,,99998,Not Reported,42.22038056,42.22038056,-71.403597220,-71.403597220,0,No Special Jurisdiction,42,Tree (Standing Only),0,The First Harmful Event was Not a Collision with a Motor Vehicle in Transport,0,No,1,Non-Junction,1,Not an Intersection,0,None,,,5,Outside Trafficway,1,Daylight,,,,,1,Clear,0,No,0000000,Not Applicable,12,12:00pm-12:59pm,8,8,12,12:00pm-12:59pm,13,13,1,1:00am-1:59am,19,19,,,,,,,1,
2021,25,250317,Massachusetts,1,1,0,0,0,1,1,27,WORCESTER (27),79,BARRE,5,5,12,December,2021,1,Sunday,18,6:00pm-6:59pm,50,50,0,This section IS NOT on the NHS,1,Rural,6,Minor Collector,3,Town or Township Highway Agency,3,State Highway,SR-32 PLEASANT ST,,99998,Not Reported,42.44475833,42.44475833,-72.122666670,-72.122666670,0,No Special Jurisdiction,42,Tree (Standing Only),0,The First Harmful Event was Not a Collision with a Motor Vehicle in Transport,0,No,1,Non-Junction,1,Not an Intersection,0,None,,,5,Outside Trafficway,2,Dark - Not Lighted,,,,,1,Clear,0,No,0000000,Not Applicable,18,6:00pm-6:59pm,51,51,18,6:00pm-6:59pm,56,56,19,7:00pm-7:59pm,20,20,,,,,,,1,
2021,25,250318,Massachusetts,1,1,0,0,0,1,1,5,BRISTOL (5),850,NEW BEDFORD,7,7,12,December,2021,3,Tuesday,5,5:00am-5:59am,19,19,0,This section IS NOT on the NHS,2,Urban,4,Minor Arterial,4,City or Municipal Highway Agency,3,State Highway,SR-18,,99998,Not Reported,41.63208333,41.63208333,-70.922908330,-70.922908330,0,No Special Jurisdiction,33,Curb,0,The First Harmful Event was Not a Collision with a Motor Vehicle in Transport,0,No,1,Non-Junction,1,Not an Intersection,0,None,,,4,On Roadside,4,Dawn,,,,,1,Clear,0,No,0000000,Not Applicable,5,5:00am-5:59am,19,19,5,5:00am-5:59am,25,25,88,"Not Applicable (Not Transported) ",88,Not Applicable (Not Transported),,,,,,,1,
2021,25,250319,Massachusetts,2,2,0,0,0,3,3,27,WORCESTER (27),1520,WORCESTER,8,8,12,December,2021,4,Wednesday,13,1:00pm-1:59pm,12,12,1,This section IS ON the NHS,2,Urban,3,Principal Arterial - Other,1,State Highway Agency,3,State Highway,SR-122A GROVE ST,,99998,Not Reported,42.31250556,42.31250556,-71.825997220,-71.825997220,0,No Special Jurisdiction,12,Motor Vehicle In-Transport,2,Front-to-Front,0,No,1,Non-Junction,1,Not an Intersection,0,None,,,1,On Roadway,1,Daylight,,,,,10,Cloudy,0,No,0000000,Not Applicable,13,1:00pm-1:59pm,20,20,13,1:00pm-1:59pm,25,25,14,2:00pm-2:59pm,11,11,,,,,,,1,
2021,25,250320,Massachusetts,2,2,0,0,0,2,2,25,SUFFOLK (25),120,BOSTON,8,8,12,December,2021,4,Wednesday,23,11:00pm-11:59pm,28,28,0,This section IS NOT on the NHS,2,Urban,4,Minor Arterial,4,City or Municipal Highway Agency,8,Other,TALBOT AVE,,0,None,42.29398611,42.29398611,-71.085008330,-71.085008330,0,No Special Jurisdiction,12,Motor Vehicle In-Transport,8,Sideswipe - Opposite Direction,0,No,1,Non-Junction,1,Not an Intersection,0,None,,,1,On Roadway,3,Dark - Lighted,,,,,4,Snow,0,No,0000000,Not Applicable,23,11:00pm-11:59pm,29,29,23,11:00pm-11:59pm,30,30,88,"Not Applicable (Not Transported) ",88,Not Applicable (Not Transported),,,,,,,1,
2021,25,250321,Massachusetts,1,1,0,0,0,1,1,17,MIDDLESEX (17),60,AYER,9,9,12,December,2021,5,Thursday,6,6:00am-6:59am,49,49,1,This section IS ON the NHS,2,Urban,3,Principal Arterial - Other,1,State Highway Agency,3,State Highway,SR-2A CARLTON CIR,,99998,Not Reported,42.55297778,42.55297778,-71.573358330,-71.573358330,0,No Special Jurisdiction,59,"Traffic Sign Support ",0,The First Harmful Event was Not a Collision with a Motor Vehicle in Transport,0,No,1,Non-Junction,1,Not an Intersection,0,None,,,4,On Roadside,1,Daylight,,,,,1,Clear,0,No,0000000,Not Applicable,6,6:00am-6:59am,50,50,6,6:00am-6:59am,54,54,7,7:00am-7:59am,23,23,,,,,,,1,
2021,25,250322,Massachusetts,2,2,0,0,0,2,2,21,NORFOLK (21),180,CANTON,10,10,12,December,2021,6,Friday,12,12:00pm-12:59pm,23,23,0,This section IS NOT on the NHS,2,Urban,3,Principal Arterial - Other,1,State Highway Agency,3,State Highway,SR-138 TURNPIKE ST,,99998,Not Reported,42.15093333,42.15093333,-71.100797220,-71.100797220,0,No Special Jurisdiction,12,Motor Vehicle In-Transport,1,Front-to-Rear,0,No,1,Non-Junction,1,Not an Intersection,0,None,,,1,On Roadway,1,Daylight,,,,,1,Clear,0,No,0000000,Not Applicable,12,12:00pm-12:59pm,29,29,12,12:00pm-12:59pm,36,36,12,12:00pm-12:59pm,53,53,,,,,,,1,
2021,25,250323,Massachusetts,1,1,0,0,0,1,1,23,PLYMOUTH (23),140,BROCKTON,12,12,12,December,2021,1,Sunday,21,9:00pm-9:59pm,27,27,0,This section IS NOT on the NHS,2,Urban,5,Major Collector,4,City or Municipal Highway Agency,8,Other,EAST ST,,0,None,42.06221111,42.06221111,-70.991050000,-70.991050000,0,No Special Jurisdiction,30,Utility Pole/Light Support,0,The First Harmful Event was Not a Collision with a Motor Vehicle in Transport,0,No,1,Non-Junction,1,Not an Intersection,0,None,,,4,On Roadside,2,Dark - Not Lighted,,,,,1,Clear,0,No,0000000,Not Applicable,21,9:00pm-9:59pm,28,28,21,9:00pm-9:59pm,32,32,22,10:00pm-10:59pm,7,7,,,,,,,1,