caseyear,state,st_case,statename,ve_total,ve_forms,pvh_invl,peds,pernotmvit,permvit,persons,county,countyname,city,cityname,day,dayname,month,monthname,year,day_week,day_weekname,hour,hourname,minute,minutename,nhs,nhsname,rur_urb,rur_urbname,func_sys,func_sysname,rd_owner,rd_ownername,route,routename,tway_id,tway_id2,milept,mileptname,latitude,latitudename,longitud,longitudname,sp_jur,sp_jurname,harm_ev,harm_evname,man_coll,man_collname,reljct1,reljct1name,reljct2,reljct2name,typ_int,typ_intname,wrk_zone,wrk_zonename,road_fnc,road_fncname,rel_road,rel_roadname,lgt_cond,lgt_condname,weather1,weather1name,weather2,weather2name,weather,weathername,sch_bus,sch_busname,rail,railname,not_hour,not_hourname,not_min,not_minname,arr_hour,arr_hourname,arr_min,arr_minname,hosp_hr,hosp_hrname,hosp_mn,hosp_mnname,cf1,cf1name,cf2,cf2name,cf3,cf3name,fatals,drunk_dr
2022,25,250073,Massachusetts,2,2,0,0,0,3,3,9,ESSEX (9),1298,TOPSFIELD,21,21,3,March,2022,2,Monday,14,2:00pm-2:59pm,32,32,1,This section IS ON the NHS,2,Urban,3,Principal Arterial - Other,3,Town or Township Highway Agency,5,Local Street - Township,BOSTON ST,IPSWICH RD,0,None,42.65041111,42.65041111,-70.935461110,-70.93546111,0,No Special Jurisdiction,12,Motor Vehicle In-Transport,6,Angle,0,No,2,Intersection,2,Four-Way Intersection,0,None,,,1,On Roadway,1,Daylight,,,,,1,Clear,0,No,0000000,Not Applicable,14,2:00pm-2:59pm,35,35,14,2:00pm-2:59pm,38,38,15,3:00pm-3:59pm,25,25,,,,,,,1,
2022,25,250074,Massachusetts,1,1,0,0,0,2,2,27,WORCESTER (27),1260,SPENCER,21,21,3,March,2022,2,Monday,17,5:00pm-5:59pm,28,28,0,This section IS NOT on the NHS,2,Urban,7,Local,3,Town or Township Highway Agency,8,Other,BEMIS ST,,99998,Not Reported,42.23688056,42.23688056,-71.991069440,-71.99106944,0,No Special Jurisdiction,5,Fell/Jumped from Vehicle,0,The First Harmful Event was Not a Collision with a Motor Vehicle in Transport,0,No,1,Non-Junction,1,Not an Intersection,0,None,,,1,On Roadway,1,Daylight,,,,,1,Clear,0,No,0000000,Not Applicable,17,5:00pm-5:59pm,28,28,17,5:00pm-5:59pm,34,34,18,6:00pm-6:59pm,3,3,,,,,,,1,
2022,25,250075,Massachusetts,1,1,0,1,1,1,1,17,MIDDLESEX (17),1340,WALTHAM,23,23,3,March,2022,4,Wednesday,11,11:00am-11:59am,20,20,0,This section IS NOT on the NHS,2,Urban,5,Major Collector,4,City or Municipal Highway Agency,5,Local Street - Township,PROSPECT HILL RD,PROSPECT HILL AVE,0,None,42.37711111,42.37711111,-71.251700000,-71.25170000,0,No Special Jurisdiction,8,Pedestrian,0,The First Harmful Event was Not a Collision with a Motor Vehicle in Transport,0,No,3,Intersection-Related,3,T-Intersection,0,None,,,1,On Roadway,1,Daylight,,,,,1,Clear,0,No,0000000,Not Applicable,11,11:00am-11:59am,23,23,11,11:00am-11:59am,29,29,99,Unknown,99,Unknown EMS Hospital Arrival Time,,,,,,,1,
2022,25,250076,Massachusetts,1,1,0,0,0,1,1,15,HAMPSHIRE (15),461,HADLEY,24,24,3,March,2022,5,Thursday,1,1:00am-1:59am,46,46,1,This section IS ON the NHS,2,Urban,3,Principal Arterial - Other,3,Town or Township Highway Agency,3,State Highway,SR-181 MILL VALLEY RD,,86,86,42.34796944,42.34796944,-72.541811110,-72.54181111,0,No Special Jurisdiction,42,Tree (Standing Only),0,The First Harmful Event was Not a Collision with a Motor Vehicle in Transport,0,No,1,Non-Junction,1,Not an Intersection,0,None,,,4,On Roadside,2,Dark - Not Lighted,,,,,2,Rain,0,No,0000000,Not Applicable,1,1:00am-1:59am,47,47,1,1:00am-1:59am,54,54,88,"Not Applicable (Not Transported) ",88,Not Applicable (Not Transported),,,,,,,1,
2022,25,250077,Massachusetts,1,1,0,0,0,1,1,9,ESSEX (9),550,IPSWICH,24,24,3,March,2022,5,Thursday,10,10:00am-10:59am,10,10,0,This section IS NOT on the NHS,2,Urban,4,Minor Arterial,3,Town or Township Highway Agency,8,Other,HIGH ST,,2,2,42.68390278,42.68390278,-70.839711110,-70.83971111,0,No Special Jurisdiction,30,Utility Pole/Light Support,0,The First Harmful Event was Not a Collision with a Motor Vehicle in Transport,0,No,1,Non-Junction,1,Not an Intersection,0,None,,,4,On Roadside,1,Daylight,,,,,2,Rain,0,No,0000000,Not Applicable,10,10:00am-10:59am,11,11,10,10:00am-10:59am,13,13,10,10:00am-10:59am,47,47,,,,,,,1,
2022,25,250078,Massachusetts,2,2,0,0,0,3,3,23,PLYMOUTH (23),537,HULL,25,25,3,March,2022,6,Friday,13,1:00pm-1:59pm,50,50,0,This section IS NOT on the NHS,2,Urban,4,Minor Arterial,3,Town or Township Highway Agency,5,Local Street - Township,NANTASKET AVE,,0,None,42.26174722,42.26174722,-70.845013890,-70.84501389,0,No Special Jurisdiction,12,Motor Vehicle In-Transport,2,Front-to-Front,0,No,1,Non-Junction,1,Not an Intersection,0,None,,,1,On Roadway,1,Daylight,,,,,1,Clear,0,No,0000000,Not Applicable,13,1:00pm-1:59pm,52,52,13,1:00pm-1:59pm,58,58,14,2:00pm-2:59pm,41,41,,,,,,,1,
2022,25,250079,Massachusetts,1,1,0,0,0,2,2,23,PLYMOUTH (23),1081,ROCHESTER,26,26,3,March,2022,7,Saturday,10,10:00am-10:59am,54,54,0,This section IS NOT on the NHS,2,Urban,4,Minor Arterial,3,Town or Township Highway Agency,5,Local Street - Township,MARYS POND RD,WALNUT PLAIN RD,0,None,41.74047778,41.74047778,-70.811966670,-70.81196667,0,No Special Jurisdiction,42,Tree (Standing Only),0,The First Harmful Event was Not a Collision with a Motor Vehicle in Transport,0,No,3,Intersection-Related,2,Four-Way Intersection,0,None,,,4,On Roadside,1,Daylight,,,,,1,Clear,0,No,0000000,Not Applicable,10,10:00am-10:59am,57,57,11,11:00am-11:59am,0,0,99,Unknown,99,Unknown EMS Hospital Arrival Time,,,,,,,1,
2022,25,250080,Massachusetts,1,1,0,0,0,1,1,13,HAMPDEN (13),1247,SOUTHWICK,31,31,3,March,2022,5,Thursday,18,6:00pm-6:59pm,51,51,0,This section IS NOT on the NHS,1,Rural,6,Minor Collector,3,Town or Township Highway Agency,5,Local Street - Township,SOUTH LOOMIS ST,,0,None,42.07224444,42.07224444,-72.821000000,-72.82100000,0,No Special Jurisdiction,42,Tree (Standing Only),0,The First Harmful Event was Not a Collision with a Motor Vehicle in Transport,0,No,1,Non-Junction,1,Not an Intersection,0,None,,,4,On Roadside,5,Dusk,,,,,10,Cloudy,0,No,0000000,Not Applicable,18,6:00pm-6:59pm,51,51,18,6:00pm-6:59pm,59,59,19,7:00pm-7:59pm,36,36,,,,,,,1,
2022,25,250081,Massachusetts,1,1,0,1,1,1,1,25,SUFFOLK (25),120,BOSTON,4,4,4,April,2022,2,Monday,0,0:00am-0:59am,50,50,1,This section IS ON the NHS,2,Urban,3,Principal Arterial - Other,4,City or Municipal Highway Agency,8,Other,HUDSON ST,KNEELAND ST,0,None,42.35028056,42.35028056,-71.060255560,-71.06025556,0,No Special Jurisdiction,8,Pedestrian,0,The First Harmful Event was Not a Collision with a Motor Vehicle in Transport,0,No,2,Intersection,2,Four-Way Intersection,0,None,,,1,On Roadway,3,Dark - Lighted,,,,,1,Clear,0,No,0000000,Not Applicable,0,0:00am-0:59am,53,53,0,0:00am-0:59am,57,57,1,1:00am-1:59am,6,6,,,,,,,1,
2022,25,250082,Massachusetts,1,1,0,0,0,1,1,23,PLYMOUTH (23),1400,WEST BRIDGEWATER,11,11,4,April,2022,2,Monday,23,11:00pm-11:59pm,0,0,1,This section IS ON the NHS,2,Urban,3,Principal Arterial - Other,1,State Highway Agency,3,State Highway,SR-28 99 SOUTH MAIN ST,,99998,Not Reported,42.01670000,42.01670000,-71.002300000,-71.00230000,0,No Special Jurisdiction,42,Tree (Standing Only),0,The First Harmful Event was Not a Collision with a Motor Vehicle in Transport,0,No,1,Non-Junction,1,Not an Intersection,0,None,,,4,On Roadside,3,Dark - Lighted,,,,,10,Cloudy,0,No,0000000,Not Applicable,23,11:00pm-11:59pm,2,2,23,11:00pm-11:59pm,4,4,88,"Not Applicable (Not Transported) ",88,Not Applicable (Not Transported),,,,,,,1,
2022,25,250083,Massachusetts,1,1,0,0,0,1,1,13,HAMPDEN (13),210,CHICOPEE,9,9,4,April,2022,7,Saturday,2,2:00am-2:59am,59,59,0,This section IS NOT on the NHS,2,Urban,4,Minor Arterial,4,City or Municipal Highway Agency,8,Other,CENTER ST,,99998,Not Reported,42.13058056,42.13058056,-72.612880560,-72.61288056,0,No Special Jurisdiction,38,Fence,0,The First Harmful Event was Not a Collision with a Motor Vehicle in Transport,0,No,1,Non-Junction,1,Not an Intersection,0,None,,,5,Outside Trafficway,3,Dark - Lighted,,,,,1,Clear,0,No,0000000,Not Applicable,3,3:00am-3:59am,4,4,3,3:00am-3:59am,12,12,3,3:00am-3:59am,19,19,,,,,,,1,
2022,25,250084,Massachusetts,2,2,0,0,0,4,4,13,HAMPDEN (13),500,HOLYOKE,12,12,4,April,2022,3,Tuesday,13,1:00pm-1:59pm,0,0,0,This section IS NOT on the NHS,2,Urban,7,Local,4,City or Municipal Highway Agency,8,Other,LOWER WESTFIELD RD,I-91 RAMP,0,None,42.17421944,42.17421944,-72.645030560,-72.64503056,0,No Special Jurisdiction,12,Motor Vehicle In-Transport,2,Front-to-Front,1,Yes,2,Intersection,2,Four-Way Intersection,0,None,,,1,On Roadway,1,Daylight,,,,,1,Clear,0,No,0000000,Not Applicable,13,1:00pm-1:59pm,18,18,13,1:00pm-1:59pm,18,18,13,1:00pm-1:59pm,28,28,,,,,,,1,
2022,25,250085,Massachusetts,1,1,0,0,0,1,1,9,ESSEX (9),859,NEWBURY OLD TOWN,13,13,4,April,2022,4,Wednesday,18,6:00pm-6:59pm,12,12,1,This section IS ON the NHS,2,Urban,1,Interstate,1,State Highway Agency,1,Interstate,I-95,,99998,Not Reported,42.75183333,42.75183333,-70.945325000,-70.94532500,0,No Special Jurisdiction,1,Rollover/Overturn,0,The First Harmful Event was Not a Collision with a Motor Vehicle in Transport,1,Yes,17,Acceleration/Deceleration Lane,1,Not an Intersection,0,None,,,1,On Roadway,1,Daylight,,,,,1,Clear,0,No,0000000,Not Applicable,18,6:00pm-6:59pm,17,17,18,6:00pm-6:59pm,17,17,88,"Not Applicable (Not Transported) ",88,Not Applicable (Not Transported),,,,,,,1,
2022,25,250086,Massachusetts,1,1,0,0,0,1,1,9,ESSEX (9),765,METHUEN,18,18,4,April,2022,2,Monday,5,5:00am-5:59am,40,40,1,This section IS ON the NHS,2,Urban,2,Principal Arterial - Other Freeways and Expressways,1,State Highway Agency,3,State Highway,SR-213,,99998,Not Reported,42.73415278,42.73415278,-71.200905560,-71.20090556,0,No Special Jurisdiction,24,Guardrail Face,0,The First Harmful Event was Not a Collision with a Motor Vehicle in Transport,0,No,1,Non-Junction,1,Not an Intersection,0,None,,,3,On Median,1,Daylight,,,,,1,Clear,0,No,0000000,Not Applicable,5,5:00am-5:59am,42,42,5,5:00am-5:59am,45,45,88,"Not Applicable (Not Transported) ",88,Not Applicable (Not Transported),,,,,,,1,
2022,25,250087,Massachusetts,2,2,0,0,0,3,3,5,BRISTOL (5),9997,Other,6,6,4,April,2022,4,Wednesday,13,1:00pm-1:59pm,0,0,0,This section IS NOT on the NHS,2,Urban,4,Minor Arterial,4,City or Municipal Highway Agency,8,Other,TREMONT ST,NORTH WALKER ST,0,None,41.91149167,41.91149167,-71.142658330,-71.14265833,0,No Special Jurisdiction,12,Motor Vehicle In-Transport,6,Angle,0,No,2,Intersection,3,T-Intersection,0,None,,,1,On Roadway,1,Daylight,,,,,2,Rain,0,No,0000000,Not Applicable,13,1:00pm-1:59pm,5,5,13,1:00pm-1:59pm,10,10,13,1:00pm-1:59pm,50,50,,,,,,,1,
2022,25,250088,Massachusetts,1,1,0,0,0,1,1,1,BARNSTABLE (1),184,CENTERVILLE,16,16,4,April,2022,7,Saturday,1,1:00am-1:59am,39,39,0,This section IS NOT on the NHS,2,Urban,4,Minor Arterial,1,State Highway Agency,3,State Highway,SR-6A SOUTH MAIN ST,,99998,Not Reported,41.63705833,41.63705833,-70.353494440,-70.35349444,0,No Special Jurisdiction,30,Utility Pole/Light Support,0,The First Harmful Event was Not a Collision with a Motor Vehicle in Transport,0,No,1,Non-Junction,1,Not an Intersection,0,None,,,4,On Roadside,3,Dark - Lighted,,,,,1,Clear,0,No,0000000,Not Applicable,1,1:00am-1:59am,40,40,1,1:00am-1:59am,49,49,88,"Not Applicable (Not Transported) ",88,Not Applicable (Not Transported),,,,,,,1,
2022,25,250089,Massachusetts,1,1,0,0,0,1,1,23,PLYMOUTH (23),1130,SCITUATE,18,18,4,April,2022,2,Monday,1,1:00am-1:59am,45,45,0,This section IS NOT on the NHS,2,Urban,7,Local,12,"Local Park, Forest or Reservation Agency",8,Other,MANN LOT RD,,0,None,42.20320556,42.20320556,-70.781472220,-70.78147222,0,No Special Jurisdiction,43,Other Fixed Object,0,The First Harmful Event was Not a Collision with a Motor Vehicle in Transport,0,No,1,Non-Junction,1,Not an Intersection,0,None,,,4,On Roadside,3,Dark - Lighted,,,,,1,Clear,0,No,0000000,Not Applicable,1,1:00am-1:59am,46,46,1,1:00am-1:59am,49,49,88,"Not Applicable (Not Transported) ",88,Not Applicable (Not Transported),,,,,,,1,
2022,25,250090,Massachusetts,2,2,0,0,0,2,2,23,PLYMOUTH (23),1005,PEMBROKE,23,23,4,April,2022,7,Saturday,2,2:00am-2:59am,28,28,1,This section IS ON the NHS,2,Urban,2,Principal Arterial - Other Freeways and Expressways,1,State Highway Agency,3,State Highway,SR-3 SOUTH,,99998,Not Reported,42.10875000,42.10875000,-70.767222220,-70.76722222,0,No Special Jurisdiction,24,Guardrail Face,0,The First Harmful Event was Not a Collision with a Motor Vehicle in Transport,0,No,1,Non-Junction,1,Not an Intersection,0,None,,,3,On Median,2,Dark - Not Lighted,,,,,1,Clear,0,No,0000000,Not Applicable,2,2:00am-2:59am,33,33,2,2:00am-2:59am,35,35,88,"Not Applicable (Not Transported) ",88,Not Applicable (Not Transported),,,,,,,1,
2022,25,250091,Massachusetts,1,1,0,0,0,1,1,13,HAMPDEN (13),1446,WEST SPRINGFIELD,23,23,4,April,2022,7,Saturday,22,10:00pm-10:59pm,46,46,1,This section IS ON the NHS,2,Urban,3,Principal Arterial - Other,1,State Highway Agency,2,U.S. Highway,US-5  NB RIVERDALE ST,,99998,Not Reported,42.09897222,42.09897222,-72.598741670,-72.59874167,0,No Special Jurisdiction,33,Curb,0,The First Harmful Event was Not a Collision with a Motor Vehicle in Transport,0,No,1,Non-Junction,1,Not an Intersection,0,None,,,4,On Roadside,2,Dark - Not Lighted,,,,,1,Clear,0,No,0000000,Not Applicable,22,10:00pm-10:59pm,46,46,22,10:00pm-10:59pm,51,51,23,11:00pm-11:59pm,12,12,,,,,,,1,
2022,25,250092,Massachusetts,1,1,0,0,0,1,1,23,PLYMOUTH (23),464,HANOVER,27,27,4,April,2022,4,Wednesday,8,8:00am-8:59am,18,18,0,This section IS NOT on the NHS,2,Urban,4,Minor Arterial,3,Town or Township Highway Agency,8,Other,MAIN ST,,0,None,42.13071111,42.13071111,-70.858380560,-70.85838056,0,No Special Jurisdiction,30,Utility Pole/Light Support,0,The First Harmful Event was Not a Collision with a Motor Vehicle in Transport,0,No,1,Non-Junction,1,Not an Intersection,0,None,,,4,On Roadside,1,Daylight,,,,,1,Clear,0,No,0000000,Not Applicable,8,8:00am-8:59am,18,18,8,8:00am-8:59am,26,26,8,8:00am-8:59am,48,48,,,,,,,1,
2022,25,250093,Massachusetts,1,1,0,1,1,1,1,9,ESSEX (9),35,ANDOVER,27,27,4,April,2022,4,Wednesday,16,4:00pm-4:59pm,20,20,0,This section IS NOT on the NHS,2,Urban,4,Minor Arterial,3,Town or Township Highway Agency,8,Other,ELM ST,WHITTIER ST,0,None,42.66028056,42.66028056,-71.136797220,-71.13679722,0,No Special Jurisdiction,8,Pedestrian,0,The First Harmful Event was Not a Collision with a Motor Vehicle in Transport,0,No,3,Intersection-Related,3,T-Intersection,0,None,,,1,On Roadway,1,Daylight,,,,,2,Rain,0,No,0000000,Not Applicable,16,4:00pm-4:59pm,20,20,16,4:00pm-4:59pm,21,21,16,4:00pm-4:59pm,45,45,,,,,,,1,
2022,25,250094,Massachusetts,1,1,0,0,0,1,1,17,MIDDLESEX (17),60,AYER,27,27,4,April,2022,4,Wednesday,8,8:00am-8:59am,44,44,0,This section IS NOT on the NHS,2,Urban,5,Major Collector,3,Town or Township Highway Agency,8,Other,WASHINGTON ST,COOLIDGE RD,0,None,42.56603889,42.56603889,-71.583230560,-71.58323056,0,No Special Jurisdiction,33,Curb,0,The First Harmful Event was Not a Collision with a Motor Vehicle in Transport,0,No,3,Intersection-Related,98,Not Reported,0,None,,,4,On Roadside,1,Daylight,,,,,1,Clear,0,No,0000000,Not Applicable,8,8:00am-8:59am,45,45,8,8:00am-8:59am,46,46,9,9:00am-9:59am,9,9,,,,,,,1,
2022,25,250095,Massachusetts,1,1,0,0,0,1,1,5,BRISTOL (5),320,FALL RIVER,27,27,4,April,2022,4,Wednesday,7,7:00am-7:59am,1,1,1,This section IS ON the NHS,2,Urban,2,Principal Arterial - Other Freeways and Expressways,1,State Highway Agency,3,State Highway,SR-24,,85,85,41.75867778,41.75867778,-71.112302780,-71.11230278,0,No Special Jurisdiction,42,Tree (Standing Only),0,The First Harmful Event was Not a Collision with a Motor Vehicle in Transport,0,No,1,Non-Junction,1,Not an Intersection,0,None,,,4,On Roadside,4,Dawn,,,,,10,Cloudy,0,No,0000000,Not Applicable,7,7:00am-7:59am,7,7,7,7:00am-7:59am,11,11,88,"Not Applicable (Not Transported) ",88,Not Applicable (Not Transported),,,,,,,1,
2022,25,250096,Massachusetts,2,2,0,0,0,2,2,27,WORCESTER (27),263,DUDLEY,23,23,4,April,2022,7,Saturday,15,3:00pm-3:59pm,26,26,0,This section IS NOT on the NHS,2,Urban,3,Principal Arterial - Other,1,State Highway Agency,3,State Highway,SR-131 SOUTHBRIDGE RD,,99998,Not Reported,42.04743611,42.04743611,-71.982830560,-71.98283056,0,No Special Jurisdiction,12,Motor Vehicle In-Transport,6,Angle,0,No,8,Driveway Access Related,1,Not an Intersection,0,None,,,1,On Roadway,1,Daylight,,,,,1,Clear,0,No,0000000,Not Applicable,15,3:00pm-3:59pm,29,29,15,3:00pm-3:59pm,35,35,16,4:00pm-4:59pm,36,36,,,,,,,1,
2022,25,250097,Massachusetts,1,1,0,0,0,1,1,17,MIDDLESEX (17),630,LOWELL,20,20,4,April,2022,4,Wednesday,17,5:00pm-5:59pm,45,45,0,This section IS NOT on the NHS,2,Urban,7,Local,4,City or Municipal Highway Agency,3,State Highway,SR-113 PAWTUCKET BLVD,,0,None,42.63969722,42.63969722,-71.368491670,-71.36849167,0,No Special Jurisdiction,30,Utility Pole/Light Support,0,The First Harmful Event was Not a Collision with a Motor Vehicle in Transport,0,No,1,Non-Junction,1,Not an Intersection,0,None,,,4,On Roadside,1,Daylight,,,,,1,Clear,0,No,0000000,Not Applicable,17,5:00pm-5:59pm,48,48,17,5:00pm-5:59pm,54,54,18,6:00pm-6:59pm,18,18,,,,,,,1,
2022,25,250098,Massachusetts,1,1,0,0,0,1,1,17,MIDDLESEX (17),630,LOWELL,20,20,4,April,2022,4,Wednesday,22,10:00pm-10:59pm,15,15,0,This section IS NOT on the NHS,2,Urban,4,Minor Arterial,4,City or Municipal Highway Agency,8,Other,LAKEVIEW AVE,,0,None,42.65413611,42.65413611,-71.311525000,-71.31152500,0,No Special Jurisdiction,33,Curb,0,The First Harmful Event was Not a Collision with a Motor Vehicle in Transport,0,No,1,Non-Junction,1,Not an Intersection,0,None,,,4,On Roadside,3,Dark - Lighted,,,,,1,Clear,0,No,0000000,Not Applicable,22,10:00pm-10:59pm,18,18,22,10:00pm-10:59pm,20,20,22,10:00pm-10:59pm,45,45,,,,,,,1,
2022,25,250099,Massachusetts,1,1,0,0,0,1,1,5,BRISTOL (5),50,ATTLEBORO,9,9,4,April,2022,7,Saturday,5,5:00am-5:59am,31,31,0,This section IS NOT on the NHS,2,Urban,4,Minor Arterial,1,State Highway Agency,2,U.S. Highway,US-1 NB 463 WASHINGTON ST,,16,16,41.91688611,41.91688611,-71.359983330,-71.35998333,0,No Special Jurisdiction,33,Curb,0,The First Harmful Event was Not a Collision with a Motor Vehicle in Transport,0,No,1,Non-Junction,1,Not an Intersection,0,None,,,4,On Roadside,3,Dark - Lighted,,,,,1,Clear,0,No,0000000,Not Applicable,5,5:00am-5:59am,33,33,5,5:00am-5:59am,37,37,6,6:00am-6:59am,3,3,,,,,,,1,
2022,25,250100,Massachusetts,1,1,0,0,0,1,1,13,HAMPDEN (13),292,EAST LONGMEADOW,2,2,5,May,2022,2,Monday,19,7:00pm-7:59pm,50,50,0,This section IS NOT on the NHS,2,Urban,7,Local,3,Town or Township Highway Agency,8,Other,340 KIBBE RD,,0,None,42.07142500,42.07142500,-72.498144440,-72.49814444,0,No Special Jurisdiction,42,Tree (Standing Only),0,The First Harmful Event was Not a Collision with a Motor Vehicle in Transport,0,No,1,Non-Junction,1,Not an Intersection,0,None,,,4,On Roadside,5,Dusk,,,,,2,Rain,0,No,0000000,Not Applicable,19,7:00pm-7:59pm,55,55,19,7:00pm-7:59pm,58,58,88,"Not Applicable (Not Transported) ",88,Not Applicable (Not Transported),,,,,,,1,
2022,25,250101,Massachusetts,1,1,0,0,0,1,1,5,BRISTOL (5),385,FREETOWN,3,3,5,May,2022,3,Tuesday,3,3:00am-3:59am,10,10,1,This section IS ON the NHS,2,Urban,2,Principal Arterial - Other Freeways and Expressways,1,State Highway Agency,3,State Highway,SR-24 N,,122,122,41.79848889,41.79848889,-71.076613890,-71.07661389,0,No Special Jurisdiction,42,Tree (Standing Only),0,The First Harmful Event was Not a Collision with a Motor Vehicle in Transport,0,No,1,Non-Junction,1,Not an Intersection,0,None,,,4,On Roadside,2,Dark - Not Lighted,,,,,2,Rain,0,No,0000000,Not Applicable,2,2:00am-2:59am,58,58,3,3:00am-3:59am,7,7,3,3:00am-3:59am,48,48,,,,,,,1,
2022,25,250102,Massachusetts,1,1,0,1,1,1,1,17,MIDDLESEX (17),630,LOWELL,4,4,5,May,2022,4,Wednesday,20,8:00pm-8:59pm,18,18,1,This section IS ON the NHS,2,Urban,3,Principal Arterial - Other,2,County Highway Agency,3,State Highway,SR-38 BRIDGE ST,,99998,Not Reported,42.64944722,42.64944722,-71.304152780,-71.30415278,0,No Special Jurisdiction,8,Pedestrian,0,The First Harmful Event was Not a Collision with a Motor Vehicle in Transport,0,No,1,Non-Junction,1,Not an Intersection,0,None,,,1,On Roadway,3,Dark - Lighted,,,,,2,Rain,0,No,0000000,Not Applicable,20,8:00pm-8:59pm,21,21,20,8:00pm-8:59pm,23,23,20,8:00pm-8:59pm,42,42,,,,,,,1,
2022,25,250103,Massachusetts,2,2,0,0,0,2,2,21,NORFOLK (21),710,MEDFIELD,5,5,5,May,2022,5,Thursday,16,4:00pm-4:59pm,47,47,1,This section IS ON the NHS,2,Urban,3,Principal Arterial - Other,3,Town or Township Highway Agency,3,State Highway,SR-109 MAIN ST,BRIDGE ST,99998,Not Reported,42.18383889,42.18383889,-71.317644440,-71.31764444,0,No Special Jurisdiction,12,Motor Vehicle In-Transport,2,Front-to-Front,0,No,2,Intersection,3,T-Intersection,0,None,,,1,On Roadway,1,Daylight,,,,,1,Clear,0,No,0000000,Not Applicable,16,4:00pm-4:59pm,39,39,16,4:00pm-4:59pm,52,52,17,5:00pm-5:59pm,40,40,,,,,,,1,
2022,25,250104,Massachusetts,2,2,0,0,0,2,2,17,MIDDLESEX (17),375,FRAMINGHAM,6,6,5,May,2022,6,Friday,2,2:00am-2:59am,40,40,1,This section IS ON the NHS,2,Urban,1,Interstate,1,State Highway Agency,1,Interstate,I-90,,1136,1136,42.30763056,42.30763056,-71.441219440,-71.44121944,0,No Special Jurisdiction,25,Concrete Traffic Barrier,0,The First Harmful Event was Not a Collision with a Motor Vehicle in Transport,0,No,1,Non-Junction,1,Not an Intersection,0,None,,,3,On Median,2,Dark - Not Lighted,,,,,1,Clear,0,No,0000000,Not Applicable,2,2:00am-2:59am,46,46,2,2:00am-2:59am,50,50,88,"Not Applicable (Not Transported) ",88,Not Applicable (Not Transported),,,,,,,1,
2022,25,250105,Massachusetts,1,1,0,0,0,1,1,25,SUFFOLK (25),120,BOSTON,11,11,5,May,2022,4,Wednesday,3,3:00am-3:59am,30,30,0,This section IS NOT on the NHS,2,Urban,4,Minor Arterial,4,City or Municipal Highway Agency,8,Other,COLUMBIA RD,,0,None,42.33014722,42.33014722,-71.050872220,-71.05087222,0,No Special Jurisdiction,33,Curb,0,The First Harmful Event was Not a Collision with a Motor Vehicle in Transport,0,No,1,Non-Junction,1,Not an Intersection,0,None,,,4,On Roadside,3,Dark - Lighted,,,,,10,Cloudy,0,No,0000000,Not Applicable,2,2:00am-2:59am,36,36,2,2:00am-2:59am,39,39,3,3:00am-3:59am,6,6,,,,,,,1,
2022,25,250106,Massachusetts,2,2,0,0,0,2,2,27,WORCESTER (27),855,NEW BRAINTREE,11,11,5,May,2022,4,Wednesday,21,9:00pm-9:59pm,9,9,0,This section IS NOT on the NHS,1,Rural,5,Major Collector,1,State Highway Agency,3,State Highway,SR-148 N BROOKFIELD RD,,157,157,42.31500833,42.31500833,-72.050469440,-72.05046944,0,No Special Jurisdiction,12,Motor Vehicle In-Transport,2,Front-to-Front,0,No,1,Non-Junction,1,Not an Intersection,0,None,,,1,On Roadway,2,Dark - Not Lighted,,,,,1,Clear,0,No,0000000,Not Applicable,21,9:00pm-9:59pm,13,13,21,9:00pm-9:59pm,33,33,99,Unknown,99,Unknown EMS Hospital Arrival Time,,,,,,,1,
2022,25,250107,Massachusetts,2,2,0,0,0,2,2,5,BRISTOL (5),670,MANSFIELD,7,7,5,May,2022,7,Saturday,2,2:00am-2:59am,52,52,1,This section IS ON the NHS,2,Urban,1,Interstate,1,State Highway Agency,1,Interstate,I-495 N,,99998,Not Reported,42.00955000,42.00955000,-71.228402780,-71.22840278,0,No Special Jurisdiction,12,Motor Vehicle In-Transport,2,Front-to-Front,1,Yes,18,Through Roadway,1,Not an Intersection,0,None,,,1,On Roadway,2,Dark - Not Lighted,,,,,1,Clear,0,No,0000000,Not Applicable,2,2:00am-2:59am,52,52,3,3:00am-3:59am,2,2,99,Unknown,99,Unknown EMS Hospital Arrival Time,,,,,,,1,
2022,25,250108,Massachusetts,1,1,0,1,1,1,1,25,SUFFOLK (25),120,BOSTON,12,12,5,May,2022,5,Thursday,23,11:00pm-11:59pm,49,49,0,This section IS NOT on the NHS,2,Urban,4,Minor Arterial,4,City or Municipal Highway Agency,8,Other,BENNINGTON ST,LONDON ST,0,None,42.37525833,42.37525833,-71.037536110,-71.03753611,0,No Special Jurisdiction,8,Pedestrian,0,The First Harmful Event was Not a Collision with a Motor Vehicle in Transport,0,No,3,Intersection-Related,3,T-Intersection,0,None,,,1,On Roadway,3,Dark - Lighted,,,,,1,Clear,0,No,0000000,Not Applicable,23,11:00pm-11:59pm,51,51,23,11:00pm-11:59pm,58,58,0,0:00am-0:59am,38,38,,,,,,,1,
2022,25,250109,Massachusetts,2,2,0,0,0,3,3,27,WORCESTER (27),780,MILFORD,13,13,5,May,2022,6,Friday,11,11:00am-11:59am,33,33,1,This section IS ON the NHS,2,Urban,1,Interstate,1,State Highway Agency,1,Interstate,I-495 RAMP,SR-85 NB CEDAR ST,99998,Not Reported,42.16527778,42.16527778,-71.508736110,-71.50873611,0,No Special Jurisdiction,12,Motor Vehicle In-Transport,6,Angle,1,Yes,2,Intersection,3,T-Intersection,0,None,,,1,On Roadway,1,Daylight,,,,,1,Clear,0,No,0000000,Not Applicable,11,11:00am-11:59am,34,34,11,11:00am-11:59am,41,41,12,12:00pm-12:59pm,14,14,,,,,,,1,