caseyear,state,st_case,statename,ve_total,ve_forms,pvh_invl,peds,pernotmvit,permvit,persons,county,countyname,city,cityname,day,dayname,month,monthname,year,day_week,day_weekname,hour,hourname,minute,minutename,nhs,nhsname,rur_urb,rur_urbname,func_sys,func_sysname,rd_owner,rd_ownername,route,routename,tway_id,tway_id2,milept,mileptname,latitude,latitudename,longitud,longitudname,sp_jur,sp_jurname,harm_ev,harm_evname,man_coll,man_collname,reljct1,reljct1name,reljct2,reljct2name,typ_int,typ_intname,wrk_zone,wrk_zonename,road_fnc,road_fncname,rel_road,rel_roadname,lgt_cond,lgt_condname,weather1,weather1name,weather2,weather2name,weather,weathername,sch_bus,sch_busname,rail,railname,not_hour,not_hourname,not_min,not_minname,arr_hour,arr_hourname,arr_min,arr_minname,hosp_hr,hosp_hrname,hosp_mn,hosp_mnname,cf1,cf1name,cf2,cf2name,cf3,cf3name,fatals,drunk_dr
2022,25,250147,Massachusetts,1,1,0,0,0,1,1,9,ESSEX (9),35,ANDOVER,24,24,7,July,2022,1,Sunday,11,11:00am-11:59am,25,25,1,This section IS ON the NHS,2,Urban,1,Interstate,1,State Highway Agency,1,Interstate,I-495,,236,236,42.66239722,42.66239722,-71.196986110,-71.19698611,0,No Special Jurisdiction,35,Embankment,0,The First Harmful Event was Not a Collision with a Motor Vehicle in Transport,1,Yes,19,Other location within Interchange Area,1,Not an Intersection,0,None,,,3,On Median,1,Daylight,,,,,1,Clear,0,No,0000000,Not Applicable,11,11:00am-11:59am,27,27,11,11:00am-11:59am,35,35,99,Unknown,99,Unknown EMS Hospital Arrival Time,,,,,,,1,
2022,25,250148,Massachusetts,2,2,0,0,0,3,3,9,ESSEX (9),650,LYNN,24,24,7,July,2022,1,Sunday,10,10:00am-10:59am,28,28,0,This section IS NOT on the NHS,2,Urban,7,Local,4,City or Municipal Highway Agency,8,Other,GRANT RD,QUINN RD,99998,Not Reported,42.50193056,42.50193056,-70.983347220,-70.98334722,0,No Special Jurisdiction,12,Motor Vehicle In-Transport,6,Angle,0,No,2,Intersection,3,T-Intersection,0,None,,,1,On Roadway,1,Daylight,,,,,1,Clear,0,No,0000000,Not Applicable,10,10:00am-10:59am,39,39,10,10:00am-10:59am,46,46,11,11:00am-11:59am,13,13,,,,,,,1,
2022,25,250149,Massachusetts,1,1,0,0,0,1,1,1,BARNSTABLE (1),330,FALMOUTH,4,4,6,June,2022,7,Saturday,12,12:00pm-12:59pm,29,29,0,This section IS NOT on the NHS,2,Urban,7,Local,3,Town or Township Highway Agency,5,Local Street - Township,EDGEWATER DR,,0,None,41.57193611,41.57193611,-70.535875000,-70.53587500,0,No Special Jurisdiction,30,Utility Pole/Light Support,0,The First Harmful Event was Not a Collision with a Motor Vehicle in Transport,0,No,1,Non-Junction,1,Not an Intersection,0,None,,,4,On Roadside,1,Daylight,,,,,1,Clear,0,No,0000000,Not Applicable,12,12:00pm-12:59pm,29,29,12,12:00pm-12:59pm,40,40,13,1:00pm-1:59pm,4,4,,,,,,,1,
2022,25,250150,Massachusetts,1,1,0,0,0,1,1,17,MIDDLESEX (17),1335,WAKEFIELD,26,26,7,July,2022,3,Tuesday,15,3:00pm-3:59pm,1,1,0,This section IS NOT on the NHS,2,Urban,4,Minor Arterial,3,Town or Township Highway Agency,8,Other,NORTH AVE,,0,None,42.49951944,42.49951944,-71.073080560,-71.07308056,0,No Special Jurisdiction,33,Curb,0,The First Harmful Event was Not a Collision with a Motor Vehicle in Transport,0,No,8,Driveway Access Related,1,Not an Intersection,0,None,,,4,On Roadside,1,Daylight,,,,,1,Clear,0,No,0000000,Not Applicable,15,3:00pm-3:59pm,2,2,15,3:00pm-3:59pm,9,9,15,3:00pm-3:59pm,29,29,,,,,,,1,
2022,25,250151,Massachusetts,1,1,0,0,0,1,1,11,FRANKLIN (11),960,ORANGE,4,4,6,June,2022,7,Saturday,16,4:00pm-4:59pm,20,20,0,This section IS NOT on the NHS,1,Rural,5,Major Collector,3,Town or Township Highway Agency,5,Local Street - Township,28 WARWICK RD,,0,None,42.60177500,42.60177500,-72.334811110,-72.33481111,0,No Special Jurisdiction,42,Tree (Standing Only),0,The First Harmful Event was Not a Collision with a Motor Vehicle in Transport,0,No,1,Non-Junction,1,Not an Intersection,0,None,,,4,On Roadside,1,Daylight,,,,,1,Clear,0,No,0000000,Not Applicable,16,4:00pm-4:59pm,21,21,16,4:00pm-4:59pm,30,30,17,5:00pm-5:59pm,3,3,,,,,,,1,
2022,25,250152,Massachusetts,1,1,0,0,0,1,1,13,HAMPDEN (13),210,CHICOPEE,29,29,7,July,2022,6,Friday,19,7:00pm-7:59pm,25,25,1,This section IS ON the NHS,2,Urban,1,Interstate,1,State Highway Agency,1,Interstate,I-391 RAMP,,99998,Not Reported,42.15664722,42.15664722,-72.611422220,-72.61142222,0,No Special Jurisdiction,1,Rollover/Overturn,0,The First Harmful Event was Not a Collision with a Motor Vehicle in Transport,1,Yes,5,Entrance/Exit Ramp Related,1,Not an Intersection,0,None,,,1,On Roadway,1,Daylight,,,,,1,Clear,0,No,0000000,Not Applicable,19,7:00pm-7:59pm,17,17,19,7:00pm-7:59pm,24,24,19,7:00pm-7:59pm,36,36,,,,,,,1,
2022,25,250153,Massachusetts,2,2,0,0,0,2,2,23,PLYMOUTH (23),564,LAKEVILLE,30,30,7,July,2022,7,Saturday,6,6:00am-6:59am,37,37,0,This section IS NOT on the NHS,2,Urban,4,Minor Arterial,3,Town or Township Highway Agency,3,State Highway,SR-105 NB MAIN ST,BRIDGE ST,99998,Not Reported,41.87590000,41.87590000,-70.924641670,-70.92464167,0,No Special Jurisdiction,12,Motor Vehicle In-Transport,6,Angle,0,No,2,Intersection,3,T-Intersection,0,None,,,1,On Roadway,4,Dawn,,,,,10,Cloudy,0,No,0000000,Not Applicable,6,6:00am-6:59am,38,38,6,6:00am-6:59am,40,40,7,7:00am-7:59am,16,16,,,,,,,1,
2022,25,250154,Massachusetts,1,1,0,0,0,1,1,9,ESSEX (9),463,HAMILTON,31,31,7,July,2022,1,Sunday,21,9:00pm-9:59pm,45,45,0,This section IS NOT on the NHS,2,Urban,4,Minor Arterial,3,Town or Township Highway Agency,8,Other,BRIDGE ST,,0,None,42.61915833,42.61915833,-70.832213890,-70.83221389,0,No Special Jurisdiction,38,Fence,0,The First Harmful Event was Not a Collision with a Motor Vehicle in Transport,0,No,1,Non-Junction,1,Not an Intersection,0,None,,,5,Outside Trafficway,3,Dark - Lighted,,,,,1,Clear,0,No,0000000,Not Applicable,21,9:00pm-9:59pm,45,45,21,9:00pm-9:59pm,51,51,22,10:00pm-10:59pm,31,31,,,,,,,1,
2022,25,250155,Massachusetts,1,1,0,0,0,1,1,27,WORCESTER (27),123,BOYLSTON,7,7,6,June,2022,3,Tuesday,7,7:00am-7:59am,20,20,1,This section IS ON the NHS,2,Urban,1,Interstate,1,State Highway Agency,1,Interstate,I-290,,266,266,42.33075000,42.33075000,-71.691427780,-71.69142778,0,No Special Jurisdiction,11,Live Animal,0,The First Harmful Event was Not a Collision with a Motor Vehicle in Transport,0,No,1,Non-Junction,1,Not an Intersection,0,None,,,1,On Roadway,1,Daylight,,,,,1,Clear,0,No,0000000,Not Applicable,7,7:00am-7:59am,27,27,7,7:00am-7:59am,35,35,99,Unknown,99,Unknown EMS Hospital Arrival Time,,,,,,,1,
2022,25,250156,Massachusetts,2,2,0,0,0,3,3,3,BERKSHIRE (3),440,GREAT BARRINGTON,4,4,7,July,2022,2,Monday,12,12:00pm-12:59pm,2,2,1,This section IS ON the NHS,2,Urban,3,Principal Arterial - Other,3,Town or Township Highway Agency,2,U.S. Highway,US-7 MAIN ST,,99998,Not Reported,42.17192222,42.17192222,-73.363022220,-73.36302222,0,No Special Jurisdiction,12,Motor Vehicle In-Transport,6,Angle,0,No,8,Driveway Access Related,1,Not an Intersection,0,None,,,1,On Roadway,1,Daylight,,,,,1,Clear,0,No,0000000,Not Applicable,12,12:00pm-12:59pm,3,3,12,12:00pm-12:59pm,15,15,12,12:00pm-12:59pm,40,40,,,,,,,1,
2022,25,250157,Massachusetts,2,2,0,0,0,4,4,13,HAMPDEN (13),500,HOLYOKE,5,5,6,June,2022,1,Sunday,19,7:00pm-7:59pm,6,6,0,This section IS NOT on the NHS,2,Urban,4,Minor Arterial,1,State Highway Agency,2,U.S. Highway,US-5 NORTHAMPTON ST,,142,142,42.20651667,42.20651667,-72.630805560,-72.63080556,0,No Special Jurisdiction,12,Motor Vehicle In-Transport,2,Front-to-Front,0,No,1,Non-Junction,1,Not an Intersection,0,None,,,1,On Roadway,1,Daylight,,,,,1,Clear,0,No,0000000,Not Applicable,19,7:00pm-7:59pm,9,9,19,7:00pm-7:59pm,14,14,20,8:00pm-8:59pm,20,20,,,,,,,1,
2022,25,250158,Massachusetts,1,1,0,0,0,1,1,17,MIDDLESEX (17),1510,WOBURN,31,31,7,July,2022,1,Sunday,12,12:00pm-12:59pm,20,20,0,This section IS NOT on the NHS,2,Urban,5,Major Collector,4,City or Municipal Highway Agency,8,Other,INDUSTRIAL PARKWAY,,0,None,42.50681667,42.50681667,-71.145002780,-71.14500278,0,No Special Jurisdiction,1,Rollover/Overturn,0,The First Harmful Event was Not a Collision with a Motor Vehicle in Transport,0,No,1,Non-Junction,1,Not an Intersection,0,None,,,1,On Roadway,1,Daylight,,,,,1,Clear,0,No,0000000,Not Applicable,12,12:00pm-12:59pm,20,20,12,12:00pm-12:59pm,23,23,88,"Not Applicable (Not Transported) ",88,Not Applicable (Not Transported),,,,,,,1,
2022,25,250159,Massachusetts,2,2,0,0,0,3,3,15,HAMPSHIRE (15),437,GRANBY,31,31,7,July,2022,1,Sunday,22,10:00pm-10:59pm,40,40,1,This section IS ON the NHS,2,Urban,3,Principal Arterial - Other,1,State Highway Agency,3,State Highway,SR-116  AMHERST RD,,99998,Not Reported,42.28871944,42.28871944,-72.536980560,-72.53698056,0,No Special Jurisdiction,12,Motor Vehicle In-Transport,8,Sideswipe - Opposite Direction,0,No,1,Non-Junction,1,Not an Intersection,0,None,,,1,On Roadway,2,Dark - Not Lighted,,,,,10,Cloudy,0,No,0000000,Not Applicable,22,10:00pm-10:59pm,41,41,22,10:00pm-10:59pm,48,48,23,11:00pm-11:59pm,28,28,,,,,,,1,
2022,25,250160,Massachusetts,2,2,0,0,0,3,3,27,WORCESTER (27),1520,WORCESTER,30,30,7,July,2022,7,Saturday,7,7:00am-7:59am,2,2,1,This section IS ON the NHS,2,Urban,1,Interstate,1,State Highway Agency,1,Interstate,I-290,,99998,Not Reported,42.29224722,42.29224722,-71.765794440,-71.76579444,0,No Special Jurisdiction,12,Motor Vehicle In-Transport,7,Sideswipe - Same Direction,1,Yes,18,Through Roadway,1,Not an Intersection,0,None,,,1,On Roadway,1,Daylight,,,,,10,Cloudy,0,No,0000000,Not Applicable,7,7:00am-7:59am,10,10,7,7:00am-7:59am,17,17,99,Unknown,99,Unknown EMS Hospital Arrival Time,,,,,,,2,
2022,25,250161,Massachusetts,2,2,0,0,0,2,2,17,MIDDLESEX (17),630,LOWELL,24,24,7,July,2022,1,Sunday,7,7:00am-7:59am,28,28,0,This section IS NOT on the NHS,2,Urban,7,Local,4,City or Municipal Highway Agency,8,Other,OLDE CANAL DRIVE,,0,None,42.62285556,42.62285556,-71.351363890,-71.35136389,0,No Special Jurisdiction,12,Motor Vehicle In-Transport,1,Front-to-Rear,0,No,8,Driveway Access Related,1,Not an Intersection,0,None,,,1,On Roadway,1,Daylight,,,,,1,Clear,0,No,0000000,Not Applicable,7,7:00am-7:59am,30,30,7,7:00am-7:59am,38,38,7,7:00am-7:59am,58,58,,,,,,,1,
2022,25,250162,Massachusetts,2,2,0,0,0,3,3,25,SUFFOLK (25),120,BOSTON,26,26,7,July,2022,3,Tuesday,0,0:00am-0:59am,45,45,0,This section IS NOT on the NHS,2,Urban,7,Local,4,City or Municipal Highway Agency,8,Other,GREENBRIER ST,TONAWANDA ST,0,None,42.29765556,42.29765556,-71.070758330,-71.07075833,0,No Special Jurisdiction,12,Motor Vehicle In-Transport,6,Angle,0,No,2,Intersection,2,Four-Way Intersection,0,None,,,1,On Roadway,3,Dark - Lighted,,,,,1,Clear,0,No,0000000,Not Applicable,0,0:00am-0:59am,47,47,0,0:00am-0:59am,55,55,99,Unknown,99,Unknown EMS Hospital Arrival Time,,,,,,,1,
2022,25,250163,Massachusetts,1,1,0,1,1,1,1,25,SUFFOLK (25),120,BOSTON,1,1,9,September,2022,5,Thursday,4,4:00am-4:59am,49,49,0,This section IS NOT on the NHS,2,Urban,3,Principal Arterial - Other,4,City or Municipal Highway Agency,8,Other,CENTRE ST,SR-28 COLUMBUS AVE,0,None,42.32262222,42.32262222,-71.098772220,-71.09877222,0,No Special Jurisdiction,8,Pedestrian,0,The First Harmful Event was Not a Collision with a Motor Vehicle in Transport,0,No,2,Intersection,2,Four-Way Intersection,0,None,,,1,On Roadway,3,Dark - Lighted,,,,,1,Clear,0,No,0000000,Not Applicable,4,4:00am-4:59am,46,46,4,4:00am-4:59am,53,53,88,"Not Applicable (Not Transported) ",88,Not Applicable (Not Transported),,,,,,,1,
2022,25,250165,Massachusetts,1,1,0,0,0,2,2,27,WORCESTER (27),980,OXFORD,9,9,9,September,2022,6,Friday,21,9:00pm-9:59pm,38,38,0,This section IS NOT on the NHS,2,Urban,7,Local,3,Town or Township Highway Agency,8,Other,CONLIN RD,,99998,Not Reported,42.12521389,42.12521389,-71.900647220,-71.90064722,0,No Special Jurisdiction,42,Tree (Standing Only),0,The First Harmful Event was Not a Collision with a Motor Vehicle in Transport,0,No,1,Non-Junction,1,Not an Intersection,0,None,,,4,On Roadside,2,Dark - Not Lighted,,,,,1,Clear,0,No,0000000,Not Applicable,21,9:00pm-9:59pm,39,39,21,9:00pm-9:59pm,48,48,99,Unknown,99,Unknown EMS Hospital Arrival Time,,,,,,,1,
2022,25,250166,Massachusetts,1,1,0,1,1,1,1,5,BRISTOL (5),1268,SWANSEA,4,4,9,September,2022,1,Sunday,19,7:00pm-7:59pm,48,48,1,This section IS ON the NHS,2,Urban,3,Principal Arterial - Other,1,State Highway Agency,2,U.S. Highway,US-6 EB GAR HWY,I-195 WB,99998,Not Reported,41.74973333,41.74973333,-71.216538890,-71.21653889,0,No Special Jurisdiction,8,Pedestrian,0,The First Harmful Event was Not a Collision with a Motor Vehicle in Transport,0,No,3,Intersection-Related,3,T-Intersection,0,None,,,1,On Roadway,3,Dark - Lighted,,,,,1,Clear,0,No,0000000,Not Applicable,19,7:00pm-7:59pm,49,49,19,7:00pm-7:59pm,54,54,20,8:00pm-8:59pm,23,23,,,,,,,1,
2022,25,250167,Massachusetts,1,1,0,2,2,1,1,27,WORCESTER (27),1520,WORCESTER,2,2,9,September,2022,6,Friday,21,9:00pm-9:59pm,0,0,1,This section IS ON the NHS,2,Urban,3,Principal Arterial - Other,1,State Highway Agency,3,State Highway,SR-9 MAIN ST,,99998,Not Reported,42.24254722,42.24254722,-71.843891670,-71.84389167,0,No Special Jurisdiction,8,Pedestrian,0,The First Harmful Event was Not a Collision with a Motor Vehicle in Transport,0,No,1,Non-Junction,1,Not an Intersection,0,None,,,1,On Roadway,3,Dark - Lighted,,,,,1,Clear,0,No,0000000,Not Applicable,21,9:00pm-9:59pm,9,9,21,9:00pm-9:59pm,10,10,21,9:00pm-9:59pm,31,31,,,,,,,1,
2022,25,250168,Massachusetts,2,2,0,0,0,7,7,17,MIDDLESEX (17),1297,TOWNSEND,6,6,6,June,2022,2,Monday,17,5:00pm-5:59pm,36,36,1,This section IS ON the NHS,2,Urban,3,Principal Arterial - Other,1,State Highway Agency,3,State Highway,SR-119 MAIN ST,,145,145,42.65648889,42.65648889,-71.686697220,-71.68669722,0,No Special Jurisdiction,12,Motor Vehicle In-Transport,2,Front-to-Front,0,No,1,Non-Junction,1,Not an Intersection,0,None,,,1,On Roadway,1,Daylight,,,,,1,Clear,0,No,0000000,Not Applicable,17,5:00pm-5:59pm,35,35,17,5:00pm-5:59pm,40,40,18,6:00pm-6:59pm,34,34,,,,,,,1,
2022,25,250169,Massachusetts,1,1,0,0,0,1,1,3,BERKSHIRE (3),9997,Other,10,10,9,September,2022,7,Saturday,20,8:00pm-8:59pm,11,11,0,This section IS NOT on the NHS,2,Urban,6,Minor Collector,3,Town or Township Highway Agency,8,Other,RIVER RD,,54,54,42.67963889,42.67963889,-72.989838890,-72.98983889,0,No Special Jurisdiction,1,Rollover/Overturn,0,The First Harmful Event was Not a Collision with a Motor Vehicle in Transport,0,No,1,Non-Junction,1,Not an Intersection,0,None,,,1,On Roadway,2,Dark - Not Lighted,,,,,1,Clear,0,No,0000000,Not Applicable,20,8:00pm-8:59pm,6,6,20,8:00pm-8:59pm,23,23,21,9:00pm-9:59pm,10,10,,,,,,,1,
2022,25,250170,Massachusetts,1,1,0,1,1,1,1,17,MIDDLESEX (17),90,BEDFORD,12,12,9,September,2022,2,Monday,12,12:00pm-12:59pm,12,12,0,This section IS NOT on the NHS,2,Urban,4,Minor Arterial,3,Town or Township Highway Agency,8,Other,SHAWSHEEN RD,,0,None,42.48636667,42.48636667,-71.258883330,-71.25888333,0,No Special Jurisdiction,8,Pedestrian,0,The First Harmful Event was Not a Collision with a Motor Vehicle in Transport,0,No,1,Non-Junction,1,Not an Intersection,0,None,,,1,On Roadway,1,Daylight,,,,,1,Clear,0,No,0000000,Not Applicable,12,12:00pm-12:59pm,14,14,12,12:00pm-12:59pm,16,16,12,12:00pm-12:59pm,43,43,,,,,,,1,
2022,25,250171,Massachusetts,1,1,0,1,1,1,1,21,NORFOLK (21),488,HOLBROOK,8,8,6,June,2022,4,Wednesday,15,3:00pm-3:59pm,52,52,1,This section IS ON the NHS,2,Urban,3,Principal Arterial - Other,3,Town or Township Highway Agency,5,Local Street - Township," S FRANKLIN ST",LONGMEADOW DR,0,None,42.14751944,42.14751944,-71.008750000,-71.00875000,0,No Special Jurisdiction,15,Non-Motorist on Personal Conveyance,0,The First Harmful Event was Not a Collision with a Motor Vehicle in Transport,0,No,2,Intersection,3,T-Intersection,0,None,,,1,On Roadway,1,Daylight,,,,,10,Cloudy,0,No,0000000,Not Applicable,16,4:00pm-4:59pm,6,6,16,4:00pm-4:59pm,9,9,16,4:00pm-4:59pm,23,23,,,,,,,1,
2022,25,250172,Massachusetts,1,1,0,0,0,1,1,17,MIDDLESEX (17),1490,WILMINGTON,13,13,9,September,2022,3,Tuesday,23,11:00pm-11:59pm,30,30,0,This section IS NOT on the NHS,2,Urban,4,Minor Arterial,1,State Highway Agency,3,State Highway,SR-62 SALEM ST,,649,649,42.57901944,42.57901944,-71.149263890,-71.14926389,0,No Special Jurisdiction,33,Curb,0,The First Harmful Event was Not a Collision with a Motor Vehicle in Transport,0,No,1,Non-Junction,1,Not an Intersection,0,None,,,4,On Roadside,2,Dark - Not Lighted,,,,,1,Clear,0,No,0000000,Not Applicable,23,11:00pm-11:59pm,33,33,23,11:00pm-11:59pm,36,36,88,"Not Applicable (Not Transported) ",88,Not Applicable (Not Transported),,,,,,,1,
2022,25,250173,Massachusetts,1,1,0,0,0,1,1,25,SUFFOLK (25),120,BOSTON,14,14,9,September,2022,4,Wednesday,15,3:00pm-3:59pm,5,5,1,This section IS ON the NHS,2,Urban,3,Principal Arterial - Other,21,Other State Agency,8,Other,SOLDIERS FIELD RD,,99998,Not Reported,42.37221111,42.37221111,-71.132208330,-71.13220833,0,No Special Jurisdiction,30,Utility Pole/Light Support,0,The First Harmful Event was Not a Collision with a Motor Vehicle in Transport,0,No,1,Non-Junction,1,Not an Intersection,0,None,,,4,On Roadside,1,Daylight,,,,,1,Clear,0,No,0000000,Not Applicable,15,3:00pm-3:59pm,8,8,15,3:00pm-3:59pm,13,13,15,3:00pm-3:59pm,33,33,,,,,,,1,
2022,25,250174,Massachusetts,2,2,0,0,0,2,2,27,WORCESTER (27),1500,WINCHENDON,14,14,9,September,2022,4,Wednesday,22,10:00pm-10:59pm,30,30,0,This section IS NOT on the NHS,2,Urban,4,Minor Arterial,1,State Highway Agency,2,U.S. Highway,US-202 BALDWINVILLE STATE RD,,737,737,42.66382500,42.66382500,-72.078919440,-72.07891944,0,No Special Jurisdiction,12,Motor Vehicle In-Transport,2,Front-to-Front,0,No,1,Non-Junction,1,Not an Intersection,0,None,,,1,On Roadway,2,Dark - Not Lighted,,,,,1,Clear,0,No,0000000,Not Applicable,22,10:00pm-10:59pm,33,33,22,10:00pm-10:59pm,37,37,23,11:00pm-11:59pm,14,14,,,,,,,1,
2022,25,250175,Massachusetts,1,1,0,0,0,2,2,5,BRISTOL (5),50,ATTLEBORO,18,18,9,September,2022,1,Sunday,4,4:00am-4:59am,21,21,1,This section IS ON the NHS,2,Urban,3,Principal Arterial - Other,1,State Highway Agency,3,State Highway,SR-123  WEST ST,,99998,Not Reported,41.93096667,41.93096667,-71.334863890,-71.33486389,0,No Special Jurisdiction,42,Tree (Standing Only),0,The First Harmful Event was Not a Collision with a Motor Vehicle in Transport,0,No,1,Non-Junction,1,Not an Intersection,0,None,,,4,On Roadside,6,Dark - Unknown Lighting,,,,,1,Clear,0,No,0000000,Not Applicable,4,4:00am-4:59am,25,25,4,4:00am-4:59am,27,27,88,"Not Applicable (Not Transported) ",88,Not Applicable (Not Transported),,,,,,,2,
2022,25,250176,Massachusetts,2,2,0,0,0,2,2,27,WORCESTER (27),1500,WINCHENDON,21,21,9,September,2022,4,Wednesday,11,11:00am-11:59am,5,5,1,This section IS ON the NHS,2,Urban,3,Principal Arterial - Other,3,Town or Township Highway Agency,3,State Highway,SR-140 GARDNER RD,COMMERCIAL DR,99998,Not Reported,42.64020000,42.64020000,-72.004261110,-72.00426111,0,No Special Jurisdiction,12,Motor Vehicle In-Transport,2,Front-to-Front,0,No,2,Intersection,3,T-Intersection,0,None,,,1,On Roadway,1,Daylight,,,,,1,Clear,0,No,0000000,Not Applicable,11,11:00am-11:59am,4,4,11,11:00am-11:59am,11,11,11,11:00am-11:59am,36,36,,,,,,,1,
2022,25,250177,Massachusetts,1,1,0,1,1,2,2,3,BERKSHIRE (3),1030,PITTSFIELD,21,21,9,September,2022,4,Wednesday,19,7:00pm-7:59pm,52,52,1,This section IS ON the NHS,2,Urban,3,Principal Arterial - Other,1,State Highway Agency,3,State Highway,SR-8 DALTON AVE,HUBBARD AVE,99998,Not Reported,42.46981389,42.46981389,-73.196813890,-73.19681389,0,No Special Jurisdiction,9,Pedalcyclist,0,The First Harmful Event was Not a Collision with a Motor Vehicle in Transport,0,No,3,Intersection-Related,4,Y-Intersection,0,None,,,1,On Roadway,3,Dark - Lighted,,,,,1,Clear,0,No,0000000,Not Applicable,20,8:00pm-8:59pm,4,4,20,8:00pm-8:59pm,10,10,20,8:00pm-8:59pm,30,30,,,,,,,1,
2022,25,250178,Massachusetts,1,1,0,0,0,1,1,3,BERKSHIRE (3),600,LENOX,12,12,7,July,2022,3,Tuesday,17,5:00pm-5:59pm,24,24,1,This section IS ON the NHS,1,Rural,3,Principal Arterial - Other,1,State Highway Agency,2,U.S. Highway,US-7,,141,141,42.32589167,42.32589167,-73.288183330,-73.28818333,0,No Special Jurisdiction,16,Thrown or Falling Object,0,The First Harmful Event was Not a Collision with a Motor Vehicle in Transport,0,No,1,Non-Junction,1,Not an Intersection,0,None,,,1,On Roadway,1,Daylight,,,,,2,Rain,0,No,0000000,Not Applicable,17,5:00pm-5:59pm,25,25,17,5:00pm-5:59pm,29,29,88,"Not Applicable (Not Transported) ",88,Not Applicable (Not Transported),,,,,,,1,
2022,25,250179,Massachusetts,1,1,0,0,0,2,2,17,MIDDLESEX (17),195,CHELMSFORD,3,3,6,June,2022,6,Friday,5,5:00am-5:59am,13,13,1,This section IS ON the NHS,2,Urban,1,Interstate,1,State Highway Agency,1,Interstate,I-495,,857,857,42.58671944,42.58671944,-71.385661110,-71.38566111,0,No Special Jurisdiction,11,Live Animal,0,The First Harmful Event was Not a Collision with a Motor Vehicle in Transport,0,No,1,Non-Junction,1,Not an Intersection,0,None,,,1,On Roadway,1,Daylight,,,,,10,Cloudy,0,No,0000000,Not Applicable,5,5:00am-5:59am,20,20,5,5:00am-5:59am,26,26,88,"Not Applicable (Not Transported) ",88,Not Applicable (Not Transported),,,,,,,2,
2022,25,250180,Massachusetts,4,1,3,0,0,1,1,21,NORFOLK (21),256,DEDHAM,24,24,7,July,2022,1,Sunday,16,4:00pm-4:59pm,3,3,0,This section IS NOT on the NHS,2,Urban,4,Minor Arterial,3,Town or Township Highway Agency,8,Other,EAST ST,,0,None,42.23471667,42.23471667,-71.162625000,-71.16262500,0,No Special Jurisdiction,38,Fence,0,The First Harmful Event was Not a Collision with a Motor Vehicle in Transport,0,No,1,Non-Junction,1,Not an Intersection,0,None,,,5,Outside Trafficway,1,Daylight,,,,,1,Clear,0,No,0000000,Not Applicable,16,4:00pm-4:59pm,6,6,16,4:00pm-4:59pm,7,7,17,5:00pm-5:59pm,12,12,,,,,,,1,
2022,25,250181,Massachusetts,2,2,0,0,0,3,3,27,WORCESTER (27),1172,SHREWSBURY,15,15,9,September,2022,5,Thursday,10,10:00am-10:59am,55,55,0,This section IS NOT on the NHS,2,Urban,4,Minor Arterial,3,Town or Township Highway Agency,8,Other,SOUTH QUINSIGAMOND,MAY ST,0,None,42.26509444,42.26509444,-71.750080560,-71.75008056,0,No Special Jurisdiction,12,Motor Vehicle In-Transport,2,Front-to-Front,0,No,2,Intersection,3,T-Intersection,0,None,,,1,On Roadway,1,Daylight,,,,,1,Clear,1,Yes,0000000,Not Applicable,11,11:00am-11:59am,0,0,11,11:00am-11:59am,5,5,11,11:00am-11:59am,51,51,,,,,,,1,
2022,25,250182,Massachusetts,2,2,0,0,0,4,4,27,WORCESTER (27),980,OXFORD,25,25,9,September,2022,1,Sunday,15,3:00pm-3:59pm,19,19,0,This section IS NOT on the NHS,2,Urban,4,Minor Arterial,3,Town or Township Highway Agency,3,State Highway,SR-56 LEICESTER ST,ENNIS RD,99998,Not Reported,42.16371111,42.16371111,-71.890997220,-71.89099722,0,No Special Jurisdiction,12,Motor Vehicle In-Transport,2,Front-to-Front,0,No,2,Intersection,3,T-Intersection,0,None,,,1,On Roadway,1,Daylight,,,,,2,Rain,0,No,0000000,Not Applicable,15,3:00pm-3:59pm,19,19,15,3:00pm-3:59pm,27,27,15,3:00pm-3:59pm,51,51,,,,,,,1,
2022,25,250183,Massachusetts,3,3,0,0,0,7,7,27,WORCESTER (27),1520,WORCESTER,23,23,7,July,2022,7,Saturday,21,9:00pm-9:59pm,51,51,1,This section IS ON the NHS,2,Urban,3,Principal Arterial - Other,1,State Highway Agency,3,State Highway,SR-122 CHANDLER ST,MAIN ST,226,226,42.25967500,42.25967500,-71.805163890,-71.80516389,0,No Special Jurisdiction,12,Motor Vehicle In-Transport,6,Angle,0,No,2,Intersection,2,Four-Way Intersection,0,None,,,1,On Roadway,3,Dark - Lighted,,,,,1,Clear,0,No,0000000,Not Applicable,21,9:00pm-9:59pm,55,55,21,9:00pm-9:59pm,56,56,99,Unknown,99,Unknown EMS Hospital Arrival Time,,,,,,,1,
2022,25,250184,Massachusetts,2,2,0,0,0,2,2,11,FRANKLIN (11),33,ASHFIELD,10,10,9,September,2022,7,Saturday,17,5:00pm-5:59pm,35,35,0,This section IS NOT on the NHS,1,Rural,5,Major Collector,3,Town or Township Highway Agency,3,State Highway,SR-116 PLAINFIELD RD,PLEASANT ST,0,None,42.49718056,42.49718056,-72.869700000,-72.86970000,0,No Special Jurisdiction,12,Motor Vehicle In-Transport,2,Front-to-Front,0,No,3,Intersection-Related,3,T-Intersection,0,None,,,1,On Roadway,1,Daylight,,,,,1,Clear,0,No,0000000,Not Applicable,17,5:00pm-5:59pm,35,35,17,5:00pm-5:59pm,47,47,99,Unknown,99,Unknown EMS Hospital Arrival Time,,,,,,,1,