caseyear,state,st_case,statename,ve_total,ve_forms,pvh_invl,peds,pernotmvit,permvit,persons,county,countyname,city,cityname,day,dayname,month,monthname,year,day_week,day_weekname,hour,hourname,minute,minutename,nhs,nhsname,rur_urb,rur_urbname,func_sys,func_sysname,rd_owner,rd_ownername,route,routename,tway_id,tway_id2,milept,mileptname,latitude,latitudename,longitud,longitudname,sp_jur,sp_jurname,harm_ev,harm_evname,man_coll,man_collname,reljct1,reljct1name,reljct2,reljct2name,typ_int,typ_intname,wrk_zone,wrk_zonename,road_fnc,road_fncname,rel_road,rel_roadname,lgt_cond,lgt_condname,weather1,weather1name,weather2,weather2name,weather,weathername,sch_bus,sch_busname,rail,railname,not_hour,not_hourname,not_min,not_minname,arr_hour,arr_hourname,arr_min,arr_minname,hosp_hr,hosp_hrname,hosp_mn,hosp_mnname,cf1,cf1name,cf2,cf2name,cf3,cf3name,fatals,drunk_dr
2022,25,250301,Massachusetts,2,2,0,0,0,2,2,27,WORCESTER (27),390,GARDNER,17,17,11,November,2022,5,Thursday,14,2:00pm-2:59pm,26,26,1,This section IS ON the NHS,2,Urban,3,Principal Arterial - Other,4,City or Municipal Highway Agency,3,State Highway,SR-140,,1029,1029,42.61086111,42.61086111,-71.998611110,-71.99861111,0,No Special Jurisdiction,12,Motor Vehicle In-Transport,2,Front-to-Front,0,No,1,Non-Junction,1,Not an Intersection,0,None,,,1,On Roadway,1,Daylight,,,,,10,Cloudy,0,No,0000000,Not Applicable,14,2:00pm-2:59pm,28,28,14,2:00pm-2:59pm,36,36,99,Unknown,99,Unknown EMS Hospital Arrival Time,,,,,,,1,
2022,25,250302,Massachusetts,1,1,0,0,0,31,31,17,MIDDLESEX (17),1340,WALTHAM,19,19,11,November,2022,7,Saturday,22,10:00pm-10:59pm,31,31,0,This section IS NOT on the NHS,2,Urban,4,Minor Arterial,4,City or Municipal Highway Agency,8,Other,SOUTH ST,,8,8,42.35505278,42.35505278,-71.262908330,-71.26290833,0,No Special Jurisdiction,33,Curb,0,The First Harmful Event was Not a Collision with a Motor Vehicle in Transport,0,No,1,Non-Junction,1,Not an Intersection,0,None,,,4,On Roadside,3,Dark - Lighted,,,,,1,Clear,0,No,0000000,Not Applicable,22,10:00pm-10:59pm,53,53,23,11:00pm-11:59pm,12,12,99,Unknown,99,Unknown EMS Hospital Arrival Time,,,,,,,1,
2022,25,250303,Massachusetts,2,2,0,0,0,2,2,27,WORCESTER (27),117,BOLTON,21,21,11,November,2022,2,Monday,10,10:00am-10:59am,35,35,1,This section IS ON the NHS,2,Urban,1,Interstate,1,State Highway Agency,1,Interstate,I-495,,699,699,42.42550000,42.42550000,-71.596800000,-71.59680000,0,No Special Jurisdiction,12,Motor Vehicle In-Transport,6,Angle,1,Yes,18,Through Roadway,1,Not an Intersection,0,None,,,1,On Roadway,1,Daylight,,,,,1,Clear,0,No,0000000,Not Applicable,10,10:00am-10:59am,37,37,10,10:00am-10:59am,49,49,88,"Not Applicable (Not Transported) ",88,Not Applicable (Not Transported),,,,,,,1,
2022,25,250304,Massachusetts,1,1,0,23,23,1,1,23,PLYMOUTH (23),475,HINGHAM,21,21,11,November,2022,2,Monday,10,10:00am-10:59am,45,45,0,This section IS NOT on the NHS,6,Trafficway Not in State Inventory,96,Trafficway Not in State Inventory,96,Trafficway Not in State Inventory,8,Other,NONE,NONE,0,None,42.17608333,42.17608333,-70.910127780,-70.91012778,0,No Special Jurisdiction,33,Curb,0,The First Harmful Event was Not a Collision with a Motor Vehicle in Transport,0,No,3,Intersection-Related,3,T-Intersection,0,None,,,4,On Roadside,1,Daylight,,,,,1,Clear,0,No,0000000,Not Applicable,10,10:00am-10:59am,45,45,10,10:00am-10:59am,50,50,99,Unknown,99,Unknown EMS Hospital Arrival Time,,,,,,,1,
2022,25,250305,Massachusetts,1,1,0,1,1,1,1,23,PLYMOUTH (23),140,BROCKTON,21,21,11,November,2022,2,Monday,19,7:00pm-7:59pm,16,16,0,This section IS NOT on the NHS,2,Urban,5,Major Collector,4,City or Municipal Highway Agency,8,Other,FOREST RD,,11,11,42.07233611,42.07233611,-71.023697220,-71.02369722,0,No Special Jurisdiction,8,Pedestrian,0,The First Harmful Event was Not a Collision with a Motor Vehicle in Transport,0,No,1,Non-Junction,1,Not an Intersection,0,None,,,1,On Roadway,3,Dark - Lighted,,,,,1,Clear,0,No,0000000,Not Applicable,19,7:00pm-7:59pm,18,18,19,7:00pm-7:59pm,23,23,19,7:00pm-7:59pm,37,37,,,,,,,1,
2022,25,250306,Massachusetts,2,2,0,0,0,3,3,21,NORFOLK (21),9997,Other,22,22,11,November,2022,3,Tuesday,13,1:00pm-1:59pm,56,56,1,This section IS ON the NHS,2,Urban,3,Principal Arterial - Other,1,State Highway Agency,3,State Highway,SR-37 GRANITE ST,DAVIS RD,85,85,42.21600278,42.21600278,-71.023075000,-71.02307500,0,No Special Jurisdiction,12,Motor Vehicle In-Transport,2,Front-to-Front,0,No,2,Intersection,3,T-Intersection,0,None,,,1,On Roadway,1,Daylight,,,,,1,Clear,0,No,0000000,Not Applicable,14,2:00pm-2:59pm,6,6,14,2:00pm-2:59pm,8,8,14,2:00pm-2:59pm,30,30,,,,,,,1,
2022,25,250307,Massachusetts,1,1,0,0,0,1,1,5,BRISTOL (5),9997,Other,24,24,11,November,2022,5,Thursday,2,2:00am-2:59am,7,7,1,This section IS ON the NHS,2,Urban,1,Interstate,1,State Highway Agency,1,Interstate,I-195,,236,236,41.67348333,41.67348333,-71.090138890,-71.09013889,0,No Special Jurisdiction,18,Other Object (not fixed),0,The First Harmful Event was Not a Collision with a Motor Vehicle in Transport,1,Yes,19,Other location within Interchange Area,1,Not an Intersection,0,None,,,3,On Median,2,Dark - Not Lighted,,,,,98,Not Reported,0,No,0000000,Not Applicable,2,2:00am-2:59am,8,8,2,2:00am-2:59am,23,23,88,"Not Applicable (Not Transported) ",88,Not Applicable (Not Transported),,,,,,,1,
2022,25,250308,Massachusetts,1,1,0,0,0,2,2,13,HAMPDEN (13),210,CHICOPEE,24,24,11,November,2022,5,Thursday,2,2:00am-2:59am,11,11,1,This section IS ON the NHS,2,Urban,3,Principal Arterial - Other,1,State Highway Agency,3,State Highway,SR-116 CENTER ST,,4,4,42.14185000,42.14185000,-72.611797220,-72.61179722,0,No Special Jurisdiction,30,Utility Pole/Light Support,0,The First Harmful Event was Not a Collision with a Motor Vehicle in Transport,1,Yes,19,Other location within Interchange Area,1,Not an Intersection,0,None,,,4,On Roadside,3,Dark - Lighted,,,,,1,Clear,0,No,0000000,Not Applicable,2,2:00am-2:59am,13,13,2,2:00am-2:59am,21,21,2,2:00am-2:59am,39,39,,,,,,,1,
2022,25,250309,Massachusetts,3,1,2,0,0,1,1,5,BRISTOL (5),850,NEW BEDFORD,24,24,11,November,2022,5,Thursday,19,7:00pm-7:59pm,30,30,1,This section IS ON the NHS,2,Urban,2,Principal Arterial - Other Freeways and Expressways,1,State Highway Agency,3,State Highway,SR-18,,11,11,41.65377778,41.65377778,-70.928177780,-70.92817778,0,No Special Jurisdiction,24,Guardrail Face,0,The First Harmful Event was Not a Collision with a Motor Vehicle in Transport,1,Yes,19,Other location within Interchange Area,1,Not an Intersection,0,None,,,3,On Median,3,Dark - Lighted,,,,,1,Clear,0,No,0000000,Not Applicable,19,7:00pm-7:59pm,27,27,19,7:00pm-7:59pm,32,32,88,"Not Applicable (Not Transported) ",88,Not Applicable (Not Transported),,,,,,,1,
2022,25,250310,Massachusetts,1,1,0,1,1,1,1,21,NORFOLK (21),370,FOXBORO,26,26,11,November,2022,7,Saturday,10,10:00am-10:59am,45,45,0,This section IS NOT on the NHS,2,Urban,4,Minor Arterial,3,Town or Township Highway Agency,8,Other,COSASSET ST,OAK ST,19,19,42.06301667,42.06301667,-71.218969440,-71.21896944,0,No Special Jurisdiction,8,Pedestrian,0,The First Harmful Event was Not a Collision with a Motor Vehicle in Transport,0,No,3,Intersection-Related,3,T-Intersection,0,None,,,1,On Roadway,1,Daylight,,,,,1,Clear,0,No,0000000,Not Applicable,10,10:00am-10:59am,45,45,10,10:00am-10:59am,52,52,11,11:00am-11:59am,27,27,,,,,,,1,
2022,25,250311,Massachusetts,1,1,0,1,1,2,2,13,HAMPDEN (13),210,CHICOPEE,28,28,11,November,2022,2,Monday,17,5:00pm-5:59pm,34,34,0,This section IS NOT on the NHS,2,Urban,5,Major Collector,1,State Highway Agency,3,State Highway,SR-116 CHICOPEE ST,ST ANTHONY ST,37,37,42.18167500,42.18167500,-72.615208330,-72.61520833,0,No Special Jurisdiction,8,Pedestrian,0,The First Harmful Event was Not a Collision with a Motor Vehicle in Transport,0,No,3,Intersection-Related,3,T-Intersection,0,None,,,1,On Roadway,3,Dark - Lighted,,,,,1,Clear,0,No,0000000,Not Applicable,17,5:00pm-5:59pm,38,38,17,5:00pm-5:59pm,40,40,88,"Not Applicable (Not Transported) ",88,Not Applicable (Not Transported),,,,,,,1,
2022,25,250312,Massachusetts,1,1,0,1,1,1,1,27,WORCESTER (27),1395,WEST BOYLSTON,29,29,11,November,2022,3,Tuesday,19,7:00pm-7:59pm,48,48,1,This section IS ON the NHS,2,Urban,1,Interstate,1,State Highway Agency,1,Interstate,I-190,,49,49,42.34386111,42.34386111,-71.802911110,-71.80291111,0,No Special Jurisdiction,8,Pedestrian,0,The First Harmful Event was Not a Collision with a Motor Vehicle in Transport,0,No,1,Non-Junction,1,Not an Intersection,0,None,,,1,On Roadway,2,Dark - Not Lighted,,,,,1,Clear,0,No,0000000,Not Applicable,19,7:00pm-7:59pm,48,48,19,7:00pm-7:59pm,53,53,20,8:00pm-8:59pm,20,20,,,,,,,1,
2022,25,250313,Massachusetts,1,1,0,1,1,1,1,13,HAMPDEN (13),210,CHICOPEE,30,30,11,November,2022,4,Wednesday,16,4:00pm-4:59pm,55,55,0,This section IS NOT on the NHS,2,Urban,4,Minor Arterial,1,State Highway Agency,3,State Highway,SR-116 CHICOPEE ST,,46,46,42.19060000,42.19060000,-72.602402780,-72.60240278,0,No Special Jurisdiction,8,Pedestrian,0,The First Harmful Event was Not a Collision with a Motor Vehicle in Transport,0,No,1,Non-Junction,1,Not an Intersection,0,None,,,1,On Roadway,3,Dark - Lighted,,,,,2,Rain,0,No,0000000,Not Applicable,16,4:00pm-4:59pm,59,59,17,5:00pm-5:59pm,3,3,17,5:00pm-5:59pm,16,16,,,,,,,1,
2022,25,250314,Massachusetts,3,3,0,0,0,3,3,21,NORFOLK (21),1451,WESTWOOD,18,18,1,January,2022,3,Tuesday,13,1:00pm-1:59pm,53,53,1,This section IS ON the NHS,2,Urban,1,Interstate,1,State Highway Agency,1,Interstate,I-95,,628,628,42.21430000,42.21430000,-71.152452780,-71.15245278,0,No Special Jurisdiction,12,Motor Vehicle In-Transport,7,Sideswipe - Same Direction,1,Yes,18,Through Roadway,1,Not an Intersection,0,None,,,1,On Roadway,1,Daylight,,,,,1,Clear,0,No,0000000,Not Applicable,13,1:00pm-1:59pm,53,53,14,2:00pm-2:59pm,5,5,14,2:00pm-2:59pm,26,26,,,,,,,1,
2022,25,250315,Massachusetts,1,1,0,0,0,1,1,5,BRISTOL (5),251,RUSSELLS MILLS,21,21,1,January,2022,6,Friday,1,1:00am-1:59am,45,45,1,This section IS ON the NHS,2,Urban,1,Interstate,1,State Highway Agency,1,Interstate,I-195,,195,195,41.65622222,41.65622222,-71.016238890,-71.01623889,0,No Special Jurisdiction,24,Guardrail Face,0,The First Harmful Event was Not a Collision with a Motor Vehicle in Transport,0,No,1,Non-Junction,1,Not an Intersection,0,None,,,4,On Roadside,2,Dark - Not Lighted,,,,,1,Clear,0,No,0000000,Not Applicable,1,1:00am-1:59am,48,48,2,2:00am-2:59am,4,4,88,"Not Applicable (Not Transported) ",88,Not Applicable (Not Transported),,,,,,,1,
2022,25,250316,Massachusetts,4,4,0,0,0,7,7,25,SUFFOLK (25),120,BOSTON,29,29,1,January,2022,7,Saturday,2,2:00am-2:59am,31,31,1,This section IS ON the NHS,2,Urban,1,Interstate,1,State Highway Agency,1,Interstate,I-93,,134,134,42.31437500,42.31437500,-71.051547220,-71.05154722,0,No Special Jurisdiction,12,Motor Vehicle In-Transport,2,Front-to-Front,0,No,1,Non-Junction,1,Not an Intersection,0,None,,,1,On Roadway,2,Dark - Not Lighted,,,,,4,Snow,0,No,0000000,Not Applicable,2,2:00am-2:59am,31,31,2,2:00am-2:59am,43,43,99,Unknown,99,Unknown EMS Hospital Arrival Time,,,,,,,1,
2022,25,250317,Massachusetts,2,2,0,0,0,7,7,27,WORCESTER (27),1520,WORCESTER,3,3,12,December,2022,7,Saturday,0,0:00am-0:59am,20,20,1,This section IS ON the NHS,2,Urban,3,Principal Arterial - Other,4,City or Municipal Highway Agency,3,State Highway,SR-122 GRAFTON ST,,233,233,42.24368056,42.24368056,-71.756466670,-71.75646667,0,No Special Jurisdiction,33,Curb,0,The First Harmful Event was Not a Collision with a Motor Vehicle in Transport,0,No,1,Non-Junction,1,Not an Intersection,0,None,,,4,On Roadside,3,Dark - Lighted,,,,,10,Cloudy,0,No,0000000,Not Applicable,0,0:00am-0:59am,24,24,0,0:00am-0:59am,25,25,1,1:00am-1:59am,0,0,,,,,,,2,
2022,25,250318,Massachusetts,1,1,0,0,0,1,1,27,WORCESTER (27),55,AUBURN,5,5,12,December,2022,2,Monday,17,5:00pm-5:59pm,48,48,1,This section IS ON the NHS,2,Urban,1,Interstate,1,State Highway Agency,1,Interstate,I-395,,16,16,42.16853056,42.16853056,-71.844500000,-71.84450000,0,No Special Jurisdiction,42,Tree (Standing Only),0,The First Harmful Event was Not a Collision with a Motor Vehicle in Transport,0,No,1,Non-Junction,1,Not an Intersection,0,None,,,3,On Median,2,Dark - Not Lighted,,,,,1,Clear,0,No,0000000,Not Applicable,17,5:00pm-5:59pm,49,49,17,5:00pm-5:59pm,53,53,18,6:00pm-6:59pm,17,17,,,,,,,1,
2022,25,250319,Massachusetts,2,2,0,0,0,2,2,23,PLYMOUTH (23),264,DUXBURY,6,6,12,December,2022,3,Tuesday,21,9:00pm-9:59pm,5,5,1,This section IS ON the NHS,2,Urban,2,Principal Arterial - Other Freeways and Expressways,1,State Highway Agency,3,State Highway,SR-3,,721,721,42.00673889,42.00673889,-70.725500000,-70.72550000,0,No Special Jurisdiction,12,Motor Vehicle In-Transport,2,Front-to-Front,0,No,1,Non-Junction,1,Not an Intersection,0,None,,,1,On Roadway,2,Dark - Not Lighted,,,,,2,Rain,0,No,0000000,Not Applicable,21,9:00pm-9:59pm,11,11,21,9:00pm-9:59pm,19,19,99,Unknown,99,Unknown EMS Hospital Arrival Time,,,,,,,1,
2022,25,250320,Massachusetts,1,1,0,0,0,5,5,5,BRISTOL (5),1062,RAYNHAM CENTER,7,7,12,December,2022,4,Wednesday,2,2:00am-2:59am,16,16,1,This section IS ON the NHS,2,Urban,3,Principal Arterial - Other,1,State Highway Agency,2,U.S. Highway,US-44 NEW STATE HWY,PARAMOUNT DR,174,174,41.90495278,41.90495278,-71.023294440,-71.02329444,0,No Special Jurisdiction,46,Traffic Signal Support,0,The First Harmful Event was Not a Collision with a Motor Vehicle in Transport,0,No,3,Intersection-Related,4,Y-Intersection,0,None,,,4,On Roadside,3,Dark - Lighted,,,,,2,Rain,0,No,0000000,Not Applicable,2,2:00am-2:59am,20,20,2,2:00am-2:59am,23,23,99,Unknown,99,Unknown EMS Hospital Arrival Time,,,,,,,1,
2022,25,250321,Massachusetts,2,2,0,0,0,2,2,9,ESSEX (9),35,ANDOVER,7,7,12,December,2022,4,Wednesday,3,3:00am-3:59am,13,13,1,This section IS ON the NHS,2,Urban,1,Interstate,1,State Highway Agency,1,Interstate,I-93,,82,82,42.63016667,42.63016667,-71.179608330,-71.17960833,0,No Special Jurisdiction,12,Motor Vehicle In-Transport,7,Sideswipe - Same Direction,0,No,1,Non-Junction,1,Not an Intersection,0,None,,,1,On Roadway,2,Dark - Not Lighted,,,,,2,Rain,0,No,0000000,Not Applicable,3,3:00am-3:59am,9,9,3,3:00am-3:59am,17,17,3,3:00am-3:59am,56,56,,,,,,,1,
2022,25,250322,Massachusetts,3,3,0,0,0,3,3,27,WORCESTER (27),186,CHARLTON CITY,7,7,12,December,2022,4,Wednesday,11,11:00am-11:59am,27,27,1,This section IS ON the NHS,2,Urban,3,Principal Arterial - Other,1,State Highway Agency,2,U.S. Highway,US-20 WORCESTER RD,,1025,1025,42.14696667,42.14696667,-71.936544440,-71.93654444,0,No Special Jurisdiction,12,Motor Vehicle In-Transport,2,Front-to-Front,0,No,1,Non-Junction,1,Not an Intersection,0,None,,,1,On Roadway,1,Daylight,,,,,2,Rain,0,No,0000000,Not Applicable,11,11:00am-11:59am,13,13,11,11:00am-11:59am,17,17,99,Unknown,99,Unknown EMS Hospital Arrival Time,,,,,,,2,
2022,25,250323,Massachusetts,1,1,0,1,1,2,2,13,HAMPDEN (13),210,CHICOPEE,8,8,12,December,2022,5,Thursday,8,8:00am-8:59am,58,58,0,This section IS NOT on the NHS,2,Urban,4,Minor Arterial,4,City or Municipal Highway Agency,8,Other,MEADOW ST,,0,None,42.16112500,42.16112500,-72.613702780,-72.61370278,0,No Special Jurisdiction,9,Pedalcyclist,0,The First Harmful Event was Not a Collision with a Motor Vehicle in Transport,0,No,8,Driveway Access Related,1,Not an Intersection,0,None,,,1,On Roadway,1,Daylight,,,,,10,Cloudy,0,No,0000000,Not Applicable,8,8:00am-8:59am,59,59,9,9:00am-9:59am,7,7,9,9:00am-9:59am,31,31,,,,,,,1,
2022,25,250324,Massachusetts,2,2,0,0,0,2,2,19,NANTUCKET (19),840,NANTUCKET,8,8,12,December,2022,5,Thursday,14,2:00pm-2:59pm,42,42,0,This section IS NOT on the NHS,2,Urban,4,Minor Arterial,1,State Highway Agency,8,Other,MILESTONE RD,NEW SOUTH RD,36,36,41.26722778,41.26722778,-70.045977780,-70.04597778,0,No Special Jurisdiction,12,Motor Vehicle In-Transport,6,Angle,0,No,2,Intersection,3,T-Intersection,0,None,,,1,On Roadway,1,Daylight,,,,,1,Clear,0,No,0000000,Not Applicable,14,2:00pm-2:59pm,43,43,14,2:00pm-2:59pm,46,46,88,"Not Applicable (Not Transported) ",88,Not Applicable (Not Transported),,,,,,,1,
2022,25,250325,Massachusetts,1,1,0,0,0,1,1,21,NORFOLK (21),94,BELLINGHAM,8,8,12,December,2022,5,Thursday,17,5:00pm-5:59pm,57,57,1,This section IS ON the NHS,2,Urban,1,Interstate,1,State Highway Agency,1,Interstate,I-495,,735,735,42.12911944,42.12911944,-71.475800000,-71.47580000,0,No Special Jurisdiction,42,Tree (Standing Only),0,The First Harmful Event was Not a Collision with a Motor Vehicle in Transport,0,No,1,Non-Junction,1,Not an Intersection,0,None,,,4,On Roadside,2,Dark - Not Lighted,,,,,1,Clear,0,No,0000000,Not Applicable,18,6:00pm-6:59pm,2,2,18,6:00pm-6:59pm,13,13,88,"Not Applicable (Not Transported) ",88,Not Applicable (Not Transported),,,,,,,1,
2022,25,250326,Massachusetts,1,1,0,1,1,1,1,17,MIDDLESEX (17),1282,TEWKSBURY,9,9,12,December,2022,6,Friday,17,5:00pm-5:59pm,8,8,1,This section IS ON the NHS,2,Urban,3,Principal Arterial - Other,1,State Highway Agency,3,State Highway,SR-38 MAIN ST,,208,208,42.62362778,42.62362778,-71.265338890,-71.26533889,0,No Special Jurisdiction,8,Pedestrian,0,The First Harmful Event was Not a Collision with a Motor Vehicle in Transport,0,No,1,Non-Junction,1,Not an Intersection,0,None,,,1,On Roadway,5,Dusk,,,,,1,Clear,0,No,0000000,Not Applicable,17,5:00pm-5:59pm,10,10,17,5:00pm-5:59pm,15,15,17,5:00pm-5:59pm,35,35,,,,,,,1,
2022,25,250328,Massachusetts,2,2,0,0,0,2,2,21,NORFOLK (21),370,FOXBORO,10,10,12,December,2022,7,Saturday,17,5:00pm-5:59pm,0,0,0,This section IS NOT on the NHS,2,Urban,4,Minor Arterial,1,State Highway Agency,3,State Highway,SR-140 MAIN ST,LAKEVIEW RD,397,397,42.07556389,42.07556389,-71.268797220,-71.26879722,0,No Special Jurisdiction,12,Motor Vehicle In-Transport,2,Front-to-Front,0,No,2,Intersection,3,T-Intersection,0,None,,,1,On Roadway,2,Dark - Not Lighted,,,,,10,Cloudy,0,No,0000000,Not Applicable,10,10:00am-10:59am,45,45,10,10:00am-10:59am,52,52,11,11:00am-11:59am,27,27,,,,,,,1,
2022,25,250329,Massachusetts,1,1,0,0,0,1,1,13,HAMPDEN (13),210,CHICOPEE,11,11,12,December,2022,1,Sunday,1,1:00am-1:59am,3,3,1,This section IS ON the NHS,2,Urban,1,Interstate,1,State Highway Agency,1,Interstate,I-391,,22,22,42.16375556,42.16375556,-72.611058330,-72.61105833,0,No Special Jurisdiction,42,Tree (Standing Only),0,The First Harmful Event was Not a Collision with a Motor Vehicle in Transport,0,No,1,Non-Junction,1,Not an Intersection,0,None,,,4,On Roadside,3,Dark - Lighted,,,,,10,Cloudy,0,No,0000000,Not Applicable,1,1:00am-1:59am,9,9,1,1:00am-1:59am,11,11,1,1:00am-1:59am,38,38,,,,,,,1,
2022,25,250330,Massachusetts,2,2,0,1,1,1,1,25,SUFFOLK (25),120,BOSTON,11,11,12,December,2022,1,Sunday,2,2:00am-2:59am,30,30,1,This section IS ON the NHS,2,Urban,1,Interstate,1,State Highway Agency,1,Interstate,I-93,,151,151,42.32958333,42.32958333,-71.060388890,-71.06038889,0,No Special Jurisdiction,12,Motor Vehicle In-Transport,7,Sideswipe - Same Direction,0,No,1,Non-Junction,1,Not an Intersection,0,None,,,1,On Roadway,3,Dark - Lighted,,,,,98,Not Reported,0,No,0000000,Not Applicable,2,2:00am-2:59am,41,41,2,2:00am-2:59am,50,50,2,2:00am-2:59am,56,56,,,,,,,1,
2022,25,250331,Massachusetts,2,2,0,0,0,2,2,9,ESSEX (9),0,NOT APPLICABLE,11,11,12,December,2022,1,Sunday,16,4:00pm-4:59pm,39,39,1,This section IS ON the NHS,2,Urban,1,Interstate,1,State Highway Agency,1,Interstate,I-495,,66,66,42.82471111,42.82471111,-71.009338890,-71.00933889,0,No Special Jurisdiction,12,Motor Vehicle In-Transport,6,Angle,0,No,1,Non-Junction,1,Not an Intersection,0,None,,,1,On Roadway,2,Dark - Not Lighted,,,,,4,Snow,0,No,0000000,Not Applicable,16,4:00pm-4:59pm,35,35,16,4:00pm-4:59pm,39,39,17,5:00pm-5:59pm,15,15,,,,,,,1,
2022,25,250332,Massachusetts,1,1,0,1,1,1,1,11,FRANKLIN (11),450,GREENFIELD,12,12,12,December,2022,2,Monday,12,12:00pm-12:59pm,48,48,0,This section IS NOT on the NHS,2,Urban,7,Local,3,Town or Township Highway Agency,8,Other,HARRISON AVE,US-5 BERNARDSTON RD,0,None,42.60679722,42.60679722,-72.588463890,-72.58846389,0,No Special Jurisdiction,8,Pedestrian,0,The First Harmful Event was Not a Collision with a Motor Vehicle in Transport,0,No,3,Intersection-Related,3,T-Intersection,0,None,,,1,On Roadway,1,Daylight,,,,,1,Clear,0,No,0000000,Not Applicable,12,12:00pm-12:59pm,51,51,12,12:00pm-12:59pm,53,53,13,1:00pm-1:59pm,15,15,,,,,,,1,
2022,25,250334,Massachusetts,1,1,0,0,0,1,1,21,NORFOLK (21),1276,STOUGHTON,14,14,12,December,2022,4,Wednesday,4,4:00am-4:59am,21,21,0,This section IS NOT on the NHS,2,Urban,4,Minor Arterial,3,Town or Township Highway Agency,8,Other,SUMNER ST,,17,17,42.11216389,42.11216389,-71.087908330,-71.08790833,0,No Special Jurisdiction,24,Guardrail Face,0,The First Harmful Event was Not a Collision with a Motor Vehicle in Transport,0,No,1,Non-Junction,1,Not an Intersection,0,None,,,4,On Roadside,3,Dark - Lighted,,,,,4,Snow,0,No,0000000,Not Applicable,4,4:00am-4:59am,25,25,4,4:00am-4:59am,29,29,88,"Not Applicable (Not Transported) ",88,Not Applicable (Not Transported),,,,,,,1,
2022,25,250335,Massachusetts,1,1,0,1,1,1,1,13,HAMPDEN (13),1270,SPRINGFIELD,14,14,12,December,2022,4,Wednesday,15,3:00pm-3:59pm,42,42,0,This section IS NOT on the NHS,2,Urban,3,Principal Arterial - Other,4,City or Municipal Highway Agency,8,Other,DWIGHT ST,CONGRESS ST,2,2,42.10843056,42.10843056,-72.595063890,-72.59506389,0,No Special Jurisdiction,8,Pedestrian,0,The First Harmful Event was Not a Collision with a Motor Vehicle in Transport,0,No,3,Intersection-Related,2,Four-Way Intersection,0,None,,,1,On Roadway,1,Daylight,,,,,1,Clear,0,No,0000000,Not Applicable,99,Unknown,99,Unknown,99,Unknown EMS Scene Arrival Hour,99,Unknown EMS Scene Arrival Minutes,99,Unknown,99,Unknown EMS Hospital Arrival Time,,,,,,,1,
2022,25,250336,Massachusetts,2,1,1,0,1,1,2,27,WORCESTER (27),186,CHARLTON CITY,14,14,12,December,2022,4,Wednesday,17,5:00pm-5:59pm,8,8,1,This section IS ON the NHS,2,Urban,1,Interstate,1,State Highway Agency,1,Interstate,I-90,,522,522,42.17026111,42.17026111,-71.932780560,-71.93278056,0,No Special Jurisdiction,14,Parked Motor Vehicle,0,The First Harmful Event was Not a Collision with a Motor Vehicle in Transport,0,No,1,Non-Junction,1,Not an Intersection,0,None,,,2,On Shoulder,2,Dark - Not Lighted,,,,,1,Clear,0,No,0000000,Not Applicable,16,4:00pm-4:59pm,46,46,17,5:00pm-5:59pm,6,6,88,"Not Applicable (Not Transported) ",88,Not Applicable (Not Transported),,,,,,,1,
2022,25,250337,Massachusetts,1,1,0,0,0,1,1,13,HAMPDEN (13),489,HOLLAND,15,15,12,December,2022,5,Thursday,16,4:00pm-4:59pm,41,41,0,This section IS NOT on the NHS,1,Rural,5,Major Collector,3,Town or Township Highway Agency,8,Other,MASHAPAUG RD,,23,23,42.05773333,42.05773333,-72.161138890,-72.16113889,0,No Special Jurisdiction,42,Tree (Standing Only),0,The First Harmful Event was Not a Collision with a Motor Vehicle in Transport,0,No,1,Non-Junction,1,Not an Intersection,0,None,,,4,On Roadside,2,Dark - Not Lighted,,,,,1,Clear,0,No,0000000,Not Applicable,16,4:00pm-4:59pm,54,54,16,4:00pm-4:59pm,55,55,17,5:00pm-5:59pm,34,34,,,,,,,1,
2022,25,250338,Massachusetts,2,2,0,0,0,7,7,1,BARNSTABLE (1),973,"OTIS ANGB, BARNSTABLE",17,17,12,December,2022,7,Saturday,18,6:00pm-6:59pm,23,23,1,This section IS ON the NHS,2,Urban,3,Principal Arterial - Other,1,State Highway Agency,3,State Highway,SR-28 FALMOUTH RD,,314,314,41.65716111,41.65716111,-70.345400000,-70.34540000,0,No Special Jurisdiction,12,Motor Vehicle In-Transport,2,Front-to-Front,0,No,8,Driveway Access Related,1,Not an Intersection,0,None,,,1,On Roadway,5,Dusk,,,,,1,Clear,0,No,0000000,Not Applicable,18,6:00pm-6:59pm,27,27,18,6:00pm-6:59pm,31,31,19,7:00pm-7:59pm,44,44,,,,,,,1,
2022,25,250339,Massachusetts,1,1,0,0,0,1,1,23,PLYMOUTH (23),1400,WEST BRIDGEWATER,19,19,12,December,2022,2,Monday,17,5:00pm-5:59pm,20,20,1,This section IS ON the NHS,2,Urban,2,Principal Arterial - Other Freeways and Expressways,1,State Highway Agency,3,State Highway,SR-24,,125,125,42.03168889,42.03168889,-71.051580560,-71.05158056,0,No Special Jurisdiction,24,Guardrail Face,0,The First Harmful Event was Not a Collision with a Motor Vehicle in Transport,0,No,1,Non-Junction,1,Not an Intersection,0,None,,,4,On Roadside,2,Dark - Not Lighted,,,,,10,Cloudy,0,No,0000000,Not Applicable,17,5:00pm-5:59pm,22,22,17,5:00pm-5:59pm,40,40,88,"Not Applicable (Not Transported) ",88,Not Applicable (Not Transported),,,,,,,1,