caseyear,state,st_case,statename,ve_total,ve_forms,pvh_invl,peds,pernotmvit,permvit,persons,county,countyname,city,cityname,day,dayname,month,monthname,year,day_week,day_weekname,hour,hourname,minute,minutename,nhs,nhsname,rur_urb,rur_urbname,func_sys,func_sysname,rd_owner,rd_ownername,route,routename,tway_id,tway_id2,milept,mileptname,latitude,latitudename,longitud,longitudname,sp_jur,sp_jurname,harm_ev,harm_evname,man_coll,man_collname,reljct1,reljct1name,reljct2,reljct2name,typ_int,typ_intname,wrk_zone,wrk_zonename,road_fnc,road_fncname,rel_road,rel_roadname,lgt_cond,lgt_condname,weather1,weather1name,weather2,weather2name,weather,weathername,sch_bus,sch_busname,rail,railname,not_hour,not_hourname,not_min,not_minname,arr_hour,arr_hourname,arr_min,arr_minname,hosp_hr,hosp_hrname,hosp_mn,hosp_mnname,cf1,cf1name,cf2,cf2name,cf3,cf3name,fatals,drunk_dr
2022,25,250340,Massachusetts,1,1,0,1,1,1,1,13,HAMPDEN (13),1446,WEST SPRINGFIELD,20,20,12,December,2022,3,Tuesday,17,5:00pm-5:59pm,34,34,0,This section IS NOT on the NHS,2,Urban,4,Minor Arterial,3,Town or Township Highway Agency,8,Other,PIPER RD,,17,17,42.11701667,42.11701667,-72.636447220,-72.63644722,0,No Special Jurisdiction,8,Pedestrian,0,The First Harmful Event was Not a Collision with a Motor Vehicle in Transport,0,No,1,Non-Junction,1,Not an Intersection,0,None,,,1,On Roadway,3,Dark - Lighted,,,,,1,Clear,0,No,0000000,Not Applicable,17,5:00pm-5:59pm,15,15,17,5:00pm-5:59pm,40,40,17,5:00pm-5:59pm,55,55,,,,,,,1,
2022,25,250341,Massachusetts,2,2,0,0,0,2,2,17,MIDDLESEX (17),1510,WOBURN,22,22,12,December,2022,5,Thursday,15,3:00pm-3:59pm,15,15,1,This section IS ON the NHS,2,Urban,3,Principal Arterial - Other,1,State Highway Agency,2,U.S. Highway,US-3 CAMBRIDGE RD,NONE,661,661,42.46041667,42.46041667,-71.165161110,-71.16516111,0,No Special Jurisdiction,12,Motor Vehicle In-Transport,6,Angle,0,No,2,Intersection,3,T-Intersection,0,None,,,1,On Roadway,1,Daylight,,,,,1,Clear,0,No,0000000,Not Applicable,15,3:00pm-3:59pm,19,19,15,3:00pm-3:59pm,20,20,16,4:00pm-4:59pm,16,16,,,,,,,1,
2022,25,250343,Massachusetts,1,1,0,1,1,2,2,27,WORCESTER (27),252,DOUGLAS,26,26,12,December,2022,2,Monday,13,1:00pm-1:59pm,27,27,0,This section IS NOT on the NHS,2,Urban,5,Major Collector,3,Town or Township Highway Agency,8,Other,WEST ST,,52,52,42.07138611,42.07138611,-71.735075000,-71.73507500,0,No Special Jurisdiction,8,Pedestrian,0,The First Harmful Event was Not a Collision with a Motor Vehicle in Transport,0,No,1,Non-Junction,1,Not an Intersection,0,None,,,1,On Roadway,1,Daylight,,,,,1,Clear,0,No,0000000,Not Applicable,13,1:00pm-1:59pm,29,29,13,1:00pm-1:59pm,34,34,14,2:00pm-2:59pm,0,0,,,,,,,1,
2022,25,250344,Massachusetts,1,1,0,1,1,1,1,21,NORFOLK (21),1140,SHARON,26,26,12,December,2022,2,Monday,20,8:00pm-8:59pm,43,43,1,This section IS ON the NHS,2,Urban,3,Principal Arterial - Other,3,Town or Township Highway Agency,3,State Highway,SR-27 N MAIN ST,,267,267,42.13755278,42.13755278,-71.153008330,-71.15300833,0,No Special Jurisdiction,8,Pedestrian,0,The First Harmful Event was Not a Collision with a Motor Vehicle in Transport,0,No,1,Non-Junction,1,Not an Intersection,0,None,,,99,Reported as Unknown,3,Dark - Lighted,,,,,1,Clear,0,No,0000000,Not Applicable,20,8:00pm-8:59pm,43,43,20,8:00pm-8:59pm,45,45,88,"Not Applicable (Not Transported) ",88,Not Applicable (Not Transported),,,,,,,1,
2022,25,250345,Massachusetts,1,1,0,0,0,1,1,27,WORCESTER (27),1013,PHILLIPSTON,29,29,12,December,2022,5,Thursday,0,0:00am-0:59am,57,57,0,This section IS NOT on the NHS,1,Rural,5,Major Collector,1,State Highway Agency,3,State Highway,SR-2A,,386,386,42.57866944,42.57866944,-72.171277780,-72.17127778,0,No Special Jurisdiction,30,Utility Pole/Light Support,0,The First Harmful Event was Not a Collision with a Motor Vehicle in Transport,0,No,1,Non-Junction,1,Not an Intersection,0,None,,,4,On Roadside,2,Dark - Not Lighted,,,,,1,Clear,0,No,0000000,Not Applicable,0,0:00am-0:59am,40,40,0,0:00am-0:59am,48,48,88,"Not Applicable (Not Transported) ",88,Not Applicable (Not Transported),,,,,,,1,
2022,25,250346,Massachusetts,3,3,0,0,0,3,3,21,NORFOLK (21),1140,SHARON,30,30,12,December,2022,6,Friday,23,11:00pm-11:59pm,0,0,1,This section IS ON the NHS,2,Urban,1,Interstate,1,State Highway Agency,1,Interstate,I-95,,726,726,42.10168889,42.10168889,-71.228930560,-71.22893056,0,No Special Jurisdiction,12,Motor Vehicle In-Transport,1,Front-to-Rear,0,No,1,Non-Junction,1,Not an Intersection,0,None,,,1,On Roadway,2,Dark - Not Lighted,,,,,1,Clear,0,No,0000000,Not Applicable,23,11:00pm-11:59pm,9,9,23,11:00pm-11:59pm,20,20,23,11:00pm-11:59pm,57,57,,,,,,,1,
2022,25,250347,Massachusetts,2,2,0,0,0,2,2,13,HAMPDEN (13),1247,SOUTHWICK,31,31,12,December,2022,7,Saturday,16,4:00pm-4:59pm,49,49,1,This section IS ON the NHS,2,Urban,3,Principal Arterial - Other,1,State Highway Agency,2,U.S. Highway,US-202 COLLEGE HWY,,21,21,42.02801111,42.02801111,-72.785280560,-72.78528056,0,No Special Jurisdiction,12,Motor Vehicle In-Transport,2,Front-to-Front,0,No,1,Non-Junction,1,Not an Intersection,0,None,,,1,On Roadway,2,Dark - Not Lighted,,,,,2,Rain,0,No,0000000,Not Applicable,16,4:00pm-4:59pm,57,57,17,5:00pm-5:59pm,13,13,99,Unknown,99,Unknown EMS Hospital Arrival Time,,,,,,,1,
2022,25,250348,Massachusetts,2,2,0,0,0,5,5,13,HAMPDEN (13),15,SPRINGFIELD,31,31,12,December,2022,7,Saturday,19,7:00pm-7:59pm,3,3,0,This section IS NOT on the NHS,2,Urban,4,Minor Arterial,4,City or Municipal Highway Agency,8,Other,ARMORY ST,CUNNINGHAM ST,8,8,42.12737222,42.12737222,-72.596758330,-72.59675833,0,No Special Jurisdiction,12,Motor Vehicle In-Transport,2,Front-to-Front,0,No,3,Intersection-Related,3,T-Intersection,0,None,,,1,On Roadway,3,Dark - Lighted,,,,,2,Rain,0,No,0000000,Not Applicable,19,7:00pm-7:59pm,4,4,19,7:00pm-7:59pm,15,15,19,7:00pm-7:59pm,26,26,,,,,,,1,
2022,25,250349,Massachusetts,3,2,1,0,0,3,3,21,NORFOLK (21),1140,SHARON,1,1,2,February,2022,3,Tuesday,12,12:00pm-12:59pm,5,5,1,This section IS ON the NHS,2,Urban,3,Principal Arterial - Other,1,State Highway Agency,2,U.S. Highway,US-1,,178,178,42.12764722,42.12764722,-71.227930560,-71.22793056,0,No Special Jurisdiction,14,Parked Motor Vehicle,0,The First Harmful Event was Not a Collision with a Motor Vehicle in Transport,0,No,1,Non-Junction,1,Not an Intersection,0,None,,,2,On Shoulder,1,Daylight,,,,,10,Cloudy,0,No,0000000,Not Applicable,11,11:00am-11:59am,55,55,12,12:00pm-12:59pm,7,7,12,12:00pm-12:59pm,55,55,,,,,,,1,
2022,25,250350,Massachusetts,1,1,0,0,0,1,1,13,HAMPDEN (13),15,SPRINGFIELD,16,16,2,February,2022,4,Wednesday,16,4:00pm-4:59pm,27,27,1,This section IS ON the NHS,2,Urban,3,Principal Arterial - Other,4,City or Municipal Highway Agency,8,Other,"BOSTON RD ",,37,37,42.12687500,42.12687500,-72.531838890,-72.53183889,0,No Special Jurisdiction,5,Fell/Jumped from Vehicle,0,The First Harmful Event was Not a Collision with a Motor Vehicle in Transport,0,No,1,Non-Junction,1,Not an Intersection,0,None,,,1,On Roadway,1,Daylight,,,,,1,Clear,0,No,0000000,Not Applicable,16,4:00pm-4:59pm,32,32,16,4:00pm-4:59pm,39,39,17,5:00pm-5:59pm,8,8,,,,,,,1,
2022,25,250351,Massachusetts,3,2,1,0,1,2,3,17,MIDDLESEX (17),1275,STONEHAM,3,3,3,March,2022,5,Thursday,23,11:00pm-11:59pm,46,46,1,This section IS ON the NHS,2,Urban,1,Interstate,1,State Highway Agency,1,Interstate,I-93,,264,264,42.47470278,42.47470278,-71.111008330,-71.11100833,0,No Special Jurisdiction,12,Motor Vehicle In-Transport,6,Angle,0,No,1,Non-Junction,1,Not an Intersection,0,None,,,1,On Roadway,3,Dark - Lighted,,,,,1,Clear,0,No,0000000,Not Applicable,23,11:00pm-11:59pm,50,50,23,11:00pm-11:59pm,55,55,0,0:00am-0:59am,18,18,,,,,,,1,
2022,25,250352,Massachusetts,1,1,0,1,1,2,2,27,WORCESTER (27),610,LEOMINSTER,11,11,4,April,2022,2,Monday,18,6:00pm-6:59pm,38,38,0,This section IS NOT on the NHS,6,Trafficway Not in State Inventory,96,Trafficway Not in State Inventory,96,Trafficway Not in State Inventory,8,Other,NONE,,99998,Not Reported,42.49199722,42.49199722,-71.729052780,-71.72905278,0,No Special Jurisdiction,8,Pedestrian,0,The First Harmful Event was Not a Collision with a Motor Vehicle in Transport,0,No,1,Non-Junction,1,Not an Intersection,0,None,,,1,On Roadway,1,Daylight,,,,,1,Clear,0,No,0000000,Not Applicable,18,6:00pm-6:59pm,42,42,18,6:00pm-6:59pm,45,45,19,7:00pm-7:59pm,19,19,,,,,,,1,
2022,25,250353,Massachusetts,1,1,0,1,1,1,1,13,HAMPDEN (13),1270,SPRINGFIELD,11,11,4,April,2022,2,Monday,20,8:00pm-8:59pm,5,5,1,This section IS ON the NHS,2,Urban,1,Interstate,1,State Highway Agency,1,Interstate,I-291,,10,10,42.11526944,42.11526944,-72.589561110,-72.58956111,0,No Special Jurisdiction,8,Pedestrian,0,The First Harmful Event was Not a Collision with a Motor Vehicle in Transport,0,No,1,Non-Junction,1,Not an Intersection,0,None,,,1,On Roadway,3,Dark - Lighted,,,,,10,Cloudy,0,No,0000000,Not Applicable,20,8:00pm-8:59pm,5,5,20,8:00pm-8:59pm,14,14,88,"Not Applicable (Not Transported) ",88,Not Applicable (Not Transported),,,,,,,1,
2022,25,250354,Massachusetts,1,1,0,0,0,1,1,13,HAMPDEN (13),292,EAST LONGMEADOW,17,17,4,April,2022,1,Sunday,16,4:00pm-4:59pm,7,7,0,This section IS NOT on the NHS,2,Urban,5,Major Collector,3,Town or Township Highway Agency,8,Other,MAPLESHADE AVE,,20,20,42.07521667,42.07521667,-72.503788890,-72.50378889,0,No Special Jurisdiction,35,Embankment,0,The First Harmful Event was Not a Collision with a Motor Vehicle in Transport,0,No,1,Non-Junction,1,Not an Intersection,0,None,,,4,On Roadside,1,Daylight,,,,,1,Clear,0,No,0000000,Not Applicable,16,4:00pm-4:59pm,16,16,16,4:00pm-4:59pm,20,20,17,5:00pm-5:59pm,15,15,,,,,,,1,
2022,25,250355,Massachusetts,2,2,0,0,0,3,3,13,HAMPDEN (13),636,LUDLOW,25,25,5,May,2022,4,Wednesday,11,11:00am-11:59am,46,46,0,This section IS NOT on the NHS,2,Urban,4,Minor Arterial,3,Town or Township Highway Agency,8,Other,CHAPIN ST,SPORTSMAN RD,0,None,42.16942222,42.16942222,-72.463550000,-72.46355000,0,No Special Jurisdiction,12,Motor Vehicle In-Transport,6,Angle,0,No,2,Intersection,3,T-Intersection,0,None,,,1,On Roadway,1,Daylight,,,,,1,Clear,0,No,0000000,Not Applicable,11,11:00am-11:59am,46,46,11,11:00am-11:59am,49,49,12,12:00pm-12:59pm,17,17,,,,,,,1,
2022,25,250356,Massachusetts,2,2,0,0,0,2,2,27,WORCESTER (27),820,MILLVILLE,29,29,5,May,2022,1,Sunday,16,4:00pm-4:59pm,40,40,0,This section IS NOT on the NHS,2,Urban,4,Minor Arterial,3,Town or Township Highway Agency,8,Other,CENTRAL ST,FLETCHER AVE,10,10,42.02728889,42.02728889,-71.580630560,-71.58063056,0,No Special Jurisdiction,12,Motor Vehicle In-Transport,2,Front-to-Front,0,No,2,Intersection,2,Four-Way Intersection,0,None,,,1,On Roadway,1,Daylight,,,,,1,Clear,0,No,0000000,Not Applicable,16,4:00pm-4:59pm,25,25,16,4:00pm-4:59pm,30,30,17,5:00pm-5:59pm,0,0,,,,,,,1,
2022,25,250357,Massachusetts,1,1,0,1,1,1,1,27,WORCESTER (27),1520,WORCESTER,30,30,5,May,2022,2,Monday,1,1:00am-1:59am,50,50,1,This section IS ON the NHS,2,Urban,3,Principal Arterial - Other,4,City or Municipal Highway Agency,8,Other,MAIN ST,,99998,Not Reported,42.24624167,42.24624167,-71.829797220,-71.82979722,0,No Special Jurisdiction,15,Non-Motorist on Personal Conveyance,0,The First Harmful Event was Not a Collision with a Motor Vehicle in Transport,0,No,1,Non-Junction,1,Not an Intersection,0,None,,,1,On Roadway,3,Dark - Lighted,,,,,1,Clear,0,No,0000000,Not Applicable,1,1:00am-1:59am,50,50,1,1:00am-1:59am,54,54,2,2:00am-2:59am,15,15,,,,,,,1,
2022,25,250358,Massachusetts,2,2,0,0,0,3,3,1,BARNSTABLE (1),293,ORLEANS,30,30,5,May,2022,2,Monday,14,2:00pm-2:59pm,42,42,0,This section IS NOT on the NHS,2,Urban,7,Local,3,Town or Township Highway Agency,8,Other,MASSASOIT RD,EDGEWOOD DRIVE,0,None,41.85058611,41.85058611,-69.988627780,-69.98862778,0,No Special Jurisdiction,12,Motor Vehicle In-Transport,6,Angle,0,No,2,Intersection,3,T-Intersection,0,None,,,1,On Roadway,1,Daylight,,,,,1,Clear,0,No,0000000,Not Applicable,14,2:00pm-2:59pm,45,45,14,2:00pm-2:59pm,47,47,88,"Not Applicable (Not Transported) ",88,Not Applicable (Not Transported),,,,,,,1,
2022,25,250359,Massachusetts,1,1,0,0,0,1,1,23,PLYMOUTH (23),1400,WEST BRIDGEWATER,5,5,6,June,2022,1,Sunday,10,10:00am-10:59am,23,23,0,This section IS NOT on the NHS,2,Urban,4,Minor Arterial,3,Town or Township Highway Agency,8,Other,EAST ST,,13,13,42.02101944,42.02101944,-70.988913890,-70.98891389,0,No Special Jurisdiction,30,Utility Pole/Light Support,0,The First Harmful Event was Not a Collision with a Motor Vehicle in Transport,0,No,1,Non-Junction,1,Not an Intersection,0,None,,,4,On Roadside,1,Daylight,,,,,1,Clear,0,No,0000000,Not Applicable,10,10:00am-10:59am,26,26,10,10:00am-10:59am,28,28,10,10:00am-10:59am,59,59,,,,,,,1,
2022,25,250360,Massachusetts,2,2,0,0,0,2,2,17,MIDDLESEX (17),261,DRACUT,7,7,6,June,2022,3,Tuesday,10,10:00am-10:59am,6,6,0,This section IS NOT on the NHS,2,Urban,4,Minor Arterial,1,State Highway Agency,8,Other,BROADWAY RD,SALEM RD,0,None,42.70155000,42.70155000,-71.254161110,-71.25416111,0,No Special Jurisdiction,12,Motor Vehicle In-Transport,6,Angle,0,No,2,Intersection,3,T-Intersection,0,None,,,1,On Roadway,1,Daylight,,,,,1,Clear,0,No,0000000,Not Applicable,10,10:00am-10:59am,8,8,10,10:00am-10:59am,17,17,10,10:00am-10:59am,44,44,,,,,,,1,
2022,25,250361,Massachusetts,2,2,0,0,0,2,2,13,HAMPDEN (13),292,EAST LONGMEADOW,10,10,6,June,2022,6,Friday,7,7:00am-7:59am,7,7,1,This section IS ON the NHS,2,Urban,3,Principal Arterial - Other,3,Town or Township Highway Agency,3,State Highway,SR-83 SOMER RD,PEASE RD,0,None,42.04858889,42.04858889,-72.477802780,-72.47780278,0,No Special Jurisdiction,12,Motor Vehicle In-Transport,2,Front-to-Front,0,No,2,Intersection,3,T-Intersection,0,None,,,1,On Roadway,1,Daylight,,,,,1,Clear,0,No,0000000,Not Applicable,7,7:00am-7:59am,10,10,7,7:00am-7:59am,13,13,7,7:00am-7:59am,37,37,,,,,,,1,
2022,25,250362,Massachusetts,2,2,0,0,0,2,2,1,BARNSTABLE (1),1120,SANDWICH,10,10,6,June,2022,6,Friday,9,9:00am-9:59am,48,48,1,This section IS ON the NHS,2,Urban,3,Principal Arterial - Other,3,Town or Township Highway Agency,3,State Highway,SR-130,NONE,71,71,41.71217222,41.71217222,-70.490872220,-70.49087222,0,No Special Jurisdiction,12,Motor Vehicle In-Transport,6,Angle,0,No,2,Intersection,3,T-Intersection,0,None,,,1,On Roadway,1,Daylight,,,,,1,Clear,0,No,0000000,Not Applicable,9,9:00am-9:59am,51,51,9,9:00am-9:59am,53,53,88,"Not Applicable (Not Transported) ",88,Not Applicable (Not Transported),,,,,,,1,
2022,25,250363,Massachusetts,5,3,2,0,0,4,4,25,SUFFOLK (25),120,BOSTON,11,11,6,June,2022,7,Saturday,2,2:00am-2:59am,8,8,0,This section IS NOT on the NHS,2,Urban,4,Minor Arterial,4,City or Municipal Highway Agency,8,Other,WASHINGTON ST,TREMLETT ST,0,None,42.29438889,42.29438889,-71.071972220,-71.07197222,0,No Special Jurisdiction,12,Motor Vehicle In-Transport,7,Sideswipe - Same Direction,0,No,3,Intersection-Related,3,T-Intersection,0,None,,,1,On Roadway,3,Dark - Lighted,,,,,1,Clear,0,No,0000000,Not Applicable,2,2:00am-2:59am,10,10,2,2:00am-2:59am,18,18,2,2:00am-2:59am,27,27,,,,,,,1,
2022,25,250364,Massachusetts,1,1,0,0,0,2,2,27,WORCESTER (27),1370,WARREN,11,11,6,June,2022,7,Saturday,6,6:00am-6:59am,5,5,1,This section IS ON the NHS,2,Urban,1,Interstate,1,State Highway Agency,1,Interstate,I-90 W,,99998,Not Reported,42.18203333,42.18203333,-72.220672220,-72.22067222,0,No Special Jurisdiction,52,Guardrail End,0,The First Harmful Event was Not a Collision with a Motor Vehicle in Transport,0,No,1,Non-Junction,1,Not an Intersection,0,None,,,4,On Roadside,1,Daylight,,,,,10,Cloudy,0,No,0000000,Not Applicable,6,6:00am-6:59am,1,1,6,6:00am-6:59am,5,5,88,"Not Applicable (Not Transported) ",88,Not Applicable (Not Transported),,,,,,,1,
2022,25,250365,Massachusetts,1,1,0,0,0,1,1,21,NORFOLK (21),370,FOXBORO,12,12,6,June,2022,1,Sunday,4,4:00am-4:59am,45,45,1,This section IS ON the NHS,2,Urban,1,Interstate,1,State Highway Agency,1,Interstate,I-495 SOUTH,,99998,Not Reported,42.03268611,42.03268611,-71.250141670,-71.25014167,0,No Special Jurisdiction,52,Guardrail End,0,The First Harmful Event was Not a Collision with a Motor Vehicle in Transport,0,No,1,Non-Junction,1,Not an Intersection,0,None,,,3,On Median,4,Dawn,,,,,1,Clear,0,No,0000000,Not Applicable,4,4:00am-4:59am,48,48,4,4:00am-4:59am,57,57,88,"Not Applicable (Not Transported) ",88,Not Applicable (Not Transported),,,,,,,1,
2022,25,250366,Massachusetts,2,2,0,0,0,4,4,13,HAMPDEN (13),1270,SPRINGFIELD,13,13,6,June,2022,2,Monday,20,8:00pm-8:59pm,53,53,0,This section IS NOT on the NHS,2,Urban,4,Minor Arterial,4,City or Municipal Highway Agency,8,Other,BRECKWOOD BLVD,,0,None,42.11682500,42.11682500,-72.524216670,-72.52421667,0,No Special Jurisdiction,12,Motor Vehicle In-Transport,6,Angle,0,No,4,Driveway Access,1,Not an Intersection,0,None,,,1,On Roadway,1,Daylight,,,,,1,Clear,0,No,0000000,Not Applicable,20,8:00pm-8:59pm,55,55,21,9:00pm-9:59pm,0,0,21,9:00pm-9:59pm,17,17,,,,,,,1,
2022,25,250367,Massachusetts,2,2,0,0,0,2,2,21,NORFOLK (21),825,MILTON,13,13,6,June,2022,2,Monday,21,9:00pm-9:59pm,20,20,0,This section IS NOT on the NHS,2,Urban,4,Minor Arterial,3,Town or Township Highway Agency,8,Other,UNQUITY RD,,0,None,42.22654167,42.22654167,-71.094402780,-71.09440278,0,No Special Jurisdiction,12,Motor Vehicle In-Transport,7,Sideswipe - Same Direction,0,No,1,Non-Junction,1,Not an Intersection,0,None,,,1,On Roadway,2,Dark - Not Lighted,,,,,1,Clear,0,No,0000000,Not Applicable,21,9:00pm-9:59pm,10,10,21,9:00pm-9:59pm,28,28,21,9:00pm-9:59pm,53,53,,,,,,,1,
2022,25,250368,Massachusetts,2,2,0,0,0,3,3,5,BRISTOL (5),1133,TOWN OF REHOBOTH,13,13,6,June,2022,2,Monday,18,6:00pm-6:59pm,4,4,1,This section IS ON the NHS,2,Urban,3,Principal Arterial - Other,1,State Highway Agency,2,U.S. Highway,US-44 TAUNTON AVE,LINCOLN ST,99998,Not Reported,41.83201389,41.83201389,-71.303022220,-71.30302222,0,No Special Jurisdiction,12,Motor Vehicle In-Transport,6,Angle,0,No,2,Intersection,2,Four-Way Intersection,0,None,,,1,On Roadway,1,Daylight,,,,,1,Clear,0,No,0000000,Not Applicable,18,6:00pm-6:59pm,5,5,18,6:00pm-6:59pm,7,7,18,6:00pm-6:59pm,19,19,,,,,,,2,
2022,25,250369,Massachusetts,1,1,0,1,1,1,1,17,MIDDLESEX (17),1375,WATERTOWN,14,14,6,June,2022,3,Tuesday,15,3:00pm-3:59pm,13,13,0,This section IS NOT on the NHS,2,Urban,5,Major Collector,3,Town or Township Highway Agency,8,Other,PLEASANT ST,REPTON ST,0,None,42.36735833,42.36735833,-71.213525000,-71.21352500,0,No Special Jurisdiction,9,Pedalcyclist,0,The First Harmful Event was Not a Collision with a Motor Vehicle in Transport,0,No,2,Intersection,3,T-Intersection,0,None,,,1,On Roadway,1,Daylight,,,,,1,Clear,0,No,0000000,Not Applicable,15,3:00pm-3:59pm,14,14,15,3:00pm-3:59pm,26,26,15,3:00pm-3:59pm,52,52,,,,,,,1,
2022,25,250370,Massachusetts,1,1,0,0,0,1,1,27,WORCESTER (27),1095,ROYALSTON,14,14,6,June,2022,3,Tuesday,22,10:00pm-10:59pm,45,45,0,This section IS NOT on the NHS,2,Urban,5,Major Collector,3,Town or Township Highway Agency,3,State Highway,SR-68NB SOUTH ROYALSTON RD,,0,None,42.65248889,42.65248889,-72.157005560,-72.15700556,0,No Special Jurisdiction,30,Utility Pole/Light Support,0,The First Harmful Event was Not a Collision with a Motor Vehicle in Transport,0,No,1,Non-Junction,1,Not an Intersection,0,None,,,5,Outside Trafficway,2,Dark - Not Lighted,,,,,1,Clear,0,No,0000000,Not Applicable,22,10:00pm-10:59pm,46,46,22,10:00pm-10:59pm,55,55,88,"Not Applicable (Not Transported) ",88,Not Applicable (Not Transported),,,,,,,1,
2022,25,250371,Massachusetts,2,2,0,0,0,2,2,23,PLYMOUTH (23),140,BROCKTON,9,9,12,December,2022,6,Friday,11,11:00am-11:59am,35,35,0,This section IS NOT on the NHS,2,Urban,5,Major Collector,4,City or Municipal Highway Agency,8,Other,N WARREN AVE,PROSPECT ST,4,4,42.09150278,42.09150278,-71.025522220,-71.02552222,0,No Special Jurisdiction,12,Motor Vehicle In-Transport,6,Angle,0,No,2,Intersection,2,Four-Way Intersection,0,None,,,1,On Roadway,1,Daylight,,,,,1,Clear,0,No,0000000,Not Applicable,11,11:00am-11:59am,38,38,11,11:00am-11:59am,42,42,12,12:00pm-12:59pm,13,13,,,,,,,1,
2022,25,250372,Massachusetts,2,2,0,0,0,3,3,17,MIDDLESEX (17),1503,WINCHESTER,20,20,11,November,2022,1,Sunday,16,4:00pm-4:59pm,23,23,0,This section IS NOT on the NHS,2,Urban,4,Minor Arterial,3,Town or Township Highway Agency,8,Other,FOREST ST,,5,5,42.47072500,42.47072500,-71.117252780,-71.11725278,0,No Special Jurisdiction,12,Motor Vehicle In-Transport,6,Angle,0,No,1,Non-Junction,1,Not an Intersection,0,None,,,1,On Roadway,1,Daylight,,,,,1,Clear,0,No,0000000,Not Applicable,16,4:00pm-4:59pm,23,23,16,4:00pm-4:59pm,26,26,16,4:00pm-4:59pm,56,56,,,,,,,1,
2022,25,250373,Massachusetts,1,1,0,0,0,1,1,9,ESSEX (9),1000,PEABODY,3,3,7,July,2022,1,Sunday,17,5:00pm-5:59pm,25,25,0,This section IS NOT on the NHS,2,Urban,7,Local,4,City or Municipal Highway Agency,8,Other,HERRICK RD,,99999,Unknown,42.54979444,42.54979444,-71.017900000,-71.01790000,0,No Special Jurisdiction,33,Curb,0,The First Harmful Event was Not a Collision with a Motor Vehicle in Transport,0,No,1,Non-Junction,1,Not an Intersection,0,None,,,4,On Roadside,1,Daylight,,,,,1,Clear,0,No,0000000,Not Applicable,17,5:00pm-5:59pm,28,28,17,5:00pm-5:59pm,39,39,17,5:00pm-5:59pm,59,59,,,,,,,1,
2022,25,250374,Massachusetts,1,1,0,0,0,1,1,27,WORCESTER (27),390,GARDNER,11,11,7,July,2022,2,Monday,6,6:00am-6:59am,56,56,0,This section IS NOT on the NHS,2,Urban,5,Major Collector,4,City or Municipal Highway Agency,8,Other,CHESTNUT ST,,5,5,42.57580833,42.57580833,-71.983872220,-71.98387222,0,No Special Jurisdiction,41,Shrubbery,0,The First Harmful Event was Not a Collision with a Motor Vehicle in Transport,0,No,1,Non-Junction,1,Not an Intersection,0,None,,,4,On Roadside,1,Daylight,,,,,1,Clear,0,No,0000000,Not Applicable,6,6:00am-6:59am,56,56,7,7:00am-7:59am,3,3,7,7:00am-7:59am,26,26,,,,,,,1,
2022,25,250375,Massachusetts,1,1,0,1,1,1,1,27,WORCESTER (27),1380,WEBSTER,24,24,7,July,2022,1,Sunday,16,4:00pm-4:59pm,7,7,0,This section IS NOT on the NHS,2,Urban,7,Local,3,Town or Township Highway Agency,8,Other,FIRST ST,,1,1,42.04211389,42.04211389,-71.880652780,-71.88065278,0,No Special Jurisdiction,9,Pedalcyclist,0,The First Harmful Event was Not a Collision with a Motor Vehicle in Transport,0,No,1,Non-Junction,1,Not an Intersection,0,None,,,1,On Roadway,1,Daylight,,,,,1,Clear,0,No,0000000,Not Applicable,16,4:00pm-4:59pm,8,8,16,4:00pm-4:59pm,11,11,16,4:00pm-4:59pm,28,28,,,,,,,1,
2022,25,250376,Massachusetts,2,2,0,0,0,4,4,17,MIDDLESEX (17),720,MEDFORD,18,18,10,October,2022,3,Tuesday,3,3:00am-3:59am,50,50,1,This section IS ON the NHS,2,Urban,1,Interstate,1,State Highway Agency,1,Interstate,I-93 NORTHERN EXPY,,244,244,42.40983056,42.40983056,-71.102888890,-71.10288889,0,No Special Jurisdiction,25,Concrete Traffic Barrier,0,The First Harmful Event was Not a Collision with a Motor Vehicle in Transport,1,Yes,19,Other location within Interchange Area,1,Not an Intersection,0,None,,,3,On Median,3,Dark - Lighted,,,,,2,Rain,0,No,0000000,Not Applicable,4,4:00am-4:59am,12,12,4,4:00am-4:59am,15,15,4,4:00am-4:59am,41,41,,,,,,,1,
2022,25,250377,Massachusetts,2,2,0,0,0,2,2,23,PLYMOUTH (23),181,CARVER,17,17,6,June,2022,6,Friday,22,10:00pm-10:59pm,41,41,0,This section IS NOT on the NHS,2,Urban,4,Minor Arterial,3,Town or Township Highway Agency,3,State Highway,SR-58 MAIN ST,,0,None,41.87235000,41.87235000,-70.759308330,-70.75930833,0,No Special Jurisdiction,12,Motor Vehicle In-Transport,2,Front-to-Front,0,No,1,Non-Junction,1,Not an Intersection,0,None,,,1,On Roadway,2,Dark - Not Lighted,,,,,1,Clear,0,No,0000000,Not Applicable,22,10:00pm-10:59pm,42,42,22,10:00pm-10:59pm,46,46,23,11:00pm-11:59pm,16,16,,,,,,,1,
2022,25,250378,Massachusetts,2,2,0,0,0,4,4,21,NORFOLK (21),9997,Other,18,18,6,June,2022,7,Saturday,9,9:00am-9:59am,41,41,0,This section IS NOT on the NHS,2,Urban,3,Principal Arterial - Other,3,Town or Township Highway Agency,8,Other,INDEPENDENCE AVE,CHURCH ST,17,17,42.22695556,42.22695556,-71.004661110,-71.00466111,0,No Special Jurisdiction,12,Motor Vehicle In-Transport,6,Angle,1,Yes,2,Intersection,7,"Five Point, or More",0,None,,,1,On Roadway,1,Daylight,,,,,1,Clear,0,No,0000000,Not Applicable,9,9:00am-9:59am,42,42,9,9:00am-9:59am,51,51,10,10:00am-10:59am,34,34,,,,,,,1,