caseyear,state,st_case,statename,ve_total,ve_forms,pvh_invl,peds,pernotmvit,permvit,persons,county,countyname,city,cityname,day,dayname,month,monthname,year,day_week,day_weekname,hour,hourname,minute,minutename,nhs,nhsname,rur_urb,rur_urbname,func_sys,func_sysname,rd_owner,rd_ownername,route,routename,tway_id,tway_id2,milept,mileptname,latitude,latitudename,longitud,longitudname,sp_jur,sp_jurname,harm_ev,harm_evname,man_coll,man_collname,reljct1,reljct1name,reljct2,reljct2name,typ_int,typ_intname,wrk_zone,wrk_zonename,road_fnc,road_fncname,rel_road,rel_roadname,lgt_cond,lgt_condname,weather1,weather1name,weather2,weather2name,weather,weathername,sch_bus,sch_busname,rail,railname,not_hour,not_hourname,not_min,not_minname,arr_hour,arr_hourname,arr_min,arr_minname,hosp_hr,hosp_hrname,hosp_mn,hosp_mnname,cf1,cf1name,cf2,cf2name,cf3,cf3name,fatals,drunk_dr
2022,25,250417,Massachusetts,1,1,0,1,1,1,1,5,BRISTOL (5),7,ACUSHNET,22,22,12,December,2022,5,Thursday,12,12:00pm-12:59pm,32,32,0,This section IS NOT on the NHS,2,Urban,4,Minor Arterial,1,State Highway Agency,8,Other,S MAIN ST,,35,35,41.67110556,41.67110556,-70.908347220,-70.90834722,0,No Special Jurisdiction,9,Pedalcyclist,0,The First Harmful Event was Not a Collision with a Motor Vehicle in Transport,0,No,4,Driveway Access,1,Not an Intersection,0,None,,,1,On Roadway,1,Daylight,,,,,10,Cloudy,0,No,0000000,Not Applicable,12,12:00pm-12:59pm,36,36,12,12:00pm-12:59pm,43,43,88,"Not Applicable (Not Transported) ",88,Not Applicable (Not Transported),,,,,,,1,
2022,25,250418,Massachusetts,1,1,0,1,1,1,1,17,MIDDLESEX (17),1158,SHIRLEY,15,15,12,December,2022,5,Thursday,17,5:00pm-5:59pm,11,11,0,This section IS NOT on the NHS,2,Urban,4,Minor Arterial,3,Town or Township Highway Agency,8,Other,MAIN ST,,49,49,42.54428889,42.54428889,-71.655558330,-71.65555833,0,No Special Jurisdiction,8,Pedestrian,0,The First Harmful Event was Not a Collision with a Motor Vehicle in Transport,0,No,1,Non-Junction,1,Not an Intersection,0,None,,,1,On Roadway,2,Dark - Not Lighted,,,,,2,Rain,0,No,0000000,Not Applicable,17,5:00pm-5:59pm,16,16,17,5:00pm-5:59pm,18,18,18,6:00pm-6:59pm,4,4,,,,,,,1,
2022,25,250419,Massachusetts,2,2,0,0,0,2,2,15,HAMPSHIRE (15),433,GOSHEN,13,13,12,December,2022,3,Tuesday,13,1:00pm-1:59pm,28,28,1,This section IS ON the NHS,1,Rural,3,Principal Arterial - Other,1,State Highway Agency,3,State Highway,SR-9 MAIN ST,,291,291,42.44133333,42.44133333,-72.800055560,-72.80005556,0,No Special Jurisdiction,12,Motor Vehicle In-Transport,6,Angle,0,No,4,Driveway Access,1,Not an Intersection,0,None,,,1,On Roadway,1,Daylight,,,,,1,Clear,0,No,0000000,Not Applicable,13,1:00pm-1:59pm,28,28,13,1:00pm-1:59pm,38,38,14,2:00pm-2:59pm,39,39,,,,,,,1,
2022,25,250420,Massachusetts,1,1,0,0,0,1,1,9,ESSEX (9),650,LYNN,6,6,8,August,2022,7,Saturday,14,2:00pm-2:59pm,4,4,0,This section IS NOT on the NHS,2,Urban,4,Minor Arterial,4,City or Municipal Highway Agency,8,Other,BOSTON ST,,20,20,42.46266111,42.46266111,-70.980291670,-70.98029167,0,No Special Jurisdiction,30,Utility Pole/Light Support,0,The First Harmful Event was Not a Collision with a Motor Vehicle in Transport,0,No,1,Non-Junction,1,Not an Intersection,0,None,,,4,On Roadside,1,Daylight,,,,,1,Clear,0,No,0000000,Not Applicable,14,2:00pm-2:59pm,6,6,14,2:00pm-2:59pm,7,7,14,2:00pm-2:59pm,42,42,,,,,,,1,
2022,25,250421,Massachusetts,1,1,0,0,0,2,2,23,PLYMOUTH (23),130,BRIDGEWATER,3,3,8,August,2022,4,Wednesday,12,12:00pm-12:59pm,0,0,0,This section IS NOT on the NHS,2,Urban,4,Minor Arterial,3,Town or Township Highway Agency,8,Other,VERNON ST,,6,6,41.94550000,41.94550000,-71.000561110,-71.00056111,0,No Special Jurisdiction,53,Mail Box,0,The First Harmful Event was Not a Collision with a Motor Vehicle in Transport,0,No,1,Non-Junction,1,Not an Intersection,0,None,,,4,On Roadside,1,Daylight,,,,,1,Clear,0,No,0000000,Not Applicable,12,12:00pm-12:59pm,1,1,12,12:00pm-12:59pm,6,6,99,Unknown,99,Unknown EMS Hospital Arrival Time,,,,,,,1,
2022,25,250422,Massachusetts,1,1,0,0,0,3,3,3,BERKSHIRE (3),458,HANCOCK,11,11,5,May,2022,4,Wednesday,12,12:00pm-12:59pm,58,58,0,This section IS NOT on the NHS,1,Rural,5,Major Collector,1,State Highway Agency,3,State Highway,SR-43 HANCOCK RD,,28,28,42.56231111,42.56231111,-73.303738890,-73.30373889,0,No Special Jurisdiction,53,Mail Box,0,The First Harmful Event was Not a Collision with a Motor Vehicle in Transport,0,No,1,Non-Junction,1,Not an Intersection,0,None,,,4,On Roadside,1,Daylight,,,,,1,Clear,0,No,0000000,Not Applicable,12,12:00pm-12:59pm,56,56,13,1:00pm-1:59pm,12,12,13,1:00pm-1:59pm,57,57,,,,,,,1,
2022,25,250423,Massachusetts,1,1,0,0,0,1,1,17,MIDDLESEX (17),1335,WAKEFIELD,9,9,7,July,2022,7,Saturday,22,10:00pm-10:59pm,14,14,1,This section IS ON the NHS,2,Urban,1,Interstate,1,State Highway Agency,1,Interstate,I-95,,99998,Not Reported,42.51279722,42.51279722,-71.037900000,-71.03790000,0,No Special Jurisdiction,25,Concrete Traffic Barrier,0,The First Harmful Event was Not a Collision with a Motor Vehicle in Transport,1,Yes,19,Other location within Interchange Area,1,Not an Intersection,0,None,,,3,On Median,3,Dark - Lighted,,,,,1,Clear,0,No,0000000,Not Applicable,22,10:00pm-10:59pm,10,10,22,10:00pm-10:59pm,18,18,99,Unknown,99,Unknown EMS Hospital Arrival Time,,,,,,,1,
2022,25,250424,Massachusetts,1,1,0,0,0,1,1,23,PLYMOUTH (23),770,MIDDLEBOROUGH,10,10,7,July,2022,1,Sunday,11,11:00am-11:59am,49,49,0,This section IS NOT on the NHS,2,Urban,4,Minor Arterial,1,State Highway Agency,3,State Highway,SR-25 WAREHAM ST,,784,784,41.82263611,41.82263611,-70.819913890,-70.81991389,0,No Special Jurisdiction,59,"Traffic Sign Support ",0,The First Harmful Event was Not a Collision with a Motor Vehicle in Transport,0,No,1,Non-Junction,1,Not an Intersection,0,None,,,4,On Roadside,1,Daylight,,,,,1,Clear,0,No,0000000,Not Applicable,11,11:00am-11:59am,57,57,11,11:00am-11:59am,57,57,88,"Not Applicable (Not Transported) ",88,Not Applicable (Not Transported),,,,,,,1,
2022,25,250425,Massachusetts,1,1,0,1,1,1,1,17,MIDDLESEX (17),1282,TEWKSBURY,19,19,10,October,2022,4,Wednesday,19,7:00pm-7:59pm,20,20,1,This section IS ON the NHS,2,Urban,1,Interstate,1,State Highway Agency,1,Interstate,I-495 NORTH,,99998,Not Reported,42.63946944,42.63946944,-71.237969440,-71.23796944,0,No Special Jurisdiction,8,Pedestrian,0,The First Harmful Event was Not a Collision with a Motor Vehicle in Transport,0,No,1,Non-Junction,1,Not an Intersection,0,None,,,1,On Roadway,2,Dark - Not Lighted,,,,,1,Clear,0,No,0000000,Not Applicable,19,7:00pm-7:59pm,18,18,19,7:00pm-7:59pm,23,23,19,7:00pm-7:59pm,40,40,,,,,,,1,
2023,25,250001,Massachusetts,3,3,0,0,0,4,4,17,MIDDLESEX (17),195,CHELMSFORD,1,1,1,January,2023,1,Sunday,13,1:00pm-1:59pm,18,18,1,This Section IS ON the NHS,2,Urban,1,Interstate,1,State Highway Agency,1,Interstate,I-495,,874,874,42.60215278,42.60215278,-71.357319440,-71.35731944,0,No Special Jurisdiction,24,Guardrail Face,0,The First Harmful Event was Not a Collision with a Motor Vehicle in Transport,1,Yes,19,Other location within Interchange Area,1,Not an Intersection,0,None,,,3,On Median,1,Daylight,,,,,1,Clear,0,No,0000000,Not Applicable,13,1:00pm-1:59pm,21,21,13,1:00pm-1:59pm,24,24,99,Unknown,99,Unknown EMS Hospital Arrival Time,,,,,,,1,
2023,25,250002,Massachusetts,1,1,0,0,0,1,1,17,MIDDLESEX (17),195,CHELMSFORD,1,1,1,January,2023,1,Sunday,20,8:00pm-8:59pm,12,12,0,This Section IS NOT on the NHS,2,Urban,4,Minor Arterial,1,State Highway Agency,3,State Highway,SR-110 LITTLETON RD,,317,317,42.59277222,42.59277222,-71.366797220,-71.36679722,0,No Special Jurisdiction,30,Utility Pole/Light Support,0,The First Harmful Event was Not a Collision with a Motor Vehicle in Transport,0,No,1,Non-Junction,1,Not an Intersection,0,None,,,4,On Roadside,3,Dark - Lighted,,,,,1,Clear,0,No,0000000,Not Applicable,20,8:00pm-8:59pm,16,16,20,8:00pm-8:59pm,18,18,20,8:00pm-8:59pm,50,50,,,,,,,1,
2023,25,250003,Massachusetts,3,2,1,0,0,2,2,17,MIDDLESEX (17),1335,WAKEFIELD,4,4,1,January,2023,4,Wednesday,18,6:00pm-6:59pm,28,28,0,This Section IS NOT on the NHS,2,Urban,4,Minor Arterial,3,Town or Township Highway Agency,0,Not Signed,NORTH AVE,,2,2,42.50424722,42.50424722,-71.077213890,-71.07721389,0,No Special Jurisdiction,14,Parked Motor Vehicle,0,The First Harmful Event was Not a Collision with a Motor Vehicle in Transport,0,No,1,Non-Junction,1,Not an Intersection,0,None,,,7,In Parking Lane/Zone,3,Dark - Lighted,,,,,10,Cloudy,0,No,0000000,Not Applicable,18,6:00pm-6:59pm,27,27,18,6:00pm-6:59pm,31,31,19,7:00pm-7:59pm,7,7,,,,,,,1,
2023,25,250004,Massachusetts,1,1,0,1,1,1,1,13,HAMPDEN (13),500,HOLYOKE,5,5,1,January,2023,5,Thursday,19,7:00pm-7:59pm,50,50,0,This Section IS NOT on the NHS,2,Urban,5,Major Collector,4,City or Municipal Highway Agency,0,Not Signed,S CANAL ST,CABOT ST,0,None,42.19712778,42.19712778,-72.603538890,-72.60353889,0,No Special Jurisdiction,9,Pedalcyclist,0,The First Harmful Event was Not a Collision with a Motor Vehicle in Transport,0,No,3,Intersection-Related,2,Four-Way Intersection,0,None,,,1,On Roadway,3,Dark - Lighted,,,,,1,Clear,0,No,0000000,Not Applicable,19,7:00pm-7:59pm,50,50,19,7:00pm-7:59pm,55,55,20,8:00pm-8:59pm,13,13,,,,,,,1,
2023,25,250005,Massachusetts,1,1,0,0,0,1,1,23,PLYMOUTH (23),464,HANOVER,6,6,1,January,2023,6,Friday,9,9:00am-9:59am,55,55,1,This Section IS ON the NHS,2,Urban,2,Other Freeways and Expressways,1,State Highway Agency,2,U.S. Highway,US-3,,319,319,42.15319722,42.15319722,-70.850180560,-70.85018056,0,No Special Jurisdiction,42,Tree (Standing Only),0,The First Harmful Event was Not a Collision with a Motor Vehicle in Transport,0,No,1,Non-Junction,1,Not an Intersection,0,None,,,3,On Median,1,Daylight,,,,,98,Not Reported,0,No,0000000,Not Applicable,9,9:00am-9:59am,52,52,9,9:00am-9:59am,57,57,10,10:00am-10:59am,24,24,,,,,,,1,
2023,25,250006,Massachusetts,1,1,0,0,0,1,1,15,HAMPSHIRE (15),1479,WILLIAMSBURG,7,7,1,January,2023,7,Saturday,6,6:00am-6:59am,10,10,1,This Section IS ON the NHS,1,Rural,3,Other Principal Arterial,1,State Highway Agency,3,State Highway,SR-9 MAIN ST,,356,356,42.38235833,42.38235833,-72.714330560,-72.71433056,0,No Special Jurisdiction,24,Guardrail Face,0,The First Harmful Event was Not a Collision with a Motor Vehicle in Transport,0,No,1,Non-Junction,1,Not an Intersection,0,None,,,4,On Roadside,1,Daylight,,,,,10,Cloudy,0,No,0000000,Not Applicable,6,6:00am-6:59am,10,10,6,6:00am-6:59am,23,23,6,6:00am-6:59am,56,56,,,,,,,1,
2023,25,250007,Massachusetts,2,2,0,0,0,2,2,21,NORFOLK (21),1451,WESTWOOD,7,7,1,January,2023,7,Saturday,17,5:00pm-5:59pm,39,39,1,This Section IS ON the NHS,2,Urban,1,Interstate,1,State Highway Agency,1,Interstate,I-95,,271,271,42.21088611,42.21088611,-71.145697220,-71.14569722,0,No Special Jurisdiction,12,Motor Vehicle In-Transport,7,Sideswipe - Same Direction,1,Yes,18,Through Roadway,1,Not an Intersection,0,None,,,1,On Roadway,2,Dark - Not Lighted,,,,,10,Cloudy,0,No,0000000,Not Applicable,17,5:00pm-5:59pm,37,37,17,5:00pm-5:59pm,43,43,18,6:00pm-6:59pm,8,8,,,,,,,1,
2023,25,250010,Massachusetts,1,1,0,1,1,1,1,21,NORFOLK (21),1140,SHARON,9,9,1,January,2023,2,Monday,16,4:00pm-4:59pm,50,50,0,This Section IS NOT on the NHS,2,Urban,4,Minor Arterial,3,Town or Township Highway Agency,0,Not Signed,S MAIN ST,E CHESTNUT ST,55,55,42.12119167,42.12119167,-71.180469440,-71.18046944,0,No Special Jurisdiction,8,Pedestrian,0,The First Harmful Event was Not a Collision with a Motor Vehicle in Transport,0,No,3,Intersection-Related,2,Four-Way Intersection,0,None,,,1,On Roadway,1,Daylight,,,,,1,Clear,0,No,0000000,Not Applicable,16,4:00pm-4:59pm,52,52,16,4:00pm-4:59pm,57,57,18,6:00pm-6:59pm,23,23,,,,,,,1,
2023,25,250011,Massachusetts,1,1,0,0,0,1,1,23,PLYMOUTH (23),1360,WAREHAM,12,12,1,January,2023,5,Thursday,13,1:00pm-1:59pm,4,4,0,This Section IS NOT on the NHS,2,Urban,5,Major Collector,3,Town or Township Highway Agency,0,Not Signed,GLEN CHARLIE RD,,21,21,41.78444722,41.78444722,-70.647702780,-70.64770278,0,No Special Jurisdiction,42,Tree (Standing Only),0,The First Harmful Event was Not a Collision with a Motor Vehicle in Transport,0,No,1,Non-Junction,1,Not an Intersection,0,None,,,4,On Roadside,1,Daylight,,,,,10,Cloudy,0,No,0000000,Not Applicable,13,1:00pm-1:59pm,9,9,13,1:00pm-1:59pm,27,27,14,2:00pm-2:59pm,17,17,,,,,,,1,
2023,25,250012,Massachusetts,1,1,0,0,0,2,2,5,BRISTOL (5),96,BERKLEY,15,15,1,January,2023,1,Sunday,7,7:00am-7:59am,15,15,1,This Section IS ON the NHS,2,Urban,3,Other Principal Arterial,3,Town or Township Highway Agency,3,State Highway,SR-79 MYRICKS ST,,65,65,41.83186111,41.83186111,-71.025563890,-71.02556389,0,No Special Jurisdiction,30,Utility Pole/Light Support,0,The First Harmful Event was Not a Collision with a Motor Vehicle in Transport,0,No,1,Non-Junction,1,Not an Intersection,0,None,,,4,On Roadside,1,Daylight,,,,,10,Cloudy,0,No,0000000,Not Applicable,7,7:00am-7:59am,17,17,7,7:00am-7:59am,24,24,7,7:00am-7:59am,56,56,,,,,,,1,
2023,25,250013,Massachusetts,1,1,0,0,0,1,1,17,MIDDLESEX (17),618,LITTLETON,17,17,1,January,2023,3,Tuesday,9,9:00am-9:59am,4,4,1,This Section IS ON the NHS,2,Urban,3,Other Principal Arterial,1,State Highway Agency,3,State Highway,SR-119 GREAT RD,,275,275,42.55850278,42.55850278,-71.491205560,-71.49120556,0,No Special Jurisdiction,42,Tree (Standing Only),0,The First Harmful Event was Not a Collision with a Motor Vehicle in Transport,0,No,1,Non-Junction,1,Not an Intersection,0,None,,,4,On Roadside,1,Daylight,,,,,1,Clear,0,No,0000000,Not Applicable,9,9:00am-9:59am,4,4,9,9:00am-9:59am,8,8,9,9:00am-9:59am,41,41,,,,,,,1,
2023,25,250014,Massachusetts,3,3,0,0,0,6,6,27,WORCESTER (27),55,AUBURN,19,19,1,January,2023,5,Thursday,7,7:00am-7:59am,25,25,1,This Section IS ON the NHS,2,Urban,1,Interstate,1,State Highway Agency,1,Interstate,I-90,,889,889,42.18785000,42.18785000,-71.873341670,-71.87334167,0,No Special Jurisdiction,12,Motor Vehicle In-Transport,7,Sideswipe - Same Direction,0,No,1,Non-Junction,1,Not an Intersection,0,None,,,1,On Roadway,1,Daylight,,,,,10,Cloudy,0,No,0000000,Not Applicable,7,7:00am-7:59am,32,32,7,7:00am-7:59am,40,40,8,8:00am-8:59am,7,7,,,,,,,1,
2023,25,250015,Massachusetts,1,1,0,1,1,1,1,25,SUFFOLK (25),120,BOSTON,20,20,1,January,2023,6,Friday,22,10:00pm-10:59pm,36,36,1,This Section IS ON the NHS,2,Urban,3,Other Principal Arterial,4,City or Municipal Highway Agency,0,Not Signed,MELNEA CASS BLVD,MASSACHUSETTS AVE,4,4,42.33251667,42.33251667,-71.072394440,-71.07239444,0,No Special Jurisdiction,8,Pedestrian,0,The First Harmful Event was Not a Collision with a Motor Vehicle in Transport,0,No,3,Intersection-Related,2,Four-Way Intersection,0,None,,,1,On Roadway,3,Dark - Lighted,,,,,2,Rain,0,No,0000000,Not Applicable,22,10:00pm-10:59pm,43,43,22,10:00pm-10:59pm,51,51,88,"Not Applicable (Not Transported) ",88,Not Applicable (Not Transported),,,,,,,1,
2023,25,250016,Massachusetts,2,2,0,0,0,5,5,5,BRISTOL (5),315,FAIRHAVEN,22,22,1,January,2023,1,Sunday,18,6:00pm-6:59pm,52,52,0,This Section IS NOT on the NHS,2,Urban,4,Minor Arterial,3,Town or Township Highway Agency,0,Not Signed,MAIN ST,HEDGE ST,19,19,41.65015833,41.65015833,-70.909227780,-70.90922778,0,No Special Jurisdiction,12,Motor Vehicle In-Transport,2,Front-to-Front,0,No,2,Intersection,2,Four-Way Intersection,0,None,,,1,On Roadway,3,Dark - Lighted,,,,,2,Rain,0,No,0000000,Not Applicable,18,6:00pm-6:59pm,49,49,18,6:00pm-6:59pm,53,53,19,7:00pm-7:59pm,17,17,,,,,,,1,
2023,25,250017,Massachusetts,2,2,0,0,0,2,2,27,WORCESTER (27),1520,WORCESTER,22,22,1,January,2023,1,Sunday,20,8:00pm-8:59pm,52,52,1,This Section IS ON the NHS,2,Urban,1,Interstate,1,State Highway Agency,1,Interstate,I-290,,67,67,42.27328056,42.27328056,-71.795352780,-71.79535278,0,No Special Jurisdiction,12,Motor Vehicle In-Transport,2,Front-to-Front,0,No,1,Non-Junction,1,Not an Intersection,0,None,,,1,On Roadway,3,Dark - Lighted,,,,,2,Rain,0,No,0000000,Not Applicable,20,8:00pm-8:59pm,54,54,21,9:00pm-9:59pm,0,0,99,Unknown,99,Unknown EMS Hospital Arrival Time,,,,,,,1,
2023,25,250018,Massachusetts,1,1,0,1,1,1,1,17,MIDDLESEX (17),1193,SOUTH ACTON,23,23,1,January,2023,2,Monday,11,11:00am-11:59am,46,46,0,This Section IS NOT on the NHS,2,Urban,4,Minor Arterial,3,Town or Township Highway Agency,0,Not Signed,CONCORD RD,,7,7,42.47870278,42.47870278,-71.424386110,-71.42438611,0,No Special Jurisdiction,8,Pedestrian,0,The First Harmful Event was Not a Collision with a Motor Vehicle in Transport,0,No,1,Non-Junction,1,Not an Intersection,0,None,,,1,On Roadway,1,Daylight,,,,,10,Cloudy,0,No,0000000,Not Applicable,11,11:00am-11:59am,49,49,11,11:00am-11:59am,49,49,12,12:00pm-12:59pm,1,1,,,,,,,1,
2023,25,250019,Massachusetts,2,1,1,0,0,1,1,23,PLYMOUTH (23),1360,WAREHAM,26,26,1,January,2023,5,Thursday,14,2:00pm-2:59pm,1,1,0,This Section IS NOT on the NHS,2,Urban,4,Minor Arterial,3,Town or Township Highway Agency,0,Not Signed,MAIN ST,,2,2,41.76366667,41.76366667,-70.722655560,-70.72265556,0,No Special Jurisdiction,14,Parked Motor Vehicle,0,The First Harmful Event was Not a Collision with a Motor Vehicle in Transport,0,No,1,Non-Junction,1,Not an Intersection,0,None,,,7,In Parking Lane/Zone,1,Daylight,,,,,10,Cloudy,0,No,0000000,Not Applicable,14,2:00pm-2:59pm,4,4,14,2:00pm-2:59pm,10,10,14,2:00pm-2:59pm,33,33,,,,,,,1,
2023,25,250020,Massachusetts,1,1,0,0,0,1,1,9,ESSEX (9),470,HAVERHILL,30,30,1,January,2023,2,Monday,2,2:00am-2:59am,7,7,0,This Section IS NOT on the NHS,2,Urban,4,Minor Arterial,4,City or Municipal Highway Agency,3,State Highway,SR-97 LAFAYETTE SQ,,53,53,42.77795278,42.77795278,-71.089877780,-71.08987778,0,No Special Jurisdiction,30,Utility Pole/Light Support,0,The First Harmful Event was Not a Collision with a Motor Vehicle in Transport,0,No,1,Non-Junction,1,Not an Intersection,0,None,,,4,On Roadside,3,Dark - Lighted,,,,,1,Clear,0,No,0000000,Not Applicable,2,2:00am-2:59am,8,8,2,2:00am-2:59am,16,16,99,Unknown,99,Unknown EMS Hospital Arrival Time,,,,,,,1,
2023,25,250021,Massachusetts,1,1,0,2,2,1,1,3,BERKSHIRE (3),1030,PITTSFIELD,30,30,1,January,2023,2,Monday,9,9:00am-9:59am,13,13,0,This Section IS NOT on the NHS,2,Urban,4,Minor Arterial,4,City or Municipal Highway Agency,0,Not Signed,WEST ST,,30,30,42.44994444,42.44994444,-73.263066670,-73.26306667,0,No Special Jurisdiction,8,Pedestrian,0,The First Harmful Event was Not a Collision with a Motor Vehicle in Transport,0,No,1,Non-Junction,1,Not an Intersection,0,None,,,1,On Roadway,1,Daylight,,,,,1,Clear,0,No,0000000,Not Applicable,9,9:00am-9:59am,14,14,9,9:00am-9:59am,17,17,9,9:00am-9:59am,31,31,,,,,,,1,
2023,25,250022,Massachusetts,1,1,0,0,0,1,1,21,NORFOLK (21),256,DEDHAM,2,2,2,February,2023,5,Thursday,15,3:00pm-3:59pm,40,40,1,This Section IS ON the NHS,2,Urban,3,Other Principal Arterial,3,Town or Township Highway Agency,0,Not Signed,MILTON ST,,36,36,42.24161111,42.24161111,-71.145761110,-71.14576111,0,No Special Jurisdiction,30,Utility Pole/Light Support,0,The First Harmful Event was Not a Collision with a Motor Vehicle in Transport,0,No,1,Non-Junction,1,Not an Intersection,0,None,,,4,On Roadside,1,Daylight,,,,,1,Clear,0,No,0000000,Not Applicable,15,3:00pm-3:59pm,42,42,15,3:00pm-3:59pm,43,43,16,4:00pm-4:59pm,13,13,,,,,,,1,
2023,25,250023,Massachusetts,1,1,0,0,0,2,2,13,HAMPDEN (13),1247,SOUTHWICK,3,3,2,February,2023,6,Friday,11,11:00am-11:59am,57,57,1,This Section IS ON the NHS,2,Urban,3,Other Principal Arterial,3,Town or Township Highway Agency,3,State Highway,SR-57 FEEDING HILLS RD,,86,86,42.06395556,42.06395556,-72.727291670,-72.72729167,0,No Special Jurisdiction,16,Thrown or Falling Object,0,The First Harmful Event was Not a Collision with a Motor Vehicle in Transport,0,No,1,Non-Junction,1,Not an Intersection,0,None,,,1,On Roadway,1,Daylight,,,,,6,Severe Crosswinds,0,No,0000000,Not Applicable,11,11:00am-11:59am,57,57,12,12:00pm-12:59pm,2,2,99,Unknown,99,Unknown EMS Hospital Arrival Time,,,,,,,1,
2023,25,250024,Massachusetts,2,1,1,0,1,3,4,27,WORCESTER (27),272,EAST BROOKFIELD,3,3,2,February,2023,6,Friday,17,5:00pm-5:59pm,43,43,0,This Section IS NOT on the NHS,1,Rural,5,Major Collector,3,Town or Township Highway Agency,0,Not Signed,PODUNK RD,,50,50,42.19554167,42.19554167,-72.046150000,-72.04615000,0,No Special Jurisdiction,35,Embankment,0,The First Harmful Event was Not a Collision with a Motor Vehicle in Transport,0,No,1,Non-Junction,1,Not an Intersection,0,None,,,4,On Roadside,2,Dark - Not Lighted,,,,,6,Severe Crosswinds,0,No,0000000,Not Applicable,17,5:00pm-5:59pm,43,43,17,5:00pm-5:59pm,47,47,99,Unknown,99,Unknown EMS Hospital Arrival Time,,,,,,,1,
2023,25,250025,Massachusetts,1,1,0,0,0,1,1,1,BARNSTABLE (1),973,"OTIS ANGB, BARNSTABLE",3,3,2,February,2023,6,Friday,23,11:00pm-11:59pm,39,39,0,This Section IS NOT on the NHS,2,Urban,4,Minor Arterial,3,Town or Township Highway Agency,0,Not Signed,MAIN ST,,15,15,41.63456944,41.63456944,-70.449375000,-70.44937500,0,No Special Jurisdiction,33,Curb,0,The First Harmful Event was Not a Collision with a Motor Vehicle in Transport,0,No,1,Non-Junction,1,Not an Intersection,0,None,,,4,On Roadside,3,Dark - Lighted,,,,,1,Clear,0,No,0000000,Not Applicable,23,11:00pm-11:59pm,43,43,23,11:00pm-11:59pm,48,48,0,0:00am-0:59am,20,20,,,,,,,1,
2023,25,250026,Massachusetts,3,3,0,0,0,3,3,13,HAMPDEN (13),1270,SPRINGFIELD,5,5,2,February,2023,1,Sunday,1,1:00am-1:59am,44,44,0,This Section IS NOT on the NHS,2,Urban,4,Minor Arterial,4,City or Municipal Highway Agency,0,Not Signed,LIBERTY ST,CALVIN ST,8,8,42.13168889,42.13168889,-72.584616670,-72.58461667,0,No Special Jurisdiction,12,Motor Vehicle In-Transport,6,Angle,0,No,2,Intersection,3,T-Intersection,0,None,,,1,On Roadway,3,Dark - Lighted,,,,,1,Clear,0,No,0000000,Not Applicable,1,1:00am-1:59am,47,47,1,1:00am-1:59am,57,57,99,Unknown,99,Unknown EMS Hospital Arrival Time,,,,,,,1,
2023,25,250027,Massachusetts,1,1,0,0,0,1,1,23,PLYMOUTH (23),475,HINGHAM,5,5,2,February,2023,1,Sunday,16,4:00pm-4:59pm,43,43,1,This Section IS ON the NHS,2,Urban,3,Other Principal Arterial,1,State Highway Agency,3,State Highway,SR-3A LINCOLN ST,SHIPYARD DR,456,456,42.24952222,42.24952222,-70.918155560,-70.91815556,0,No Special Jurisdiction,30,Utility Pole/Light Support,0,The First Harmful Event was Not a Collision with a Motor Vehicle in Transport,0,No,3,Intersection-Related,2,Four-Way Intersection,0,None,,,4,On Roadside,1,Daylight,,,,,1,Clear,0,No,0000000,Not Applicable,16,4:00pm-4:59pm,43,43,16,4:00pm-4:59pm,48,48,88,"Not Applicable (Not Transported) ",88,Not Applicable (Not Transported),,,,,,,1,
2023,25,250028,Massachusetts,1,1,0,1,1,1,1,3,BERKSHIRE (3),600,LENOX,6,6,2,February,2023,2,Monday,17,5:00pm-5:59pm,43,43,1,This Section IS ON the NHS,2,Urban,3,Other Principal Arterial,1,State Highway Agency,2,U.S. Highway,US-20 PITTSFIELD RD,,105,105,42.40369167,42.40369167,-73.265591670,-73.26559167,0,No Special Jurisdiction,8,Pedestrian,0,The First Harmful Event was Not a Collision with a Motor Vehicle in Transport,0,No,1,Non-Junction,1,Not an Intersection,0,None,,,1,On Roadway,2,Dark - Not Lighted,,,,,1,Clear,0,No,0000000,Not Applicable,17,5:00pm-5:59pm,43,43,17,5:00pm-5:59pm,51,51,18,6:00pm-6:59pm,5,5,,,,,,,1,
2023,25,250029,Massachusetts,2,1,1,0,0,1,1,27,WORCESTER (27),1520,WORCESTER,7,7,2,February,2023,3,Tuesday,4,4:00am-4:59am,9,9,0,This Section IS NOT on the NHS,2,Urban,4,Minor Arterial,4,City or Municipal Highway Agency,0,Not Signed,SOUTHBRIDGE ST,,11,11,42.24583056,42.24583056,-71.810483330,-71.81048333,0,No Special Jurisdiction,14,Parked Motor Vehicle,0,The First Harmful Event was Not a Collision with a Motor Vehicle in Transport,0,No,1,Non-Junction,1,Not an Intersection,0,None,,,7,In Parking Lane/Zone,3,Dark - Lighted,,,,,1,Clear,0,No,0000000,Not Applicable,4,4:00am-4:59am,10,10,4,4:00am-4:59am,17,17,4,4:00am-4:59am,39,39,,,,,,,1,