caseyear,state,st_case,statename,ve_total,ve_forms,pvh_invl,peds,pernotmvit,permvit,persons,county,countyname,city,cityname,day,dayname,month,monthname,year,day_week,day_weekname,hour,hourname,minute,minutename,nhs,nhsname,rur_urb,rur_urbname,func_sys,func_sysname,rd_owner,rd_ownername,route,routename,tway_id,tway_id2,milept,mileptname,latitude,latitudename,longitud,longitudname,sp_jur,sp_jurname,harm_ev,harm_evname,man_coll,man_collname,reljct1,reljct1name,reljct2,reljct2name,typ_int,typ_intname,wrk_zone,wrk_zonename,road_fnc,road_fncname,rel_road,rel_roadname,lgt_cond,lgt_condname,weather1,weather1name,weather2,weather2name,weather,weathername,sch_bus,sch_busname,rail,railname,not_hour,not_hourname,not_min,not_minname,arr_hour,arr_hourname,arr_min,arr_minname,hosp_hr,hosp_hrname,hosp_mn,hosp_mnname,cf1,cf1name,cf2,cf2name,cf3,cf3name,fatals,drunk_dr
2023,25,250186,Massachusetts,1,1,0,0,0,1,1,17,MIDDLESEX (17),1448,WESTON,2,2,4,April,2023,1,Sunday,4,4:00am-4:59am,54,54,1,This Section IS ON the NHS,2,Urban,1,Interstate,1,State Highway Agency,1,Interstate,I-95 S,,99998,Not Reported,42.34161111,42.34161111,-71.262963890,-71.26296389,0,No Special Jurisdiction,24,Guardrail Face,0,The First Harmful Event was Not a Collision with a Motor Vehicle in Transport,1,Yes,5,Entrance/Exit Ramp Related,1,Not an Intersection,0,None,,,3,On Median,4,Dawn,,,,,1,Clear,0,No,0000000,Not Applicable,4,4:00am-4:59am,51,51,4,4:00am-4:59am,56,56,5,5:00am-5:59am,28,28,,,,,,,1,
2023,25,250187,Massachusetts,1,1,0,0,0,1,1,27,WORCESTER (27),1370,WARREN,21,21,3,March,2023,3,Tuesday,15,3:00pm-3:59pm,18,18,0,This Section IS NOT on the NHS,2,Urban,7,Local,3,Town or Township Highway Agency,95,Other,OLD WEST BROOKFIELD RD,,99998,Not Reported,42.21329444,42.21329444,-72.194352780,-72.19435278,0,No Special Jurisdiction,30,Utility Pole/Light Support,0,The First Harmful Event was Not a Collision with a Motor Vehicle in Transport,0,No,1,Non-Junction,1,Not an Intersection,0,None,,,4,On Roadside,1,Daylight,,,,,1,Clear,0,No,0000000,Not Applicable,15,3:00pm-3:59pm,25,25,15,3:00pm-3:59pm,29,29,16,4:00pm-4:59pm,21,21,,,,,,,1,
2023,25,250188,Massachusetts,1,1,0,1,1,1,1,23,PLYMOUTH (23),1360,WAREHAM,18,18,4,April,2023,3,Tuesday,19,7:00pm-7:59pm,57,57,0,This Section IS NOT on the NHS,2,Urban,4,Minor Arterial,3,Town or Township Highway Agency,2,U.S. Highway,US-6 SANDWICH RD,NARROWS RD,442,442,41.75687778,41.75687778,-70.712016670,-70.71201667,0,No Special Jurisdiction,9,Pedalcyclist,0,The First Harmful Event was Not a Collision with a Motor Vehicle in Transport,0,No,2,Intersection,3,T-Intersection,0,None,,,1,On Roadway,5,Dusk,,,,,10,Cloudy,0,No,0000000,Not Applicable,19,7:00pm-7:59pm,56,56,19,7:00pm-7:59pm,59,59,20,8:00pm-8:59pm,14,14,,,,,,,1,
2023,25,250189,Massachusetts,2,1,1,0,0,1,1,23,PLYMOUTH (23),1040,PLYMOUTH,20,20,8,August,2023,1,Sunday,0,0:00am-0:59am,19,19,0,This Section IS NOT on the NHS,2,Urban,4,Minor Arterial,3,Town or Township Highway Agency,0,Not Signed,SEVEN HILLS RD,FEDERAL FURNACE RD,0,None,41.93565833,41.93565833,-70.702277780,-70.70227778,0,No Special Jurisdiction,59,"Traffic Sign Support ",0,The First Harmful Event was Not a Collision with a Motor Vehicle in Transport,0,No,3,Intersection-Related,3,T-Intersection,0,None,,,12,Pedestrian Refuge Island or Traffic Island,3,Dark - Lighted,,,,,1,Clear,0,No,0000000,Not Applicable,0,0:00am-0:59am,23,23,0,0:00am-0:59am,32,32,1,1:00am-1:59am,0,0,,,,,,,1,
2023,25,250190,Massachusetts,2,2,0,0,0,2,2,21,NORFOLK (21),825,MILTON,20,20,8,August,2023,1,Sunday,3,3:00am-3:59am,5,5,1,This Section IS ON the NHS,2,Urban,3,Other Principal Arterial,1,State Highway Agency,3,State Highway,SR-138 BLUE HILL AVE,NEPONSET VALLEY PKWY,415,415,42.22889722,42.22889722,-71.114836110,-71.11483611,0,No Special Jurisdiction,12,Motor Vehicle In-Transport,2,Front-to-Front,0,No,2,Intersection,3,T-Intersection,0,None,,,1,On Roadway,3,Dark - Lighted,,,,,1,Clear,0,No,0000000,Not Applicable,3,3:00am-3:59am,8,8,3,3:00am-3:59am,14,14,3,3:00am-3:59am,50,50,,,,,,,1,
2023,25,250191,Massachusetts,3,3,0,0,0,4,4,21,NORFOLK (21),153,BROOKLINE TOWN,20,20,8,August,2023,1,Sunday,14,2:00pm-2:59pm,43,43,1,This Section IS ON the NHS,2,Urban,3,Other Principal Arterial,1,State Highway Agency,3,State Highway,SR-9 BOYLSTON ST,WARREN ST,99998,Not Reported,42.32874167,42.32874167,-71.132597220,-71.13259722,0,No Special Jurisdiction,12,Motor Vehicle In-Transport,7,Sideswipe - Same Direction,0,No,2,Intersection,2,Four-Way Intersection,0,None,,,1,On Roadway,1,Daylight,,,,,1,Clear,0,No,0000000,Not Applicable,14,2:00pm-2:59pm,48,48,14,2:00pm-2:59pm,51,51,16,4:00pm-4:59pm,34,34,,,,,,,1,
2023,25,250192,Massachusetts,1,1,0,2,2,1,1,9,ESSEX (9),570,LAWRENCE,3,3,4,April,2023,2,Monday,15,3:00pm-3:59pm,34,34,0,This Section IS NOT on the NHS,2,Urban,4,Minor Arterial,3,Town or Township Highway Agency,95,Other,LAWRENCE ST,ERVING ST,99998,Not Reported,42.71434444,42.71434444,-71.163991670,-71.16399167,0,No Special Jurisdiction,8,Pedestrian,0,The First Harmful Event was Not a Collision with a Motor Vehicle in Transport,0,No,2,Intersection,3,T-Intersection,0,None,,,1,On Roadway,1,Daylight,,,,,1,Clear,0,No,0000000,Not Applicable,15,3:00pm-3:59pm,39,39,15,3:00pm-3:59pm,43,43,15,3:00pm-3:59pm,59,59,,,,,,,1,
2023,25,250193,Massachusetts,3,1,2,0,0,1,1,15,HAMPSHIRE (15),93,BELCHERTOWN,20,20,8,August,2023,1,Sunday,20,8:00pm-8:59pm,50,50,1,This Section IS ON the NHS,2,Urban,3,Other Principal Arterial,3,Town or Township Highway Agency,2,U.S. Highway,US-202 N MAIN ST,,350,350,42.28491667,42.28491667,-72.406769440,-72.40676944,0,No Special Jurisdiction,39,Wall,0,The First Harmful Event was Not a Collision with a Motor Vehicle in Transport,0,No,1,Non-Junction,1,Not an Intersection,0,None,,,4,On Roadside,2,Dark - Not Lighted,,,,,1,Clear,0,No,0000000,Not Applicable,20,8:00pm-8:59pm,50,50,20,8:00pm-8:59pm,54,54,88,"Not Applicable (Not Transported) ",88,Not Applicable (Not Transported),,,,,,,1,
2023,25,250194,Massachusetts,1,1,0,0,0,1,1,9,ESSEX (9),122,BOXFORD,24,24,8,August,2023,5,Thursday,0,0:00am-0:59am,53,53,0,This Section IS NOT on the NHS,2,Urban,7,Local,3,Town or Township Highway Agency,0,Not Signed,W DEPOT RD,,99998,Not Reported,42.66501111,42.66501111,-70.993322220,-70.99332222,0,No Special Jurisdiction,30,Utility Pole/Light Support,0,The First Harmful Event was Not a Collision with a Motor Vehicle in Transport,0,No,1,Non-Junction,1,Not an Intersection,0,None,,,4,On Roadside,2,Dark - Not Lighted,,,,,1,Clear,0,No,0000000,Not Applicable,0,0:00am-0:59am,56,56,1,1:00am-1:59am,15,15,88,"Not Applicable (Not Transported) ",88,Not Applicable (Not Transported),,,,,,,1,
2023,25,250195,Massachusetts,2,2,0,0,0,2,2,27,WORCESTER (27),186,CHARLTON CITY,25,25,8,August,2023,6,Friday,16,4:00pm-4:59pm,3,3,1,This Section IS ON the NHS,2,Urban,3,Other Principal Arterial,1,State Highway Agency,3,State Highway,SR-169 SOUTHBRIDGE RD,,71,71,42.11892222,42.11892222,-72.009388890,-72.00938889,0,No Special Jurisdiction,12,Motor Vehicle In-Transport,8,Sideswipe - Opposite Direction,0,No,1,Non-Junction,1,Not an Intersection,0,None,,,1,On Roadway,1,Daylight,,,,,2,Rain,0,No,0000000,Not Applicable,16,4:00pm-4:59pm,5,5,16,4:00pm-4:59pm,11,11,16,4:00pm-4:59pm,40,40,,,,,,,1,
2023,25,250196,Massachusetts,3,3,0,0,0,3,3,17,MIDDLESEX (17),310,EVERETT,25,25,8,August,2023,6,Friday,21,9:00pm-9:59pm,9,9,1,This Section IS ON the NHS,2,Urban,3,Other Principal Arterial,4,City or Municipal Highway Agency,3,State Highway,SR-99 BROADWAY ST,BEACHAM ST,22,22,42.39811111,42.39811111,-71.063694440,-71.06369444,0,No Special Jurisdiction,12,Motor Vehicle In-Transport,6,Angle,0,No,2,Intersection,2,Four-Way Intersection,0,None,,,1,On Roadway,3,Dark - Lighted,,,,,1,Clear,0,No,0000000,Not Applicable,21,9:00pm-9:59pm,12,12,21,9:00pm-9:59pm,19,19,99,Unknown,99,Unknown EMS Hospital Arrival Time,,,,,,,1,
2023,25,250198,Massachusetts,1,1,0,0,0,1,1,27,WORCESTER (27),1520,WORCESTER,25,25,2,February,2023,7,Saturday,8,8:00am-8:59am,6,6,0,This Section IS NOT on the NHS,2,Urban,4,Minor Arterial,3,Town or Township Highway Agency,95,Other,MOUNTAIN ST E,,99998,Not Reported,42.32085278,42.32085278,-71.786272220,-71.78627222,0,No Special Jurisdiction,30,Utility Pole/Light Support,0,The First Harmful Event was Not a Collision with a Motor Vehicle in Transport,0,No,1,Non-Junction,1,Not an Intersection,0,None,,,4,On Roadside,1,Daylight,,,,,1,Clear,0,No,0000000,Not Applicable,8,8:00am-8:59am,10,10,8,8:00am-8:59am,18,18,8,8:00am-8:59am,38,38,,,,,,,1,
2023,25,250199,Massachusetts,1,1,0,1,1,1,1,5,BRISTOL (5),315,FAIRHAVEN,28,28,2,February,2023,3,Tuesday,18,6:00pm-6:59pm,24,24,0,This Section IS NOT on the NHS,2,Urban,7,Local,3,Town or Township Highway Agency,95,Other,SCONTICUT NECK RD,,99998,Not Reported,41.63373333,41.63373333,-70.876816670,-70.87681667,0,No Special Jurisdiction,8,Pedestrian,0,The First Harmful Event was Not a Collision with a Motor Vehicle in Transport,0,No,1,Non-Junction,1,Not an Intersection,0,None,,,1,On Roadway,3,Dark - Lighted,,,,,2,Rain,0,No,0000000,Not Applicable,18,6:00pm-6:59pm,26,26,18,6:00pm-6:59pm,33,33,18,6:00pm-6:59pm,55,55,,,,,,,1,
2023,25,250200,Massachusetts,1,1,0,0,0,2,2,21,NORFOLK (21),94,BELLINGHAM,19,19,2,February,2023,1,Sunday,17,5:00pm-5:59pm,36,36,1,This Section IS ON the NHS,2,Urban,1,Interstate,1,State Highway Agency,1,Interstate,I-495,,99998,Not Reported,42.11389722,42.11389722,-71.466188890,-71.46618889,0,No Special Jurisdiction,35,Embankment,0,The First Harmful Event was Not a Collision with a Motor Vehicle in Transport,0,No,1,Non-Junction,1,Not an Intersection,0,None,,,3,On Median,5,Dusk,,,,,1,Clear,0,No,0000000,Not Applicable,17,5:00pm-5:59pm,35,35,17,5:00pm-5:59pm,48,48,18,6:00pm-6:59pm,15,15,,,,,,,1,
2023,25,250201,Massachusetts,1,1,0,0,0,1,1,23,PLYMOUTH (23),264,DUXBURY,29,29,1,January,2023,1,Sunday,4,4:00am-4:59am,22,22,1,This Section IS ON the NHS,2,Urban,2,Other Freeways and Expressways,1,State Highway Agency,3,State Highway,SR-3 N,,252,252,42.08903056,42.08903056,-70.745066670,-70.74506667,0,No Special Jurisdiction,34,Ditch,0,The First Harmful Event was Not a Collision with a Motor Vehicle in Transport,0,No,1,Non-Junction,1,Not an Intersection,0,None,,,4,On Roadside,2,Dark - Not Lighted,,,,,98,Not Reported,0,No,0000000,Not Applicable,4,4:00am-4:59am,24,24,4,4:00am-4:59am,33,33,4,4:00am-4:59am,47,47,,,,,,,1,
2023,25,250202,Massachusetts,1,1,0,1,1,1,1,23,PLYMOUTH (23),465,HANSON,24,24,8,August,2023,5,Thursday,15,3:00pm-3:59pm,56,56,0,This Section IS NOT on the NHS,2,Urban,5,Major Collector,3,Town or Township Highway Agency,95,Other,HIGH ST,,99998,Not Reported,42.06270000,42.06270000,-70.870841670,-70.87084167,0,No Special Jurisdiction,8,Pedestrian,0,The First Harmful Event was Not a Collision with a Motor Vehicle in Transport,0,No,1,Non-Junction,1,Not an Intersection,0,None,,,1,On Roadway,1,Daylight,,,,,1,Clear,0,No,0000000,Not Applicable,15,3:00pm-3:59pm,57,57,16,4:00pm-4:59pm,4,4,16,4:00pm-4:59pm,43,43,,,,,,,1,
2023,25,250203,Massachusetts,1,1,0,0,0,1,1,9,ESSEX (9),1110,SALEM,27,27,8,August,2023,1,Sunday,18,6:00pm-6:59pm,17,17,0,This Section IS NOT on the NHS,2,Urban,7,Local,4,City or Municipal Highway Agency,95,Other,PURITAN RD,,99998,Not Reported,42.51771944,42.51771944,-70.918638890,-70.91863889,0,No Special Jurisdiction,38,Fence,0,The First Harmful Event was Not a Collision with a Motor Vehicle in Transport,0,No,1,Non-Junction,1,Not an Intersection,0,None,,,5,Outside Trafficway,1,Daylight,,,,,1,Clear,0,No,0000000,Not Applicable,18,6:00pm-6:59pm,18,18,18,6:00pm-6:59pm,24,24,18,6:00pm-6:59pm,59,59,,,,,,,1,
2023,25,250204,Massachusetts,3,3,0,0,0,5,5,5,BRISTOL (5),895,NORTH ATTLEBORO,28,28,8,August,2023,2,Monday,16,4:00pm-4:59pm,7,7,1,This Section IS ON the NHS,2,Urban,1,Interstate,1,State Highway Agency,1,Interstate,I-95,,828,828,41.97855833,41.97855833,-71.294166670,-71.29416667,0,No Special Jurisdiction,12,Motor Vehicle In-Transport,7,Sideswipe - Same Direction,1,Yes,18,Through Roadway,1,Not an Intersection,0,None,,,1,On Roadway,1,Daylight,,,,,1,Clear,0,No,0000000,Not Applicable,16,4:00pm-4:59pm,16,16,16,4:00pm-4:59pm,21,21,17,5:00pm-5:59pm,2,2,,,,,,,1,
2023,25,250205,Massachusetts,1,1,0,1,1,1,1,17,MIDDLESEX (17),170,NEWTON,28,28,8,August,2023,2,Monday,17,5:00pm-5:59pm,24,24,1,This Section IS ON the NHS,2,Urban,3,Other Principal Arterial,4,City or Municipal Highway Agency,3,State Highway,SR-16 WATERTOWN ST,BRIDGE ST,3,3,42.36049444,42.36049444,-71.201711110,-71.20171111,0,No Special Jurisdiction,9,Pedalcyclist,0,The First Harmful Event was Not a Collision with a Motor Vehicle in Transport,0,No,2,Intersection,3,T-Intersection,0,None,,,1,On Roadway,1,Daylight,,,,,1,Clear,0,No,0000000,Not Applicable,17,5:00pm-5:59pm,26,26,17,5:00pm-5:59pm,29,29,17,5:00pm-5:59pm,57,57,,,,,,,1,
2023,25,250206,Massachusetts,2,2,0,0,0,2,2,17,MIDDLESEX (17),1510,WOBURN,29,29,8,August,2023,3,Tuesday,16,4:00pm-4:59pm,34,34,0,This Section IS NOT on the NHS,2,Urban,4,Minor Arterial,4,City or Municipal Highway Agency,0,Not Signed,WASHINGTON ST,WASHINGTON CIR,58,58,42.48291389,42.48291389,-71.120813890,-71.12081389,0,No Special Jurisdiction,12,Motor Vehicle In-Transport,6,Angle,0,No,2,Intersection,3,T-Intersection,0,None,,,1,On Roadway,1,Daylight,,,,,1,Clear,0,No,0000000,Not Applicable,16,4:00pm-4:59pm,37,37,16,4:00pm-4:59pm,39,39,16,4:00pm-4:59pm,57,57,,,,,,,1,
2023,25,250207,Massachusetts,2,2,0,0,0,2,2,5,BRISTOL (5),50,ATTLEBORO,30,30,8,August,2023,4,Wednesday,6,6:00am-6:59am,28,28,1,This Section IS ON the NHS,2,Urban,1,Interstate,1,State Highway Agency,1,Interstate,I-295,,31,31,41.95265833,41.95265833,-71.323108330,-71.32310833,0,No Special Jurisdiction,12,Motor Vehicle In-Transport,1,Front-to-Rear,0,No,1,Non-Junction,1,Not an Intersection,0,None,,,1,On Roadway,1,Daylight,,,,,2,Rain,0,No,0000000,Not Applicable,6,6:00am-6:59am,30,30,6,6:00am-6:59am,38,38,88,"Not Applicable (Not Transported) ",88,Not Applicable (Not Transported),,,,,,,1,
2023,25,250208,Massachusetts,1,1,0,0,0,1,1,13,HAMPDEN (13),335,FEEDING HILLS,31,31,8,August,2023,5,Thursday,6,6:00am-6:59am,9,9,0,This Section IS NOT on the NHS,2,Urban,4,Minor Arterial,1,State Highway Agency,3,State Highway,SR-159 MAIN ST,,99998,Not Reported,42.04173889,42.04173889,-72.616416670,-72.61641667,0,No Special Jurisdiction,30,Utility Pole/Light Support,0,The First Harmful Event was Not a Collision with a Motor Vehicle in Transport,0,No,1,Non-Junction,1,Not an Intersection,0,None,,,4,On Roadside,1,Daylight,,,,,1,Clear,0,No,0000000,Not Applicable,6,6:00am-6:59am,13,13,6,6:00am-6:59am,17,17,6,6:00am-6:59am,47,47,,,,,,,1,
2023,25,250209,Massachusetts,1,1,0,1,1,1,1,13,HAMPDEN (13),1270,SPRINGFIELD,31,31,8,August,2023,5,Thursday,20,8:00pm-8:59pm,6,6,0,This Section IS NOT on the NHS,2,Urban,4,Minor Arterial,4,City or Municipal Highway Agency,0,Not Signed,DICKINSON ST,,19,19,42.08936111,42.08936111,-72.562355560,-72.56235556,0,No Special Jurisdiction,8,Pedestrian,0,The First Harmful Event was Not a Collision with a Motor Vehicle in Transport,0,No,1,Non-Junction,1,Not an Intersection,0,None,,,1,On Roadway,3,Dark - Lighted,,,,,1,Clear,0,No,0000000,Not Applicable,20,8:00pm-8:59pm,8,8,20,8:00pm-8:59pm,19,19,21,9:00pm-9:59pm,40,40,,,,,,,1,
2023,25,250210,Massachusetts,2,2,0,0,0,2,2,1,BARNSTABLE (1),973,"OTIS ANGB, BARNSTABLE",11,11,6,June,2023,1,Sunday,13,1:00pm-1:59pm,41,41,1,This Section IS ON the NHS,2,Urban,3,Other Principal Arterial,3,Town or Township Highway Agency,0,Not Signed,BEARSES WAY,ENTERPRISE RD,15,15,41.66661389,41.66661389,-70.302961110,-70.30296111,0,No Special Jurisdiction,12,Motor Vehicle In-Transport,2,Front-to-Front,0,No,3,Intersection-Related,3,T-Intersection,0,None,,,1,On Roadway,1,Daylight,,,,,1,Clear,0,No,0000000,Not Applicable,13,1:00pm-1:59pm,42,42,13,1:00pm-1:59pm,45,45,14,2:00pm-2:59pm,4,4,,,,,,,1,
2023,25,250211,Massachusetts,1,1,0,1,1,4,4,13,HAMPDEN (13),1270,SPRINGFIELD,1,1,9,September,2023,6,Friday,19,7:00pm-7:59pm,59,59,0,This Section IS NOT on the NHS,2,Urban,4,Minor Arterial,4,City or Municipal Highway Agency,0,Not Signed,WORTHINGTON ST,,3,3,42.11425833,42.11425833,-72.575983330,-72.57598333,0,No Special Jurisdiction,8,Pedestrian,0,The First Harmful Event was Not a Collision with a Motor Vehicle in Transport,0,No,1,Non-Junction,1,Not an Intersection,0,None,,,1,On Roadway,3,Dark - Lighted,,,,,1,Clear,0,No,0000000,Not Applicable,20,8:00pm-8:59pm,8,8,20,8:00pm-8:59pm,12,12,88,"Not Applicable (Not Transported) ",88,Not Applicable (Not Transported),,,,,,,1,
2023,25,250212,Massachusetts,1,1,0,0,0,1,1,23,PLYMOUTH (23),264,DUXBURY,2,2,9,September,2023,7,Saturday,1,1:00am-1:59am,17,17,0,This Section IS NOT on the NHS,2,Urban,7,Local,3,Town or Township Highway Agency,0,Not Signed,NORTH ST,,11,11,42.08931111,42.08931111,-70.740641670,-70.74064167,0,No Special Jurisdiction,35,Embankment,0,The First Harmful Event was Not a Collision with a Motor Vehicle in Transport,0,No,1,Non-Junction,1,Not an Intersection,0,None,,,4,On Roadside,2,Dark - Not Lighted,,,,,1,Clear,0,No,0000000,Not Applicable,1,1:00am-1:59am,18,18,1,1:00am-1:59am,25,25,2,2:00am-2:59am,2,2,,,,,,,1,
2023,25,250213,Massachusetts,2,2,0,0,0,3,3,23,PLYMOUTH (23),475,HINGHAM,4,4,9,September,2023,2,Monday,16,4:00pm-4:59pm,50,50,0,This Section IS NOT on the NHS,2,Urban,5,Major Collector,3,Town or Township Highway Agency,0,Not Signed,NORTH ST,,14,14,42.23962222,42.23962222,-70.904644440,-70.90464444,0,No Special Jurisdiction,30,Utility Pole/Light Support,0,The First Harmful Event was Not a Collision with a Motor Vehicle in Transport,0,No,1,Non-Junction,1,Not an Intersection,0,None,,,4,On Roadside,1,Daylight,,,,,1,Clear,0,No,0000000,Not Applicable,16,4:00pm-4:59pm,50,50,16,4:00pm-4:59pm,53,53,17,5:00pm-5:59pm,7,7,,,,,,,1,
2023,25,250214,Massachusetts,1,1,0,0,0,1,1,5,BRISTOL (5),1268,SWANSEA,5,5,9,September,2023,3,Tuesday,3,3:00am-3:59am,0,0,0,This Section IS NOT on the NHS,2,Urban,7,Local,3,Town or Township Highway Agency,95,Other,BAKER RD,,99998,Not Reported,41.79822500,41.79822500,-71.186891670,-71.18689167,0,No Special Jurisdiction,39,Wall,0,The First Harmful Event was Not a Collision with a Motor Vehicle in Transport,0,No,1,Non-Junction,1,Not an Intersection,0,None,,,4,On Roadside,2,Dark - Not Lighted,,,,,10,Cloudy,0,No,0000000,Not Applicable,3,3:00am-3:59am,2,2,3,3:00am-3:59am,11,11,88,"Not Applicable (Not Transported) ",88,Not Applicable (Not Transported),,,,,,,1,
2023,25,250215,Massachusetts,1,1,0,0,0,3,3,23,PLYMOUTH (23),685,MARSHFIELD,5,5,9,September,2023,3,Tuesday,3,3:00am-3:59am,40,40,1,This Section IS ON the NHS,2,Urban,2,Other Freeways and Expressways,1,State Highway Agency,3,State Highway,SR-3,,657,657,42.10070278,42.10070278,-70.756163890,-70.75616389,0,No Special Jurisdiction,1,Rollover/Overturn,0,The First Harmful Event was Not a Collision with a Motor Vehicle in Transport,0,No,1,Non-Junction,1,Not an Intersection,0,None,,,3,On Median,2,Dark - Not Lighted,,,,,1,Clear,0,No,0000000,Not Applicable,3,3:00am-3:59am,40,40,3,3:00am-3:59am,44,44,3,3:00am-3:59am,52,52,,,,,,,1,
2023,25,250217,Massachusetts,2,2,0,0,0,2,2,21,NORFOLK (21),370,FOXBORO,5,5,9,September,2023,3,Tuesday,17,5:00pm-5:59pm,18,18,1,This Section IS ON the NHS,2,Urban,1,Interstate,1,State Highway Agency,1,Interstate,I-495,,868,868,42.03119444,42.03119444,-71.273555560,-71.27355556,0,No Special Jurisdiction,12,Motor Vehicle In-Transport,1,Front-to-Rear,0,No,1,Non-Junction,1,Not an Intersection,0,None,,,1,On Roadway,1,Daylight,,,,,1,Clear,0,No,0000000,Not Applicable,17,5:00pm-5:59pm,20,20,17,5:00pm-5:59pm,30,30,17,5:00pm-5:59pm,57,57,,,,,,,1,
2023,25,250218,Massachusetts,2,2,0,0,0,3,3,23,PLYMOUTH (23),1400,WEST BRIDGEWATER,13,13,9,September,2023,4,Wednesday,22,10:00pm-10:59pm,11,11,1,This Section IS ON the NHS,2,Urban,3,Other Principal Arterial,1,State Highway Agency,3,State Highway,SR-24 S,,274,274,42.00491944,42.00491944,-71.038088890,-71.03808889,0,No Special Jurisdiction,24,Guardrail Face,0,The First Harmful Event was Not a Collision with a Motor Vehicle in Transport,0,No,1,Non-Junction,1,Not an Intersection,0,None,,,4,On Roadside,2,Dark - Not Lighted,,,,,2,Rain,0,No,0000000,Not Applicable,22,10:00pm-10:59pm,15,15,22,10:00pm-10:59pm,20,20,22,10:00pm-10:59pm,46,46,,,,,,,1,
2023,25,250220,Massachusetts,1,1,0,0,0,1,1,13,HAMPDEN (13),1270,SPRINGFIELD,16,16,9,September,2023,7,Saturday,3,3:00am-3:59am,48,48,0,This Section IS NOT on the NHS,2,Urban,4,Minor Arterial,4,City or Municipal Highway Agency,95,Other,WALNUT ST,HANCOCK ST,99998,Not Reported,42.10145833,42.10145833,-72.567397220,-72.56739722,0,No Special Jurisdiction,26,Other Traffic Barrier,0,The First Harmful Event was Not a Collision with a Motor Vehicle in Transport,0,No,3,Intersection-Related,5,Traffic Circle,0,None,,,3,On Median,3,Dark - Lighted,,,,,1,Clear,0,No,0000000,Not Applicable,3,3:00am-3:59am,53,53,3,3:00am-3:59am,57,57,88,"Not Applicable (Not Transported) ",88,Not Applicable (Not Transported),,,,,,,1,
2023,25,250221,Massachusetts,1,1,0,0,0,1,1,27,WORCESTER (27),785,MILLBURY,25,25,9,September,2023,2,Monday,20,8:00pm-8:59pm,9,9,0,This Section IS NOT on the NHS,2,Urban,5,Major Collector,3,Town or Township Highway Agency,95,Other,W MAIN ST,,99998,Not Reported,42.17743889,42.17743889,-71.809888890,-71.80988889,0,No Special Jurisdiction,1,Rollover/Overturn,0,The First Harmful Event was Not a Collision with a Motor Vehicle in Transport,0,No,1,Non-Junction,1,Not an Intersection,0,None,,,5,Outside Trafficway,2,Dark - Not Lighted,,,,,1,Clear,0,No,0000000,Not Applicable,20,8:00pm-8:59pm,11,11,20,8:00pm-8:59pm,17,17,20,8:00pm-8:59pm,55,55,,,,,,,1,
2023,25,250222,Massachusetts,1,1,0,0,0,1,1,23,PLYMOUTH (23),475,HINGHAM,28,28,9,September,2023,5,Thursday,22,10:00pm-10:59pm,37,37,0,This Section IS NOT on the NHS,2,Urban,4,Minor Arterial,3,Town or Township Highway Agency,95,Other,DERBY ST,WHITING ST,99998,Not Reported,42.18064444,42.18064444,-70.900175000,-70.90017500,0,No Special Jurisdiction,33,Curb,0,The First Harmful Event was Not a Collision with a Motor Vehicle in Transport,0,No,3,Intersection-Related,2,Four-Way Intersection,0,None,,,3,On Median,3,Dark - Lighted,,,,,1,Clear,0,No,0000000,Not Applicable,22,10:00pm-10:59pm,37,37,22,10:00pm-10:59pm,42,42,23,11:00pm-11:59pm,0,0,,,,,,,1,
2023,25,250223,Massachusetts,2,2,0,0,0,3,3,13,HAMPDEN (13),210,CHICOPEE,2,2,10,October,2023,2,Monday,19,7:00pm-7:59pm,18,18,0,This Section IS NOT on the NHS,2,Urban,5,Major Collector,4,City or Municipal Highway Agency,95,Other,CHICOPEE ST,,99998,Not Reported,42.18472222,42.18472222,-72.611033330,-72.61103333,0,No Special Jurisdiction,12,Motor Vehicle In-Transport,6,Angle,0,No,1,Non-Junction,1,Not an Intersection,0,None,,,1,On Roadway,3,Dark - Lighted,,,,,1,Clear,0,No,0000000,Not Applicable,19,7:00pm-7:59pm,19,19,19,7:00pm-7:59pm,22,22,88,"Not Applicable (Not Transported) ",88,Not Applicable (Not Transported),,,,,,,1,
2023,25,250224,Massachusetts,2,2,0,0,0,4,4,27,WORCESTER (27),186,CHARLTON CITY,7,7,9,September,2023,5,Thursday,11,11:00am-11:59am,0,0,1,This Section IS ON the NHS,2,Urban,3,Other Principal Arterial,1,State Highway Agency,2,U.S. Highway,US-20 STURBRIDGE RD,NONE,982,982,42.13963056,42.13963056,-72.016438890,-72.01643889,0,No Special Jurisdiction,12,Motor Vehicle In-Transport,6,Angle,0,No,2,Intersection,3,T-Intersection,0,None,,,1,On Roadway,1,Daylight,,,,,1,Clear,0,No,0000000,Not Applicable,11,11:00am-11:59am,2,2,11,11:00am-11:59am,6,6,11,11:00am-11:59am,21,21,,,,,,,2,
2023,25,250225,Massachusetts,1,1,0,1,1,1,1,21,NORFOLK (21),125,QUINCY,8,8,9,September,2023,6,Friday,11,11:00am-11:59am,17,17,0,This Section IS NOT on the NHS,2,Urban,3,Other Principal Arterial,1,State Highway Agency,3,State Highway,SR-3A SOUTHERN ARTERY,,99998,Not Reported,42.25355000,42.25355000,-70.996327780,-70.99632778,0,No Special Jurisdiction,9,Pedalcyclist,0,The First Harmful Event was Not a Collision with a Motor Vehicle in Transport,0,No,4,Driveway Access,1,Not an Intersection,0,None,,,1,On Roadway,1,Daylight,,,,,1,Clear,0,No,0000000,Not Applicable,11,11:00am-11:59am,22,22,11,11:00am-11:59am,23,23,11,11:00am-11:59am,50,50,,,,,,,1,