caseyear,state,st_case,statename,ve_total,ve_forms,pvh_invl,peds,pernotmvit,permvit,persons,county,countyname,city,cityname,day,dayname,month,monthname,year,day_week,day_weekname,hour,hourname,minute,minutename,nhs,nhsname,rur_urb,rur_urbname,func_sys,func_sysname,rd_owner,rd_ownername,route,routename,tway_id,tway_id2,milept,mileptname,latitude,latitudename,longitud,longitudname,sp_jur,sp_jurname,harm_ev,harm_evname,man_coll,man_collname,reljct1,reljct1name,reljct2,reljct2name,typ_int,typ_intname,wrk_zone,wrk_zonename,road_fnc,road_fncname,rel_road,rel_roadname,lgt_cond,lgt_condname,weather1,weather1name,weather2,weather2name,weather,weathername,sch_bus,sch_busname,rail,railname,not_hour,not_hourname,not_min,not_minname,arr_hour,arr_hourname,arr_min,arr_minname,hosp_hr,hosp_hrname,hosp_mn,hosp_mnname,cf1,cf1name,cf2,cf2name,cf3,cf3name,fatals,drunk_dr
2023,25,250265,Massachusetts,2,2,0,0,0,2,2,5,BRISTOL (5),320,FALL RIVER,26,26,10,October,2023,5,Thursday,11,11:00am-11:59am,30,30,1,This Section IS ON the NHS,2,Urban,1,Interstate,1,State Highway Agency,1,Interstate,I-195,,146,146,41.68101944,41.68101944,-71.122161110,-71.12216111,0,No Special Jurisdiction,12,Motor Vehicle In-Transport,1,Front-to-Rear,1,Yes,18,Through Roadway,1,Not an Intersection,0,None,,,1,On Roadway,1,Daylight,,,,,1,Clear,0,No,0000000,Not Applicable,11,11:00am-11:59am,49,49,11,11:00am-11:59am,57,57,88,"Not Applicable (Not Transported) ",88,Not Applicable (Not Transported),,,,,,,1,
2023,25,250266,Massachusetts,2,2,0,0,0,3,3,13,HAMPDEN (13),1270,SPRINGFIELD,6,6,10,October,2023,6,Friday,18,6:00pm-6:59pm,0,0,0,This Section IS NOT on the NHS,2,Urban,3,Other Principal Arterial,4,City or Municipal Highway Agency,95,Other,PARKER ST,,99998,Not Reported,42.13959722,42.13959722,-72.496002780,-72.49600278,0,No Special Jurisdiction,12,Motor Vehicle In-Transport,2,Front-to-Front,0,No,8,Driveway Access Related,1,Not an Intersection,0,None,,,1,On Roadway,1,Daylight,,,,,1,Clear,0,No,0000000,Not Applicable,18,6:00pm-6:59pm,3,3,18,6:00pm-6:59pm,6,6,18,6:00pm-6:59pm,29,29,,,,,,,1,
2023,25,250267,Massachusetts,3,3,0,0,0,3,3,23,PLYMOUTH (23),130,BRIDGEWATER,12,12,10,October,2023,5,Thursday,16,4:00pm-4:59pm,15,15,1,This Section IS ON the NHS,2,Urban,3,Other Principal Arterial,1,State Highway Agency,3,State Highway,SR-18 S BEDFORD ST,,99998,Not Reported,41.96213889,41.96213889,-70.971427780,-70.97142778,0,No Special Jurisdiction,12,Motor Vehicle In-Transport,1,Front-to-Rear,0,No,4,Driveway Access,1,Not an Intersection,0,None,,,1,On Roadway,1,Daylight,,,,,1,Clear,0,No,0000000,Not Applicable,16,4:00pm-4:59pm,13,13,16,4:00pm-4:59pm,18,18,16,4:00pm-4:59pm,40,40,,,,,,,1,
2023,25,250268,Massachusetts,4,4,0,0,0,5,5,1,BARNSTABLE (1),694,MASHPEE,25,25,7,July,2023,3,Tuesday,13,1:00pm-1:59pm,22,22,1,This Section IS ON the NHS,2,Urban,3,Other Principal Arterial,3,Town or Township Highway Agency,3,State Highway,SR-151,,99998,Not Reported,41.61680278,41.61680278,-70.509591670,-70.50959167,0,No Special Jurisdiction,12,Motor Vehicle In-Transport,2,Front-to-Front,0,No,1,Non-Junction,1,Not an Intersection,0,None,,,1,On Roadway,1,Daylight,,,,,1,Clear,0,No,0000000,Not Applicable,13,1:00pm-1:59pm,22,22,13,1:00pm-1:59pm,25,25,14,2:00pm-2:59pm,4,4,,,,,,,1,
2023,25,250269,Massachusetts,1,1,0,1,1,3,3,1,BARNSTABLE (1),540,HYANNIS,27,27,9,September,2023,4,Wednesday,21,9:00pm-9:59pm,51,51,1,This Section IS ON the NHS,2,Urban,3,Other Principal Arterial,1,State Highway Agency,3,State Highway,SR-132 IYANNOUGH RD,SHOOTIFYING HILL RD,99998,Not Reported,41.68315556,41.68315556,-70.328047220,-70.32804722,0,No Special Jurisdiction,8,Pedestrian,0,The First Harmful Event was Not a Collision with a Motor Vehicle in Transport,0,No,2,Intersection,2,Four-Way Intersection,0,None,,,1,On Roadway,2,Dark - Not Lighted,,,,,1,Clear,0,No,0000000,Not Applicable,21,9:00pm-9:59pm,54,54,21,9:00pm-9:59pm,58,58,22,10:00pm-10:59pm,26,26,,,,,,,1,
2023,25,250270,Massachusetts,2,2,0,1,1,3,3,17,MIDDLESEX (17),660,MALDEN,19,19,10,October,2023,5,Thursday,12,12:00pm-12:59pm,54,54,0,This Section IS NOT on the NHS,2,Urban,5,Major Collector,4,City or Municipal Highway Agency,95,Other,MAIN ST,MOUNTAIN AVE,99998,Not Reported,42.43079722,42.43079722,-71.067702780,-71.06770278,0,No Special Jurisdiction,30,Utility Pole/Light Support,0,The First Harmful Event was Not a Collision with a Motor Vehicle in Transport,0,No,3,Intersection-Related,2,Four-Way Intersection,0,None,,,4,On Roadside,1,Daylight,,,,,1,Clear,0,No,0000000,Not Applicable,12,12:00pm-12:59pm,56,56,13,1:00pm-1:59pm,4,4,99,Unknown,99,Unknown EMS Hospital Arrival Time,,,,,,,1,
2023,25,250271,Massachusetts,1,1,0,1,1,1,1,13,HAMPDEN (13),1270,SPRINGFIELD,27,27,10,October,2023,6,Friday,18,6:00pm-6:59pm,24,24,0,This Section IS NOT on the NHS,2,Urban,3,Other Principal Arterial,4,City or Municipal Highway Agency,95,Other,STATE ST,,99998,Not Reported,42.10390278,42.10390278,-72.583675000,-72.58367500,0,No Special Jurisdiction,8,Pedestrian,0,The First Harmful Event was Not a Collision with a Motor Vehicle in Transport,0,No,1,Non-Junction,1,Not an Intersection,0,None,,,1,On Roadway,3,Dark - Lighted,,,,,1,Clear,0,No,0000000,Not Applicable,18,6:00pm-6:59pm,30,30,18,6:00pm-6:59pm,37,37,18,6:00pm-6:59pm,50,50,,,,,,,1,
2023,25,250272,Massachusetts,2,2,0,0,0,3,3,13,HAMPDEN (13),1270,SPRINGFIELD,6,6,11,November,2023,2,Monday,16,4:00pm-4:59pm,12,12,9,Unknown if This Section Is on the NHS,2,Urban,4,Minor Arterial,1,State Highway Agency,3,State Highway,SR-21 PARKER ST,VERGE ST,99998,Not Reported,42.14638611,42.14638611,-72.494186110,-72.49418611,0,No Special Jurisdiction,12,Motor Vehicle In-Transport,8,Sideswipe - Opposite Direction,0,No,2,Intersection,3,T-Intersection,0,None,,,1,On Roadway,1,Daylight,,,,,1,Clear,0,No,0000000,Not Applicable,16,4:00pm-4:59pm,16,16,16,4:00pm-4:59pm,23,23,17,5:00pm-5:59pm,1,1,,,,,,,1,
2023,25,250273,Massachusetts,1,1,0,1,1,1,1,27,WORCESTER (27),390,GARDNER,26,26,10,October,2023,5,Thursday,19,7:00pm-7:59pm,35,35,0,This Section IS NOT on the NHS,2,Urban,4,Minor Arterial,4,City or Municipal Highway Agency,0,Not Signed,CITY HALL AVE,PLEASANT ST,0,None,42.57480000,42.57480000,-71.995436110,-71.99543611,0,No Special Jurisdiction,8,Pedestrian,0,The First Harmful Event was Not a Collision with a Motor Vehicle in Transport,0,No,3,Intersection-Related,2,Four-Way Intersection,0,None,,,1,On Roadway,3,Dark - Lighted,,,,,1,Clear,0,No,0000000,Not Applicable,19,7:00pm-7:59pm,35,35,19,7:00pm-7:59pm,35,35,19,7:00pm-7:59pm,54,54,,,,,,,1,
2023,25,250274,Massachusetts,1,1,0,0,0,1,1,21,NORFOLK (21),1530,WRENTHAM,28,28,10,October,2023,7,Saturday,17,5:00pm-5:59pm,28,28,0,This Section IS NOT on the NHS,2,Urban,7,Local,3,Town or Township Highway Agency,0,Not Signed,SHEARS ST,,6,6,42.08092222,42.08092222,-71.330250000,-71.33025000,0,No Special Jurisdiction,42,Tree (Standing Only),0,The First Harmful Event was Not a Collision with a Motor Vehicle in Transport,0,No,1,Non-Junction,1,Not an Intersection,0,None,,,4,On Roadside,2,Dark - Not Lighted,,,,,1,Clear,0,No,0000000,Not Applicable,17,5:00pm-5:59pm,28,28,17,5:00pm-5:59pm,33,33,18,6:00pm-6:59pm,0,0,,,,,,,1,
2023,25,250275,Massachusetts,1,1,0,1,1,2,2,23,PLYMOUTH (23),140,BROCKTON,3,3,11,November,2023,6,Friday,6,6:00am-6:59am,35,35,1,This Section IS ON the NHS,2,Urban,3,Other Principal Arterial,1,State Highway Agency,3,State Highway,SR-27 PLEASANT ST,,99998,Not Reported,42.08915278,42.08915278,-71.044897220,-71.04489722,0,No Special Jurisdiction,8,Pedestrian,0,The First Harmful Event was Not a Collision with a Motor Vehicle in Transport,0,No,1,Non-Junction,1,Not an Intersection,0,None,,,1,On Roadway,3,Dark - Lighted,,,,,1,Clear,0,No,0000000,Not Applicable,6,6:00am-6:59am,37,37,6,6:00am-6:59am,41,41,6,6:00am-6:59am,58,58,,,,,,,1,
2023,25,250276,Massachusetts,3,3,0,0,0,7,7,9,ESSEX (9),570,LAWRENCE,9,9,11,November,2023,5,Thursday,21,9:00pm-9:59pm,17,17,1,This Section IS ON the NHS,2,Urban,1,Interstate,1,State Highway Agency,1,Interstate,I-495,,1003,1003,42.68952778,42.68952778,-71.141594440,-71.14159444,0,No Special Jurisdiction,12,Motor Vehicle In-Transport,1,Front-to-Rear,0,No,1,Non-Junction,1,Not an Intersection,0,None,,,1,On Roadway,3,Dark - Lighted,,,,,1,Clear,0,No,0000000,Not Applicable,21,9:00pm-9:59pm,20,20,21,9:00pm-9:59pm,25,25,88,"Not Applicable (Not Transported) ",88,Not Applicable (Not Transported),,,,,,,1,
2023,25,250277,Massachusetts,1,1,0,0,0,2,2,13,HAMPDEN (13),1270,SPRINGFIELD,13,13,11,November,2023,2,Monday,22,10:00pm-10:59pm,5,5,0,This Section IS NOT on the NHS,2,Urban,5,Major Collector,4,City or Municipal Highway Agency,0,Not Signed,GRAYSON DR,,5,5,42.12276111,42.12276111,-72.519761110,-72.51976111,0,No Special Jurisdiction,33,Curb,0,The First Harmful Event was Not a Collision with a Motor Vehicle in Transport,0,No,1,Non-Junction,1,Not an Intersection,0,None,,,4,On Roadside,3,Dark - Lighted,,,,,1,Clear,0,No,0000000,Not Applicable,22,10:00pm-10:59pm,12,12,22,10:00pm-10:59pm,18,18,22,10:00pm-10:59pm,45,45,,,,,,,1,
2023,25,250278,Massachusetts,1,1,0,0,0,1,1,7,DUKES (7),1442,WEST TISBURY,14,14,11,November,2023,3,Tuesday,22,10:00pm-10:59pm,33,33,0,This Section IS NOT on the NHS,1,Rural,5,Major Collector,1,State Highway Agency,0,Not Signed,STATE RD,,30,30,41.42093333,41.42093333,-70.664263890,-70.66426389,0,No Special Jurisdiction,42,Tree (Standing Only),0,The First Harmful Event was Not a Collision with a Motor Vehicle in Transport,0,No,1,Non-Junction,1,Not an Intersection,0,None,,,4,On Roadside,2,Dark - Not Lighted,,,,,1,Clear,0,No,0000000,Not Applicable,22,10:00pm-10:59pm,34,34,22,10:00pm-10:59pm,49,49,88,"Not Applicable (Not Transported) ",88,Not Applicable (Not Transported),,,,,,,1,
2023,25,250279,Massachusetts,1,1,0,1,1,3,3,5,BRISTOL (5),320,FALL RIVER,17,17,11,November,2023,6,Friday,5,5:00am-5:59am,15,15,1,This Section IS ON the NHS,2,Urban,2,Other Freeways and Expressways,1,State Highway Agency,3,State Highway,SR-24,,77,77,41.75140000,41.75140000,-71.119388890,-71.11938889,0,No Special Jurisdiction,8,Pedestrian,0,The First Harmful Event was Not a Collision with a Motor Vehicle in Transport,0,No,1,Non-Junction,1,Not an Intersection,0,None,,,1,On Roadway,2,Dark - Not Lighted,,,,,5,"Fog, Smog, Smoke",0,No,0000000,Not Applicable,5,5:00am-5:59am,25,25,5,5:00am-5:59am,32,32,88,"Not Applicable (Not Transported) ",88,Not Applicable (Not Transported),,,,,,,1,
2023,25,250280,Massachusetts,1,1,0,0,0,1,1,27,WORCESTER (27),1439,WESTMINSTER,9,9,11,November,2023,5,Thursday,21,9:00pm-9:59pm,16,16,0,This Section IS NOT on the NHS,2,Urban,7,Local,3,Town or Township Highway Agency,0,Not Signed,PIERCE RD,S ASHBURNHAM RD,99998,Not Reported,42.58643056,42.58643056,-71.903580560,-71.90358056,0,No Special Jurisdiction,42,Tree (Standing Only),0,The First Harmful Event was Not a Collision with a Motor Vehicle in Transport,0,No,3,Intersection-Related,3,T-Intersection,0,None,,,5,Outside Trafficway,2,Dark - Not Lighted,,,,,10,Cloudy,0,No,0000000,Not Applicable,21,9:00pm-9:59pm,18,18,21,9:00pm-9:59pm,22,22,88,"Not Applicable (Not Transported) ",88,Not Applicable (Not Transported),,,,,,,1,
2023,25,250281,Massachusetts,1,1,0,1,1,1,1,27,WORCESTER (27),1172,SHREWSBURY,3,3,9,September,2023,1,Sunday,17,5:00pm-5:59pm,41,41,0,This Section IS NOT on the NHS,2,Urban,7,Local,3,Town or Township Highway Agency,95,Other,JULIO DRIVE,,99998,Not Reported,42.29206667,42.29206667,-71.703500000,-71.70350000,0,No Special Jurisdiction,8,Pedestrian,0,The First Harmful Event was Not a Collision with a Motor Vehicle in Transport,0,No,1,Non-Junction,1,Not an Intersection,0,None,,,5,Outside Trafficway,1,Daylight,,,,,1,Clear,0,No,0000000,Not Applicable,17,5:00pm-5:59pm,43,43,17,5:00pm-5:59pm,54,54,18,6:00pm-6:59pm,12,12,,,,,,,1,
2023,25,250282,Massachusetts,1,1,0,2,2,0,0,17,MIDDLESEX (17),170,NEWTON,28,28,4,April,2023,6,Friday,10,10:00am-10:59am,8,8,0,This Section IS NOT on the NHS,2,Urban,4,Minor Arterial,4,City or Municipal Highway Agency,95,Other,WASHINGTON ST,,99998,Not Reported,42.35102222,42.35102222,-71.212261110,-71.21226111,0,No Special Jurisdiction,8,Pedestrian,0,The First Harmful Event was Not a Collision with a Motor Vehicle in Transport,0,No,4,Driveway Access,1,Not an Intersection,0,None,,,1,On Roadway,1,Daylight,,,,,1,Clear,0,No,0000000,Not Applicable,10,10:00am-10:59am,10,10,10,10:00am-10:59am,13,13,10,10:00am-10:59am,49,49,,,,,,,1,
2023,25,250283,Massachusetts,1,1,0,0,0,1,1,1,BARNSTABLE (1),694,MASHPEE,22,22,9,September,2023,6,Friday,22,10:00pm-10:59pm,54,54,0,This Section IS NOT on the NHS,2,Urban,5,Major Collector,3,Town or Township Highway Agency,0,Not Signed,OLD BARNSTABLE RD,,28,28,41.61228889,41.61228889,-70.522858330,-70.52285833,0,No Special Jurisdiction,59,"Traffic Sign Support ",0,The First Harmful Event was Not a Collision with a Motor Vehicle in Transport,0,No,1,Non-Junction,1,Not an Intersection,0,None,,,4,On Roadside,2,Dark - Not Lighted,,,,,10,Cloudy,0,No,0000000,Not Applicable,22,10:00pm-10:59pm,54,54,22,10:00pm-10:59pm,58,58,23,11:00pm-11:59pm,25,25,,,,,,,1,
2023,25,250284,Massachusetts,1,1,0,1,1,1,1,5,BRISTOL (5),299,EASTON,25,25,11,November,2023,7,Saturday,23,11:00pm-11:59pm,34,34,1,This Section IS ON the NHS,2,Urban,3,Other Principal Arterial,3,Town or Township Highway Agency,3,State Highway,SR-106 FOUNDRY ST,,113,113,42.02433611,42.02433611,-71.131850000,-71.13185000,0,No Special Jurisdiction,8,Pedestrian,0,The First Harmful Event was Not a Collision with a Motor Vehicle in Transport,0,No,1,Non-Junction,1,Not an Intersection,0,None,,,1,On Roadway,2,Dark - Not Lighted,,,,,1,Clear,0,No,0000000,Not Applicable,23,11:00pm-11:59pm,35,35,23,11:00pm-11:59pm,40,40,0,0:00am-0:59am,14,14,,,,,,,1,
2023,25,250285,Massachusetts,1,1,0,1,1,1,1,13,HAMPDEN (13),1270,SPRINGFIELD,29,29,11,November,2023,4,Wednesday,18,6:00pm-6:59pm,58,58,1,This Section IS ON the NHS,2,Urban,3,Other Principal Arterial,4,City or Municipal Highway Agency,0,Not Signed,BELMONT AVE,,26,26,42.08753889,42.08753889,-72.565213890,-72.56521389,0,No Special Jurisdiction,8,Pedestrian,0,The First Harmful Event was Not a Collision with a Motor Vehicle in Transport,0,No,1,Non-Junction,1,Not an Intersection,0,None,,,1,On Roadway,3,Dark - Lighted,,,,,1,Clear,0,No,0000000,Not Applicable,19,7:00pm-7:59pm,1,1,19,7:00pm-7:59pm,8,8,19,7:00pm-7:59pm,28,28,,,,,,,1,
2023,25,250286,Massachusetts,1,1,0,0,0,1,1,13,HAMPDEN (13),1270,SPRINGFIELD,29,29,11,November,2023,4,Wednesday,20,8:00pm-8:59pm,16,16,0,This Section IS NOT on the NHS,2,Urban,5,Major Collector,4,City or Municipal Highway Agency,0,Not Signed,PLUMTREE RD,,6,6,42.09642500,42.09642500,-72.536291670,-72.53629167,0,No Special Jurisdiction,5,Fell/Jumped from Vehicle,0,The First Harmful Event was Not a Collision with a Motor Vehicle in Transport,0,No,1,Non-Junction,1,Not an Intersection,0,None,,,1,On Roadway,3,Dark - Lighted,,,,,1,Clear,0,No,0000000,Not Applicable,20,8:00pm-8:59pm,22,22,20,8:00pm-8:59pm,28,28,20,8:00pm-8:59pm,40,40,,,,,,,1,
2023,25,250288,Massachusetts,2,2,0,0,0,2,2,27,WORCESTER (27),1380,WEBSTER,2,2,12,December,2023,7,Saturday,22,10:00pm-10:59pm,14,14,1,This Section IS ON the NHS,2,Urban,1,Interstate,1,State Highway Agency,1,Interstate,I-395,,92,92,42.06309167,42.06309167,-71.859500000,-71.85950000,0,No Special Jurisdiction,12,Motor Vehicle In-Transport,2,Front-to-Front,1,Yes,18,Through Roadway,1,Not an Intersection,0,None,,,1,On Roadway,2,Dark - Not Lighted,,,,,5,"Fog, Smog, Smoke",0,No,0000000,Not Applicable,22,10:00pm-10:59pm,16,16,22,10:00pm-10:59pm,23,23,88,"Not Applicable (Not Transported) ",88,Not Applicable (Not Transported),,,,,,,2,
2023,25,250289,Massachusetts,1,1,0,0,0,1,1,21,NORFOLK (21),1140,SHARON,4,4,12,December,2023,2,Monday,18,6:00pm-6:59pm,7,7,1,This Section IS ON the NHS,2,Urban,1,Interstate,1,State Highway Agency,1,Interstate,I-95,,324,324,42.09000000,42.09000000,-71.222630560,-71.22263056,0,No Special Jurisdiction,18,Other Object (not fixed),0,The First Harmful Event was Not a Collision with a Motor Vehicle in Transport,1,Yes,19,Other location within Interchange Area,1,Not an Intersection,0,None,,,8,Gore,2,Dark - Not Lighted,,,,,10,Cloudy,0,No,0000000,Not Applicable,18,6:00pm-6:59pm,7,7,18,6:00pm-6:59pm,15,15,19,7:00pm-7:59pm,10,10,,,,,,,1,
2023,25,250290,Massachusetts,2,2,0,0,0,5,5,17,MIDDLESEX (17),170,NEWTON,28,28,8,August,2023,2,Monday,20,8:00pm-8:59pm,47,47,0,This Section IS NOT on the NHS,2,Urban,4,Minor Arterial,4,City or Municipal Highway Agency,95,Other,PUTNAM AVE,PLEASANT ST,99998,Not Reported,42.36007778,42.36007778,-71.112875000,-71.11287500,0,No Special Jurisdiction,12,Motor Vehicle In-Transport,2,Front-to-Front,0,No,2,Intersection,2,Four-Way Intersection,0,None,,,1,On Roadway,3,Dark - Lighted,,,,,10,Cloudy,0,No,0000000,Not Applicable,20,8:00pm-8:59pm,50,50,20,8:00pm-8:59pm,54,54,21,9:00pm-9:59pm,24,24,,,,,,,1,
2023,25,250291,Massachusetts,1,1,0,1,1,1,1,25,SUFFOLK (25),120,BOSTON,25,25,11,November,2023,7,Saturday,22,10:00pm-10:59pm,45,45,1,This Section IS ON the NHS,2,Urban,3,Other Principal Arterial,1,State Highway Agency,3,State Highway,SR-28 BLUE HILL AVE,AMERICAN LEGION HWY,99998,Not Reported,42.29838333,42.29838333,-71.086761110,-71.08676111,0,No Special Jurisdiction,8,Pedestrian,0,The First Harmful Event was Not a Collision with a Motor Vehicle in Transport,0,No,3,Intersection-Related,3,T-Intersection,0,None,,,1,On Roadway,3,Dark - Lighted,,,,,1,Clear,0,No,0000000,Not Applicable,22,10:00pm-10:59pm,45,45,22,10:00pm-10:59pm,46,46,23,11:00pm-11:59pm,8,8,,,,,,,2,
2023,25,250292,Massachusetts,3,3,0,0,0,6,6,27,WORCESTER (27),1520,WORCESTER,29,29,9,September,2023,6,Friday,15,3:00pm-3:59pm,23,23,1,This Section IS ON the NHS,2,Urban,3,Other Principal Arterial,1,State Highway Agency,2,U.S. Highway,US-20 EB SW CUTOFF,,99998,Not Reported,42.22130556,42.22130556,-71.772930560,-71.77293056,0,No Special Jurisdiction,12,Motor Vehicle In-Transport,6,Angle,0,No,1,Non-Junction,1,Not an Intersection,0,None,,,1,On Roadway,1,Daylight,,,,,2,Rain,1,Yes,0000000,Not Applicable,15,3:00pm-3:59pm,28,28,15,3:00pm-3:59pm,57,57,16,4:00pm-4:59pm,7,7,,,,,,,1,
2023,25,250293,Massachusetts,1,1,0,0,0,1,1,21,NORFOLK (21),1382,WELLESLEY,6,6,12,December,2023,4,Wednesday,7,7:00am-7:59am,16,16,1,This Section IS ON the NHS,2,Urban,3,Other Principal Arterial,1,State Highway Agency,3,State Highway,SR-9 WORCESTER ST,,99998,Not Reported,42.31529722,42.31529722,-71.250563890,-71.25056389,0,No Special Jurisdiction,30,Utility Pole/Light Support,0,The First Harmful Event was Not a Collision with a Motor Vehicle in Transport,0,No,1,Non-Junction,1,Not an Intersection,0,None,,,5,Outside Trafficway,4,Dawn,,,,,10,Cloudy,0,No,0000000,Not Applicable,7,7:00am-7:59am,21,21,7,7:00am-7:59am,23,23,7,7:00am-7:59am,44,44,,,,,,,1,
2023,25,250294,Massachusetts,1,1,0,0,0,1,1,11,FRANKLIN (11),960,ORANGE,7,7,12,December,2023,5,Thursday,10,10:00am-10:59am,33,33,0,This Section IS NOT on the NHS,2,Urban,5,Major Collector,3,Town or Township Highway Agency,95,Other,TULLY RD,,99998,Not Reported,42.63230000,42.63230000,-72.246013890,-72.24601389,0,No Special Jurisdiction,42,Tree (Standing Only),0,The First Harmful Event was Not a Collision with a Motor Vehicle in Transport,0,No,1,Non-Junction,1,Not an Intersection,0,None,,,4,On Roadside,1,Daylight,,,,,10,Cloudy,0,No,0000000,Not Applicable,10,10:00am-10:59am,36,36,10,10:00am-10:59am,44,44,11,11:00am-11:59am,7,7,,,,,,,1,
2023,25,250295,Massachusetts,1,1,0,0,0,1,1,9,ESSEX (9),774,MIDDLETON,6,6,12,December,2023,4,Wednesday,12,12:00pm-12:59pm,38,38,1,This Section IS ON the NHS,2,Urban,3,Other Principal Arterial,1,State Highway Agency,3,State Highway,SR-114 EB NORTH MAIN ST,,99998,Not Reported,42.61576944,42.61576944,-71.046213890,-71.04621389,0,No Special Jurisdiction,17,Boulder,0,The First Harmful Event was Not a Collision with a Motor Vehicle in Transport,0,No,1,Non-Junction,1,Not an Intersection,0,None,,,4,On Roadside,1,Daylight,,,,,1,Clear,0,No,0000000,Not Applicable,12,12:00pm-12:59pm,38,38,12,12:00pm-12:59pm,43,43,13,1:00pm-1:59pm,17,17,,,,,,,1,
2023,25,250296,Massachusetts,3,1,2,0,0,3,3,17,MIDDLESEX (17),1340,WALTHAM,9,9,12,December,2023,7,Saturday,23,11:00pm-11:59pm,57,57,0,This Section IS NOT on the NHS,2,Urban,3,Other Principal Arterial,4,City or Municipal Highway Agency,95,Other,MOODY ST,,99998,Not Reported,42.37256111,42.37256111,-71.236636110,-71.23663611,0,No Special Jurisdiction,14,Parked Motor Vehicle,0,The First Harmful Event was Not a Collision with a Motor Vehicle in Transport,0,No,1,Non-Junction,1,Not an Intersection,0,None,,,7,In Parking Lane/Zone,3,Dark - Lighted,,,,,10,Cloudy,0,No,0000000,Not Applicable,23,11:00pm-11:59pm,58,58,0,0:00am-0:59am,1,1,88,"Not Applicable (Not Transported) ",88,Not Applicable (Not Transported),,,,,,,1,
2023,25,250297,Massachusetts,1,1,0,0,0,4,4,9,ESSEX (9),774,MIDDLETON,6,6,12,December,2023,4,Wednesday,21,9:00pm-9:59pm,59,59,9,Unknown if This Section Is on the NHS,2,Urban,7,Local,3,Town or Township Highway Agency,95,Other,N LIBERTY ST,,99998,Not Reported,42.63364167,42.63364167,-71.030111110,-71.03011111,0,No Special Jurisdiction,42,Tree (Standing Only),0,The First Harmful Event was Not a Collision with a Motor Vehicle in Transport,0,No,1,Non-Junction,1,Not an Intersection,0,None,,,4,On Roadside,2,Dark - Not Lighted,,,,,1,Clear,0,No,0000000,Not Applicable,21,9:00pm-9:59pm,59,59,22,10:00pm-10:59pm,31,31,23,11:00pm-11:59pm,11,11,,,,,,,1,
2023,25,250298,Massachusetts,1,1,0,0,0,1,1,17,MIDDLESEX (17),1297,TOWNSEND,15,15,12,December,2023,6,Friday,20,8:00pm-8:59pm,47,47,0,This Section IS NOT on the NHS,2,Urban,7,Local,3,Town or Township Highway Agency,95,Other,HIGHLAND ST,WALLACE HILL RD,99998,Not Reported,42.67194444,42.67194444,-71.675277780,-71.67527778,0,No Special Jurisdiction,42,Tree (Standing Only),0,The First Harmful Event was Not a Collision with a Motor Vehicle in Transport,0,No,3,Intersection-Related,3,T-Intersection,0,None,,,4,On Roadside,3,Dark - Lighted,,,,,1,Clear,0,No,0000000,Not Applicable,20,8:00pm-8:59pm,49,49,20,8:00pm-8:59pm,56,56,88,"Not Applicable (Not Transported) ",88,Not Applicable (Not Transported),,,,,,,1,
2023,25,250299,Massachusetts,1,1,0,0,0,1,1,15,HAMPSHIRE (15),295,EASTHAMPTON,12,12,12,December,2023,3,Tuesday,6,6:00am-6:59am,39,39,0,This Section IS NOT on the NHS,2,Urban,5,Major Collector,3,Town or Township Highway Agency,95,Other,POMEROY MEADOWS RD,WEST ST,99998,Not Reported,42.26877778,42.26877778,-72.693875000,-72.69387500,0,No Special Jurisdiction,24,Guardrail Face,0,The First Harmful Event was Not a Collision with a Motor Vehicle in Transport,0,No,3,Intersection-Related,2,Four-Way Intersection,0,None,,,4,On Roadside,4,Dawn,,,,,10,Cloudy,0,No,0000000,Not Applicable,7,7:00am-7:59am,50,50,7,7:00am-7:59am,55,55,88,"Not Applicable (Not Transported) ",88,Not Applicable (Not Transported),,,,,,,1,
2023,25,250300,Massachusetts,1,1,0,0,0,2,2,21,NORFOLK (21),825,MILTON,17,17,12,December,2023,1,Sunday,23,11:00pm-11:59pm,50,50,1,This Section IS ON the NHS,2,Urban,1,Interstate,1,State Highway Agency,1,Interstate,I-93 S,,99998,Not Reported,42.26352500,42.26352500,-71.045250000,-71.04525000,0,No Special Jurisdiction,26,Other Traffic Barrier,0,The First Harmful Event was Not a Collision with a Motor Vehicle in Transport,0,No,1,Non-Junction,1,Not an Intersection,0,None,,,10,Separator,3,Dark - Lighted,,,,,2,Rain,0,No,0000000,Not Applicable,0,0:00am-0:59am,0,0,0,0:00am-0:59am,5,5,0,0:00am-0:59am,33,33,,,,,,,1,
2023,25,250301,Massachusetts,1,1,0,1,1,1,1,5,BRISTOL (5),1185,SOMERSET,13,13,12,December,2023,4,Wednesday,21,9:00pm-9:59pm,27,27,0,This Section IS NOT on the NHS,2,Urban,5,Major Collector,3,Town or Township Highway Agency,95,Other,BRAYTON POINT RD,WILBUR AVE,99998,Not Reported,41.72355000,41.72355000,-71.178841670,-71.17884167,0,No Special Jurisdiction,8,Pedestrian,0,The First Harmful Event was Not a Collision with a Motor Vehicle in Transport,0,No,3,Intersection-Related,2,Four-Way Intersection,0,None,,,1,On Roadway,3,Dark - Lighted,,,,,1,Clear,0,No,0000000,Not Applicable,21,9:00pm-9:59pm,27,27,21,9:00pm-9:59pm,33,33,21,9:00pm-9:59pm,48,48,,,,,,,1,